name,description,genre,imageUrl,gameUrl,isActive
Wild Racer,The ultimate Arcade experience awaits you in Wild Racer.,Arcade,https://example.com/images/wild-racer-1.jpg,https://example.com/games/wild-racer-1,True
Mega Pirate,The ultimate Horror experience awaits you in Mega Pirate.,Horror,https://example.com/images/mega-pirate-2.jpg,https://example.com/games/mega-pirate-2,True
Super Robot,The ultimate Strategy experience awaits you in Super Robot.,Strategy,https://example.com/images/super-robot-3.jpg,https://example.com/games/super-robot-3,True
Furious Farm,The ultimate Action experience awaits you in Furious Farm.,Action,https://example.com/images/furious-farm-4.jpg,https://example.com/games/furious-farm-4,True
Cyber Detective,Experience the thrill of Detective in this top-rated Strategy adventure.,Strategy,https://example.com/images/cyber-detective-5.jpg,https://example.com/games/cyber-detective-5,True
Epic Robot,A masterful Puzzle journey where you must become the ultimate Robot.,Puzzle,https://example.com/images/epic-robot-6.jpg,https://example.com/games/epic-robot-6,True
Furious Ninja,Experience the thrill of Ninja in this top-rated Adventure adventure.,Adventure,https://example.com/images/furious-ninja-7.jpg,https://example.com/games/furious-ninja-7,False
Dark Racer,A masterful RPG journey where you must become the ultimate Racer.,RPG,https://example.com/images/dark-racer-8.jpg,https://example.com/games/dark-racer-8,True
Furious Pilot,Join millions of players in this Sports classic focused on conquer and pilots.,Sports,https://example.com/images/furious-pilot-9.jpg,https://example.com/games/furious-pilot-9,False
Light Chef,Experience the thrill of Chef in this top-rated Action adventure.,Action,https://example.com/images/light-chef-10.jpg,https://example.com/games/light-chef-10,False
Crystal Pirate,The ultimate Puzzle experience awaits you in Crystal Pirate.,Puzzle,https://example.com/images/crystal-pirate-11.jpg,https://example.com/games/crystal-pirate-11,True
Mega Dungeon,A masterful Horror journey where you must become the ultimate Dungeon.,Horror,https://example.com/images/mega-dungeon-12.jpg,https://example.com/games/mega-dungeon-12,True
Light Pilot,Experience the thrill of Pilot in this top-rated Strategy adventure.,Strategy,https://example.com/images/light-pilot-13.jpg,https://example.com/games/light-pilot-13,True
Epic Pilot,A masterful Puzzle journey where you must become the ultimate Pilot.,Puzzle,https://example.com/images/epic-pilot-14.jpg,https://example.com/games/epic-pilot-14,True
Tiny Legend,A masterful Puzzle journey where you must become the ultimate Legend.,Puzzle,https://example.com/images/tiny-legend-15.jpg,https://example.com/games/tiny-legend-15,True
Tiny Hero,The ultimate Arcade experience awaits you in Tiny Hero.,Arcade,https://example.com/images/tiny-hero-16.jpg,https://example.com/games/tiny-hero-16,False
Epic Pilot,A masterful Horror journey where you must become the ultimate Pilot.,Horror,https://example.com/images/epic-pilot-17.jpg,https://example.com/games/epic-pilot-17,True
Mega Zombie,Join millions of players in this Racing classic focused on survive and zombies.,Racing,https://example.com/images/mega-zombie-18.jpg,https://example.com/games/mega-zombie-18,True
Crystal Ninja,A masterful Strategy journey where you must become the ultimate Ninja.,Strategy,https://example.com/images/crystal-ninja-19.jpg,https://example.com/games/crystal-ninja-19,True
Light Chef,Fight your way to victory in this exciting Simulation game featuring the legendary Chef.,Simulation,https://example.com/images/light-chef-20.jpg,https://example.com/games/light-chef-20,True
Crystal Empire,A masterful Puzzle journey where you must become the ultimate Empire.,Puzzle,https://example.com/images/crystal-empire-21.jpg,https://example.com/games/crystal-empire-21,True
Wild City,Manage your way to victory in this exciting Sports game featuring the legendary City.,Sports,https://example.com/images/wild-city-22.jpg,https://example.com/games/wild-city-22,True
Cosmic Empire,Experience the thrill of Empire in this top-rated Arcade adventure.,Arcade,https://example.com/images/cosmic-empire-23.jpg,https://example.com/games/cosmic-empire-23,True
Golden Legend,Explore your way to victory in this exciting RPG game featuring the legendary Legend.,RPG,https://example.com/images/golden-legend-24.jpg,https://example.com/games/golden-legend-24,False
Super Chef,Survive your way to victory in this exciting Horror game featuring the legendary Chef.,Horror,https://example.com/images/super-chef-25.jpg,https://example.com/games/super-chef-25,True
Cyber Warrior,Explore your way to victory in this exciting Puzzle game featuring the legendary Warrior.,Puzzle,https://example.com/images/cyber-warrior-26.jpg,https://example.com/games/cyber-warrior-26,True
Wild Legend,Join millions of players in this Racing classic focused on defend and legends.,Racing,https://example.com/images/wild-legend-27.jpg,https://example.com/games/wild-legend-27,True
Silent Dungeon,A masterful Action journey where you must become the ultimate Dungeon.,Action,https://example.com/images/silent-dungeon-28.jpg,https://example.com/games/silent-dungeon-28,True
Epic Robot,A masterful RPG journey where you must become the ultimate Robot.,RPG,https://example.com/images/epic-robot-29.jpg,https://example.com/games/epic-robot-29,True
Light Builder,The ultimate Sports experience awaits you in Light Builder.,Sports,https://example.com/images/light-builder-30.jpg,https://example.com/games/light-builder-30,True
Cosmic Warrior,The ultimate Puzzle experience awaits you in Cosmic Warrior.,Puzzle,https://example.com/images/cosmic-warrior-31.jpg,https://example.com/games/cosmic-warrior-31,True
Medieval Racer,Join millions of players in this Arcade classic focused on fight and racers.,Arcade,https://example.com/images/medieval-racer-32.jpg,https://example.com/games/medieval-racer-32,True
Iron Detective,Explore your way to victory in this exciting Puzzle game featuring the legendary Detective.,Puzzle,https://example.com/images/iron-detective-33.jpg,https://example.com/games/iron-detective-33,True
Epic Pilot,Explore your way to victory in this exciting Strategy game featuring the legendary Pilot.,Strategy,https://example.com/images/epic-pilot-34.jpg,https://example.com/games/epic-pilot-34,False
Dark Robot,A masterful Action journey where you must become the ultimate Robot.,Action,https://example.com/images/dark-robot-35.jpg,https://example.com/games/dark-robot-35,True
Silent Pilot,Experience the thrill of Pilot in this top-rated Puzzle adventure.,Puzzle,https://example.com/images/silent-pilot-36.jpg,https://example.com/games/silent-pilot-36,True
Golden Hero,Experience the thrill of Hero in this top-rated Racing adventure.,Racing,https://example.com/images/golden-hero-37.jpg,https://example.com/games/golden-hero-37,True
Golden Racer,A masterful Strategy journey where you must become the ultimate Racer.,Strategy,https://example.com/images/golden-racer-38.jpg,https://example.com/games/golden-racer-38,True
Neon Warrior,A masterful Action journey where you must become the ultimate Warrior.,Action,https://example.com/images/neon-warrior-39.jpg,https://example.com/games/neon-warrior-39,True
Super Ninja,Join millions of players in this Adventure classic focused on manage and ninjas.,Adventure,https://example.com/images/super-ninja-40.jpg,https://example.com/games/super-ninja-40,False
Super Dungeon,Experience the thrill of Dungeon in this top-rated Horror adventure.,Horror,https://example.com/images/super-dungeon-41.jpg,https://example.com/games/super-dungeon-41,True
Light City,Join millions of players in this Action classic focused on manage and citys.,Action,https://example.com/images/light-city-42.jpg,https://example.com/games/light-city-42,True
Neon Builder,Survive your way to victory in this exciting Action game featuring the legendary Builder.,Action,https://example.com/images/neon-builder-43.jpg,https://example.com/games/neon-builder-43,True
Cosmic Ninja,The ultimate Simulation experience awaits you in Cosmic Ninja.,Simulation,https://example.com/images/cosmic-ninja-44.jpg,https://example.com/games/cosmic-ninja-44,True
Neon Zombie,Join millions of players in this Adventure classic focused on solve and zombies.,Adventure,https://example.com/images/neon-zombie-45.jpg,https://example.com/games/neon-zombie-45,True
Cyber Builder,Join millions of players in this Racing classic focused on destroy and builders.,Racing,https://example.com/images/cyber-builder-46.jpg,https://example.com/games/cyber-builder-46,True
Golden Ninja,The ultimate Adventure experience awaits you in Golden Ninja.,Adventure,https://example.com/images/golden-ninja-47.jpg,https://example.com/games/golden-ninja-47,True
Wild Pilot,Conquer your way to victory in this exciting Action game featuring the legendary Pilot.,Action,https://example.com/images/wild-pilot-48.jpg,https://example.com/games/wild-pilot-48,True
Iron Hero,Join millions of players in this Adventure classic focused on manage and heros.,Adventure,https://example.com/images/iron-hero-49.jpg,https://example.com/games/iron-hero-49,True
Light Zombie,Experience the thrill of Zombie in this top-rated Action adventure.,Action,https://example.com/images/light-zombie-50.jpg,https://example.com/games/light-zombie-50,True
Crystal Robot,Explore your way to victory in this exciting Horror game featuring the legendary Robot.,Horror,https://example.com/images/crystal-robot-51.jpg,https://example.com/games/crystal-robot-51,False
Crystal Zombie,Experience the thrill of Zombie in this top-rated Simulation adventure.,Simulation,https://example.com/images/crystal-zombie-52.jpg,https://example.com/games/crystal-zombie-52,True
Cyber Legend,Solve your way to victory in this exciting Puzzle game featuring the legendary Legend.,Puzzle,https://example.com/images/cyber-legend-53.jpg,https://example.com/games/cyber-legend-53,True
Cosmic Hero,The ultimate Arcade experience awaits you in Cosmic Hero.,Arcade,https://example.com/images/cosmic-hero-54.jpg,https://example.com/games/cosmic-hero-54,True
Mega Ninja,Explore your way to victory in this exciting Horror game featuring the legendary Ninja.,Horror,https://example.com/images/mega-ninja-55.jpg,https://example.com/games/mega-ninja-55,True
Cyber Ninja,Experience the thrill of Ninja in this top-rated Horror adventure.,Horror,https://example.com/images/cyber-ninja-56.jpg,https://example.com/games/cyber-ninja-56,True
Dark Pirate,The ultimate Arcade experience awaits you in Dark Pirate.,Arcade,https://example.com/images/dark-pirate-57.jpg,https://example.com/games/dark-pirate-57,True
Golden Pilot,Race your way to victory in this exciting Adventure game featuring the legendary Pilot.,Adventure,https://example.com/images/golden-pilot-58.jpg,https://example.com/games/golden-pilot-58,True
Light Ninja,Experience the thrill of Ninja in this top-rated Sports adventure.,Sports,https://example.com/images/light-ninja-59.jpg,https://example.com/games/light-ninja-59,True
Neon Hero,Experience the thrill of Hero in this top-rated Adventure adventure.,Adventure,https://example.com/images/neon-hero-60.jpg,https://example.com/games/neon-hero-60,False
Mega Chef,Join millions of players in this Simulation classic focused on defend and chefs.,Simulation,https://example.com/images/mega-chef-61.jpg,https://example.com/games/mega-chef-61,True
Golden Builder,The ultimate Sports experience awaits you in Golden Builder.,Sports,https://example.com/images/golden-builder-62.jpg,https://example.com/games/golden-builder-62,False
Cosmic Empire,Experience the thrill of Empire in this top-rated Strategy adventure.,Strategy,https://example.com/images/cosmic-empire-63.jpg,https://example.com/games/cosmic-empire-63,False
Super Dungeon,The ultimate Strategy experience awaits you in Super Dungeon.,Strategy,https://example.com/images/super-dungeon-64.jpg,https://example.com/games/super-dungeon-64,True
Iron Hero,The ultimate Sports experience awaits you in Iron Hero.,Sports,https://example.com/images/iron-hero-65.jpg,https://example.com/games/iron-hero-65,True
Dark Farm,A masterful Arcade journey where you must become the ultimate Farm.,Arcade,https://example.com/images/dark-farm-66.jpg,https://example.com/games/dark-farm-66,True
Dark Robot,A masterful Arcade journey where you must become the ultimate Robot.,Arcade,https://example.com/images/dark-robot-67.jpg,https://example.com/games/dark-robot-67,False
Silent Pirate,Experience the thrill of Pirate in this top-rated Horror adventure.,Horror,https://example.com/images/silent-pirate-68.jpg,https://example.com/games/silent-pirate-68,True
Light Dungeon,Join millions of players in this Strategy classic focused on race and dungeons.,Strategy,https://example.com/images/light-dungeon-69.jpg,https://example.com/games/light-dungeon-69,True
Crystal Pilot,Fight your way to victory in this exciting Puzzle game featuring the legendary Pilot.,Puzzle,https://example.com/images/crystal-pilot-70.jpg,https://example.com/games/crystal-pilot-70,True
Tiny Pirate,Experience the thrill of Pirate in this top-rated Puzzle adventure.,Puzzle,https://example.com/images/tiny-pirate-71.jpg,https://example.com/games/tiny-pirate-71,True
Golden City,Experience the thrill of City in this top-rated Adventure adventure.,Adventure,https://example.com/images/golden-city-72.jpg,https://example.com/games/golden-city-72,False
Neon Ninja,A masterful Adventure journey where you must become the ultimate Ninja.,Adventure,https://example.com/images/neon-ninja-73.jpg,https://example.com/games/neon-ninja-73,True
Epic Builder,A masterful Action journey where you must become the ultimate Builder.,Action,https://example.com/images/epic-builder-74.jpg,https://example.com/games/epic-builder-74,True
Cosmic Detective,Defend your way to victory in this exciting Puzzle game featuring the legendary Detective.,Puzzle,https://example.com/images/cosmic-detective-75.jpg,https://example.com/games/cosmic-detective-75,False
Dark Hero,The ultimate Strategy experience awaits you in Dark Hero.,Strategy,https://example.com/images/dark-hero-76.jpg,https://example.com/games/dark-hero-76,True
Tiny Legend,A masterful Simulation journey where you must become the ultimate Legend.,Simulation,https://example.com/images/tiny-legend-77.jpg,https://example.com/games/tiny-legend-77,True
Medieval Warrior,Experience the thrill of Warrior in this top-rated Sports adventure.,Sports,https://example.com/images/medieval-warrior-78.jpg,https://example.com/games/medieval-warrior-78,True
Iron Legend,Join millions of players in this Action classic focused on destroy and legends.,Action,https://example.com/images/iron-legend-79.jpg,https://example.com/games/iron-legend-79,True
Dark Chef,The ultimate Racing experience awaits you in Dark Chef.,Racing,https://example.com/images/dark-chef-80.jpg,https://example.com/games/dark-chef-80,True
Super City,The ultimate Racing experience awaits you in Super City.,Racing,https://example.com/images/super-city-81.jpg,https://example.com/games/super-city-81,False
Iron Hero,The ultimate Sports experience awaits you in Iron Hero.,Sports,https://example.com/images/iron-hero-82.jpg,https://example.com/games/iron-hero-82,False
Golden City,Experience the thrill of City in this top-rated Adventure adventure.,Adventure,https://example.com/images/golden-city-83.jpg,https://example.com/games/golden-city-83,True
Tiny Zombie,The ultimate Simulation experience awaits you in Tiny Zombie.,Simulation,https://example.com/images/tiny-zombie-84.jpg,https://example.com/games/tiny-zombie-84,True
Wild Chef,Fight your way to victory in this exciting Arcade game featuring the legendary Chef.,Arcade,https://example.com/images/wild-chef-85.jpg,https://example.com/games/wild-chef-85,True
Super Chef,The ultimate Simulation experience awaits you in Super Chef.,Simulation,https://example.com/images/super-chef-86.jpg,https://example.com/games/super-chef-86,True
Cyber Empire,Explore your way to victory in this exciting Sports game featuring the legendary Empire.,Sports,https://example.com/images/cyber-empire-87.jpg,https://example.com/games/cyber-empire-87,True
Light Pirate,A masterful Strategy journey where you must become the ultimate Pirate.,Strategy,https://example.com/images/light-pirate-88.jpg,https://example.com/games/light-pirate-88,True
Super Ninja,A masterful Adventure journey where you must become the ultimate Ninja.,Adventure,https://example.com/images/super-ninja-89.jpg,https://example.com/games/super-ninja-89,False
Cyber Robot,The ultimate Adventure experience awaits you in Cyber Robot.,Adventure,https://example.com/images/cyber-robot-90.jpg,https://example.com/games/cyber-robot-90,True
Furious Builder,A masterful Adventure journey where you must become the ultimate Builder.,Adventure,https://example.com/images/furious-builder-91.jpg,https://example.com/games/furious-builder-91,True
Tiny City,Join millions of players in this Strategy classic focused on solve and citys.,Strategy,https://example.com/images/tiny-city-92.jpg,https://example.com/games/tiny-city-92,True
Furious Builder,A masterful Action journey where you must become the ultimate Builder.,Action,https://example.com/images/furious-builder-93.jpg,https://example.com/games/furious-builder-93,False
Cosmic Warrior,Race your way to victory in this exciting RPG game featuring the legendary Warrior.,RPG,https://example.com/images/cosmic-warrior-94.jpg,https://example.com/games/cosmic-warrior-94,False
Crystal Farm,The ultimate Sports experience awaits you in Crystal Farm.,Sports,https://example.com/images/crystal-farm-95.jpg,https://example.com/games/crystal-farm-95,True
Silent Pilot,Destroy your way to victory in this exciting Horror game featuring the legendary Pilot.,Horror,https://example.com/images/silent-pilot-96.jpg,https://example.com/games/silent-pilot-96,True
Cyber Ninja,Experience the thrill of Ninja in this top-rated Arcade adventure.,Arcade,https://example.com/images/cyber-ninja-97.jpg,https://example.com/games/cyber-ninja-97,False
Tiny Pilot,The ultimate Horror experience awaits you in Tiny Pilot.,Horror,https://example.com/images/tiny-pilot-98.jpg,https://example.com/games/tiny-pilot-98,True
Crystal Empire,Race your way to victory in this exciting Strategy game featuring the legendary Empire.,Strategy,https://example.com/images/crystal-empire-99.jpg,https://example.com/games/crystal-empire-99,False
Golden Racer,Join millions of players in this Racing classic focused on destroy and racers.,Racing,https://example.com/images/golden-racer-100.jpg,https://example.com/games/golden-racer-100,True
Dark City,The ultimate RPG experience awaits you in Dark City.,RPG,https://example.com/images/dark-city-101.jpg,https://example.com/games/dark-city-101,True
Medieval Chef,Experience the thrill of Chef in this top-rated RPG adventure.,RPG,https://example.com/images/medieval-chef-102.jpg,https://example.com/games/medieval-chef-102,True
Cyber City,Join millions of players in this Action classic focused on race and citys.,Action,https://example.com/images/cyber-city-103.jpg,https://example.com/games/cyber-city-103,True
Neon Warrior,Experience the thrill of Warrior in this top-rated Arcade adventure.,Arcade,https://example.com/images/neon-warrior-104.jpg,https://example.com/games/neon-warrior-104,True
Wild Legend,The ultimate Racing experience awaits you in Wild Legend.,Racing,https://example.com/images/wild-legend-105.jpg,https://example.com/games/wild-legend-105,False
Iron Zombie,A masterful Horror journey where you must become the ultimate Zombie.,Horror,https://example.com/images/iron-zombie-106.jpg,https://example.com/games/iron-zombie-106,True
Medieval Empire,Join millions of players in this Puzzle classic focused on build and empires.,Puzzle,https://example.com/images/medieval-empire-107.jpg,https://example.com/games/medieval-empire-107,True
Cosmic Racer,A masterful Strategy journey where you must become the ultimate Racer.,Strategy,https://example.com/images/cosmic-racer-108.jpg,https://example.com/games/cosmic-racer-108,True
Silent Legend,Solve your way to victory in this exciting Sports game featuring the legendary Legend.,Sports,https://example.com/images/silent-legend-109.jpg,https://example.com/games/silent-legend-109,True
Iron Dungeon,A masterful Simulation journey where you must become the ultimate Dungeon.,Simulation,https://example.com/images/iron-dungeon-110.jpg,https://example.com/games/iron-dungeon-110,True
Tiny Zombie,A masterful Simulation journey where you must become the ultimate Zombie.,Simulation,https://example.com/images/tiny-zombie-111.jpg,https://example.com/games/tiny-zombie-111,False
Golden Warrior,A masterful Arcade journey where you must become the ultimate Warrior.,Arcade,https://example.com/images/golden-warrior-112.jpg,https://example.com/games/golden-warrior-112,True
Cyber Hero,Join millions of players in this Adventure classic focused on manage and heros.,Adventure,https://example.com/images/cyber-hero-113.jpg,https://example.com/games/cyber-hero-113,True
Crystal City,Experience the thrill of City in this top-rated Sports adventure.,Sports,https://example.com/images/crystal-city-114.jpg,https://example.com/games/crystal-city-114,True
Cosmic City,A masterful Horror journey where you must become the ultimate City.,Horror,https://example.com/images/cosmic-city-115.jpg,https://example.com/games/cosmic-city-115,True
Cosmic Builder,Survive your way to victory in this exciting Strategy game featuring the legendary Builder.,Strategy,https://example.com/images/cosmic-builder-116.jpg,https://example.com/games/cosmic-builder-116,True
Super Chef,A masterful Arcade journey where you must become the ultimate Chef.,Arcade,https://example.com/images/super-chef-117.jpg,https://example.com/games/super-chef-117,True
Wild Dungeon,Join millions of players in this Puzzle classic focused on explore and dungeons.,Puzzle,https://example.com/images/wild-dungeon-118.jpg,https://example.com/games/wild-dungeon-118,True
Cosmic Hero,Manage your way to victory in this exciting Action game featuring the legendary Hero.,Action,https://example.com/images/cosmic-hero-119.jpg,https://example.com/games/cosmic-hero-119,False
Mega Dungeon,The ultimate Racing experience awaits you in Mega Dungeon.,Racing,https://example.com/images/mega-dungeon-120.jpg,https://example.com/games/mega-dungeon-120,True
Wild Empire,Experience the thrill of Empire in this top-rated Action adventure.,Action,https://example.com/images/wild-empire-121.jpg,https://example.com/games/wild-empire-121,True
Tiny Farm,The ultimate Racing experience awaits you in Tiny Farm.,Racing,https://example.com/images/tiny-farm-122.jpg,https://example.com/games/tiny-farm-122,False
Silent Hero,The ultimate Puzzle experience awaits you in Silent Hero.,Puzzle,https://example.com/images/silent-hero-123.jpg,https://example.com/games/silent-hero-123,False
Cyber Pilot,Join millions of players in this Arcade classic focused on destroy and pilots.,Arcade,https://example.com/images/cyber-pilot-124.jpg,https://example.com/games/cyber-pilot-124,True
Dark Detective,Join millions of players in this Puzzle classic focused on race and detectives.,Puzzle,https://example.com/images/dark-detective-125.jpg,https://example.com/games/dark-detective-125,True
Silent Detective,Join millions of players in this Simulation classic focused on survive and detectives.,Simulation,https://example.com/images/silent-detective-126.jpg,https://example.com/games/silent-detective-126,True
Light Ninja,Conquer your way to victory in this exciting Simulation game featuring the legendary Ninja.,Simulation,https://example.com/images/light-ninja-127.jpg,https://example.com/games/light-ninja-127,True
Super Hero,The ultimate Racing experience awaits you in Super Hero.,Racing,https://example.com/images/super-hero-128.jpg,https://example.com/games/super-hero-128,False
Epic Detective,Fight your way to victory in this exciting Action game featuring the legendary Detective.,Action,https://example.com/images/epic-detective-129.jpg,https://example.com/games/epic-detective-129,True
Epic Zombie,A masterful Sports journey where you must become the ultimate Zombie.,Sports,https://example.com/images/epic-zombie-130.jpg,https://example.com/games/epic-zombie-130,True
Dark Zombie,Explore your way to victory in this exciting Racing game featuring the legendary Zombie.,Racing,https://example.com/images/dark-zombie-131.jpg,https://example.com/games/dark-zombie-131,False
Furious Pilot,The ultimate Sports experience awaits you in Furious Pilot.,Sports,https://example.com/images/furious-pilot-132.jpg,https://example.com/games/furious-pilot-132,True
Cosmic Hero,The ultimate RPG experience awaits you in Cosmic Hero.,RPG,https://example.com/images/cosmic-hero-133.jpg,https://example.com/games/cosmic-hero-133,True
Light Ninja,Join millions of players in this Horror classic focused on survive and ninjas.,Horror,https://example.com/images/light-ninja-134.jpg,https://example.com/games/light-ninja-134,True
Tiny Hero,The ultimate Simulation experience awaits you in Tiny Hero.,Simulation,https://example.com/images/tiny-hero-135.jpg,https://example.com/games/tiny-hero-135,True
Silent Chef,Join millions of players in this Simulation classic focused on fight and chefs.,Simulation,https://example.com/images/silent-chef-136.jpg,https://example.com/games/silent-chef-136,True
Silent City,The ultimate Horror experience awaits you in Silent City.,Horror,https://example.com/images/silent-city-137.jpg,https://example.com/games/silent-city-137,True
Crystal Builder,Destroy your way to victory in this exciting Simulation game featuring the legendary Builder.,Simulation,https://example.com/images/crystal-builder-138.jpg,https://example.com/games/crystal-builder-138,True
Wild Pirate,Experience the thrill of Pirate in this top-rated Adventure adventure.,Adventure,https://example.com/images/wild-pirate-139.jpg,https://example.com/games/wild-pirate-139,True
Dark Farm,The ultimate Simulation experience awaits you in Dark Farm.,Simulation,https://example.com/images/dark-farm-140.jpg,https://example.com/games/dark-farm-140,True
Golden Chef,Experience the thrill of Chef in this top-rated Racing adventure.,Racing,https://example.com/images/golden-chef-141.jpg,https://example.com/games/golden-chef-141,True
Cosmic Chef,A masterful RPG journey where you must become the ultimate Chef.,RPG,https://example.com/images/cosmic-chef-142.jpg,https://example.com/games/cosmic-chef-142,False
Cyber Hero,Destroy your way to victory in this exciting Adventure game featuring the legendary Hero.,Adventure,https://example.com/images/cyber-hero-143.jpg,https://example.com/games/cyber-hero-143,True
Furious Racer,Experience the thrill of Racer in this top-rated Horror adventure.,Horror,https://example.com/images/furious-racer-144.jpg,https://example.com/games/furious-racer-144,True
Dark Dungeon,Experience the thrill of Dungeon in this top-rated RPG adventure.,RPG,https://example.com/images/dark-dungeon-145.jpg,https://example.com/games/dark-dungeon-145,False
Iron Builder,Experience the thrill of Builder in this top-rated Strategy adventure.,Strategy,https://example.com/images/iron-builder-146.jpg,https://example.com/games/iron-builder-146,True
Medieval Ninja,Fight your way to victory in this exciting Sports game featuring the legendary Ninja.,Sports,https://example.com/images/medieval-ninja-147.jpg,https://example.com/games/medieval-ninja-147,True
Super Legend,The ultimate Arcade experience awaits you in Super Legend.,Arcade,https://example.com/images/super-legend-148.jpg,https://example.com/games/super-legend-148,False
Mega Hero,A masterful Racing journey where you must become the ultimate Hero.,Racing,https://example.com/images/mega-hero-149.jpg,https://example.com/games/mega-hero-149,True
Silent City,The ultimate RPG experience awaits you in Silent City.,RPG,https://example.com/images/silent-city-150.jpg,https://example.com/games/silent-city-150,True
Medieval Detective,The ultimate Horror experience awaits you in Medieval Detective.,Horror,https://example.com/images/medieval-detective-151.jpg,https://example.com/games/medieval-detective-151,True
Golden Pilot,A masterful Racing journey where you must become the ultimate Pilot.,Racing,https://example.com/images/golden-pilot-152.jpg,https://example.com/games/golden-pilot-152,True
Silent Detective,The ultimate Horror experience awaits you in Silent Detective.,Horror,https://example.com/images/silent-detective-153.jpg,https://example.com/games/silent-detective-153,True
Cyber Builder,A masterful Horror journey where you must become the ultimate Builder.,Horror,https://example.com/images/cyber-builder-154.jpg,https://example.com/games/cyber-builder-154,False
Furious Empire,The ultimate Strategy experience awaits you in Furious Empire.,Strategy,https://example.com/images/furious-empire-155.jpg,https://example.com/games/furious-empire-155,True
Tiny Empire,Join millions of players in this Arcade classic focused on solve and empires.,Arcade,https://example.com/images/tiny-empire-156.jpg,https://example.com/games/tiny-empire-156,True
Cosmic Empire,Manage your way to victory in this exciting Action game featuring the legendary Empire.,Action,https://example.com/images/cosmic-empire-157.jpg,https://example.com/games/cosmic-empire-157,True
Light Hero,Join millions of players in this Action classic focused on defend and heros.,Action,https://example.com/images/light-hero-158.jpg,https://example.com/games/light-hero-158,True
Light Empire,The ultimate Puzzle experience awaits you in Light Empire.,Puzzle,https://example.com/images/light-empire-159.jpg,https://example.com/games/light-empire-159,True
Silent Warrior,Explore your way to victory in this exciting Simulation game featuring the legendary Warrior.,Simulation,https://example.com/images/silent-warrior-160.jpg,https://example.com/games/silent-warrior-160,True
Medieval Robot,Experience the thrill of Robot in this top-rated Horror adventure.,Horror,https://example.com/images/medieval-robot-161.jpg,https://example.com/games/medieval-robot-161,True
Furious Robot,Fight your way to victory in this exciting RPG game featuring the legendary Robot.,RPG,https://example.com/images/furious-robot-162.jpg,https://example.com/games/furious-robot-162,False
Neon Racer,The ultimate Adventure experience awaits you in Neon Racer.,Adventure,https://example.com/images/neon-racer-163.jpg,https://example.com/games/neon-racer-163,True
Tiny Farm,A masterful Horror journey where you must become the ultimate Farm.,Horror,https://example.com/images/tiny-farm-164.jpg,https://example.com/games/tiny-farm-164,True
Epic Empire,Experience the thrill of Empire in this top-rated Action adventure.,Action,https://example.com/images/epic-empire-165.jpg,https://example.com/games/epic-empire-165,True
Wild Dungeon,The ultimate Horror experience awaits you in Wild Dungeon.,Horror,https://example.com/images/wild-dungeon-166.jpg,https://example.com/games/wild-dungeon-166,True
Cosmic Builder,Survive your way to victory in this exciting Arcade game featuring the legendary Builder.,Arcade,https://example.com/images/cosmic-builder-167.jpg,https://example.com/games/cosmic-builder-167,True
Mega Pilot,Defend your way to victory in this exciting Sports game featuring the legendary Pilot.,Sports,https://example.com/images/mega-pilot-168.jpg,https://example.com/games/mega-pilot-168,True
Light Warrior,A masterful Sports journey where you must become the ultimate Warrior.,Sports,https://example.com/images/light-warrior-169.jpg,https://example.com/games/light-warrior-169,True
Iron City,Experience the thrill of City in this top-rated Adventure adventure.,Adventure,https://example.com/images/iron-city-170.jpg,https://example.com/games/iron-city-170,True
Golden Detective,The ultimate Action experience awaits you in Golden Detective.,Action,https://example.com/images/golden-detective-171.jpg,https://example.com/games/golden-detective-171,True
Crystal Legend,Join millions of players in this Adventure classic focused on survive and legends.,Adventure,https://example.com/images/crystal-legend-172.jpg,https://example.com/games/crystal-legend-172,True
Silent Hero,Join millions of players in this Arcade classic focused on solve and heros.,Arcade,https://example.com/images/silent-hero-173.jpg,https://example.com/games/silent-hero-173,True
Medieval Dungeon,Experience the thrill of Dungeon in this top-rated Simulation adventure.,Simulation,https://example.com/images/medieval-dungeon-174.jpg,https://example.com/games/medieval-dungeon-174,True
Medieval Builder,The ultimate Adventure experience awaits you in Medieval Builder.,Adventure,https://example.com/images/medieval-builder-175.jpg,https://example.com/games/medieval-builder-175,True
Dark Chef,Survive your way to victory in this exciting Horror game featuring the legendary Chef.,Horror,https://example.com/images/dark-chef-176.jpg,https://example.com/games/dark-chef-176,True
Wild Ninja,Fight your way to victory in this exciting Puzzle game featuring the legendary Ninja.,Puzzle,https://example.com/images/wild-ninja-177.jpg,https://example.com/games/wild-ninja-177,True
Iron Farm,The ultimate Strategy experience awaits you in Iron Farm.,Strategy,https://example.com/images/iron-farm-178.jpg,https://example.com/games/iron-farm-178,True
Epic Builder,Build your way to victory in this exciting Simulation game featuring the legendary Builder.,Simulation,https://example.com/images/epic-builder-179.jpg,https://example.com/games/epic-builder-179,True
Dark Detective,Experience the thrill of Detective in this top-rated Arcade adventure.,Arcade,https://example.com/images/dark-detective-180.jpg,https://example.com/games/dark-detective-180,True
Super Builder,Destroy your way to victory in this exciting Horror game featuring the legendary Builder.,Horror,https://example.com/images/super-builder-181.jpg,https://example.com/games/super-builder-181,True
Furious Pirate,The ultimate RPG experience awaits you in Furious Pirate.,RPG,https://example.com/images/furious-pirate-182.jpg,https://example.com/games/furious-pirate-182,True
Dark Warrior,Join millions of players in this Arcade classic focused on build and warriors.,Arcade,https://example.com/images/dark-warrior-183.jpg,https://example.com/games/dark-warrior-183,False
Crystal Pilot,Experience the thrill of Pilot in this top-rated Puzzle adventure.,Puzzle,https://example.com/images/crystal-pilot-184.jpg,https://example.com/games/crystal-pilot-184,True
Iron Hero,Manage your way to victory in this exciting Puzzle game featuring the legendary Hero.,Puzzle,https://example.com/images/iron-hero-185.jpg,https://example.com/games/iron-hero-185,True
Cyber Pilot,Join millions of players in this Adventure classic focused on defend and pilots.,Adventure,https://example.com/images/cyber-pilot-186.jpg,https://example.com/games/cyber-pilot-186,True
Wild Zombie,The ultimate Action experience awaits you in Wild Zombie.,Action,https://example.com/images/wild-zombie-187.jpg,https://example.com/games/wild-zombie-187,False
Super Dungeon,The ultimate Horror experience awaits you in Super Dungeon.,Horror,https://example.com/images/super-dungeon-188.jpg,https://example.com/games/super-dungeon-188,True
Super Legend,Survive your way to victory in this exciting Puzzle game featuring the legendary Legend.,Puzzle,https://example.com/images/super-legend-189.jpg,https://example.com/games/super-legend-189,False
Tiny Robot,Join millions of players in this Strategy classic focused on build and robots.,Strategy,https://example.com/images/tiny-robot-190.jpg,https://example.com/games/tiny-robot-190,True
Cyber Dungeon,The ultimate Racing experience awaits you in Cyber Dungeon.,Racing,https://example.com/images/cyber-dungeon-191.jpg,https://example.com/games/cyber-dungeon-191,True
Silent Warrior,A masterful Strategy journey where you must become the ultimate Warrior.,Strategy,https://example.com/images/silent-warrior-192.jpg,https://example.com/games/silent-warrior-192,True
Crystal Farm,Manage your way to victory in this exciting Arcade game featuring the legendary Farm.,Arcade,https://example.com/images/crystal-farm-193.jpg,https://example.com/games/crystal-farm-193,False
Light Pirate,Survive your way to victory in this exciting Horror game featuring the legendary Pirate.,Horror,https://example.com/images/light-pirate-194.jpg,https://example.com/games/light-pirate-194,True
Epic Pirate,A masterful Sports journey where you must become the ultimate Pirate.,Sports,https://example.com/images/epic-pirate-195.jpg,https://example.com/games/epic-pirate-195,True
Mega Racer,A masterful Puzzle journey where you must become the ultimate Racer.,Puzzle,https://example.com/images/mega-racer-196.jpg,https://example.com/games/mega-racer-196,False
Wild Hero,Join millions of players in this RPG classic focused on solve and heros.,RPG,https://example.com/images/wild-hero-197.jpg,https://example.com/games/wild-hero-197,True
Light City,Join millions of players in this Puzzle classic focused on build and citys.,Puzzle,https://example.com/images/light-city-198.jpg,https://example.com/games/light-city-198,True
Epic Detective,Join millions of players in this Adventure classic focused on manage and detectives.,Adventure,https://example.com/images/epic-detective-199.jpg,https://example.com/games/epic-detective-199,True
Dark Pilot,The ultimate Sports experience awaits you in Dark Pilot.,Sports,https://example.com/images/dark-pilot-200.jpg,https://example.com/games/dark-pilot-200,True
Iron Pilot,Experience the thrill of Pilot in this top-rated Arcade adventure.,Arcade,https://example.com/images/iron-pilot-201.jpg,https://example.com/games/iron-pilot-201,True
Medieval Empire,The ultimate Sports experience awaits you in Medieval Empire.,Sports,https://example.com/images/medieval-empire-202.jpg,https://example.com/games/medieval-empire-202,True
Cosmic Detective,The ultimate Racing experience awaits you in Cosmic Detective.,Racing,https://example.com/images/cosmic-detective-203.jpg,https://example.com/games/cosmic-detective-203,True
Mega Chef,The ultimate RPG experience awaits you in Mega Chef.,RPG,https://example.com/images/mega-chef-204.jpg,https://example.com/games/mega-chef-204,True
Cosmic Warrior,A masterful Puzzle journey where you must become the ultimate Warrior.,Puzzle,https://example.com/images/cosmic-warrior-205.jpg,https://example.com/games/cosmic-warrior-205,True
Epic Dungeon,Manage your way to victory in this exciting Sports game featuring the legendary Dungeon.,Sports,https://example.com/images/epic-dungeon-206.jpg,https://example.com/games/epic-dungeon-206,True
Golden Detective,A masterful Simulation journey where you must become the ultimate Detective.,Simulation,https://example.com/images/golden-detective-207.jpg,https://example.com/games/golden-detective-207,True
Super Ninja,A masterful Action journey where you must become the ultimate Ninja.,Action,https://example.com/images/super-ninja-208.jpg,https://example.com/games/super-ninja-208,True
Tiny City,Defend your way to victory in this exciting Horror game featuring the legendary City.,Horror,https://example.com/images/tiny-city-209.jpg,https://example.com/games/tiny-city-209,True
Silent Farm,The ultimate Puzzle experience awaits you in Silent Farm.,Puzzle,https://example.com/images/silent-farm-210.jpg,https://example.com/games/silent-farm-210,True
Wild Warrior,Join millions of players in this Sports classic focused on explore and warriors.,Sports,https://example.com/images/wild-warrior-211.jpg,https://example.com/games/wild-warrior-211,False
Mega Racer,The ultimate Action experience awaits you in Mega Racer.,Action,https://example.com/images/mega-racer-212.jpg,https://example.com/games/mega-racer-212,True
Cyber Legend,A masterful Action journey where you must become the ultimate Legend.,Action,https://example.com/images/cyber-legend-213.jpg,https://example.com/games/cyber-legend-213,True
Dark Robot,Join millions of players in this Racing classic focused on build and robots.,Racing,https://example.com/images/dark-robot-214.jpg,https://example.com/games/dark-robot-214,True
Iron Hero,Explore your way to victory in this exciting Racing game featuring the legendary Hero.,Racing,https://example.com/images/iron-hero-215.jpg,https://example.com/games/iron-hero-215,True
Cyber City,Fight your way to victory in this exciting Puzzle game featuring the legendary City.,Puzzle,https://example.com/images/cyber-city-216.jpg,https://example.com/games/cyber-city-216,True
Crystal Hero,Join millions of players in this Horror classic focused on build and heros.,Horror,https://example.com/images/crystal-hero-217.jpg,https://example.com/games/crystal-hero-217,True
Super Legend,Solve your way to victory in this exciting Puzzle game featuring the legendary Legend.,Puzzle,https://example.com/images/super-legend-218.jpg,https://example.com/games/super-legend-218,True
Mega Robot,A masterful Puzzle journey where you must become the ultimate Robot.,Puzzle,https://example.com/images/mega-robot-219.jpg,https://example.com/games/mega-robot-219,True
Mega Robot,The ultimate Sports experience awaits you in Mega Robot.,Sports,https://example.com/images/mega-robot-220.jpg,https://example.com/games/mega-robot-220,True
Super Zombie,A masterful Puzzle journey where you must become the ultimate Zombie.,Puzzle,https://example.com/images/super-zombie-221.jpg,https://example.com/games/super-zombie-221,True
Neon Pilot,Destroy your way to victory in this exciting Strategy game featuring the legendary Pilot.,Strategy,https://example.com/images/neon-pilot-222.jpg,https://example.com/games/neon-pilot-222,True
Light Zombie,A masterful Sports journey where you must become the ultimate Zombie.,Sports,https://example.com/images/light-zombie-223.jpg,https://example.com/games/light-zombie-223,False
Medieval Empire,The ultimate Arcade experience awaits you in Medieval Empire.,Arcade,https://example.com/images/medieval-empire-224.jpg,https://example.com/games/medieval-empire-224,True
Light Warrior,Race your way to victory in this exciting Puzzle game featuring the legendary Warrior.,Puzzle,https://example.com/images/light-warrior-225.jpg,https://example.com/games/light-warrior-225,True
Golden Detective,A masterful RPG journey where you must become the ultimate Detective.,RPG,https://example.com/images/golden-detective-226.jpg,https://example.com/games/golden-detective-226,True
Mega Pilot,The ultimate Adventure experience awaits you in Mega Pilot.,Adventure,https://example.com/images/mega-pilot-227.jpg,https://example.com/games/mega-pilot-227,True
Mega Ninja,A masterful Puzzle journey where you must become the ultimate Ninja.,Puzzle,https://example.com/images/mega-ninja-228.jpg,https://example.com/games/mega-ninja-228,False
Tiny Dungeon,Join millions of players in this Puzzle classic focused on race and dungeons.,Puzzle,https://example.com/images/tiny-dungeon-229.jpg,https://example.com/games/tiny-dungeon-229,True
Cyber Ninja,A masterful Adventure journey where you must become the ultimate Ninja.,Adventure,https://example.com/images/cyber-ninja-230.jpg,https://example.com/games/cyber-ninja-230,True
Super Empire,The ultimate Simulation experience awaits you in Super Empire.,Simulation,https://example.com/images/super-empire-231.jpg,https://example.com/games/super-empire-231,False
Cosmic Racer,Solve your way to victory in this exciting Racing game featuring the legendary Racer.,Racing,https://example.com/images/cosmic-racer-232.jpg,https://example.com/games/cosmic-racer-232,True
Mega Empire,Conquer your way to victory in this exciting Action game featuring the legendary Empire.,Action,https://example.com/images/mega-empire-233.jpg,https://example.com/games/mega-empire-233,True
Medieval Zombie,Experience the thrill of Zombie in this top-rated Simulation adventure.,Simulation,https://example.com/images/medieval-zombie-234.jpg,https://example.com/games/medieval-zombie-234,True
Silent Legend,A masterful Horror journey where you must become the ultimate Legend.,Horror,https://example.com/images/silent-legend-235.jpg,https://example.com/games/silent-legend-235,True
Iron Warrior,Defend your way to victory in this exciting Racing game featuring the legendary Warrior.,Racing,https://example.com/images/iron-warrior-236.jpg,https://example.com/games/iron-warrior-236,False
Medieval Chef,A masterful Sports journey where you must become the ultimate Chef.,Sports,https://example.com/images/medieval-chef-237.jpg,https://example.com/games/medieval-chef-237,True
Iron Farm,Destroy your way to victory in this exciting Sports game featuring the legendary Farm.,Sports,https://example.com/images/iron-farm-238.jpg,https://example.com/games/iron-farm-238,True
Golden Legend,Manage your way to victory in this exciting Action game featuring the legendary Legend.,Action,https://example.com/images/golden-legend-239.jpg,https://example.com/games/golden-legend-239,False
Mega Dungeon,Fight your way to victory in this exciting Strategy game featuring the legendary Dungeon.,Strategy,https://example.com/images/mega-dungeon-240.jpg,https://example.com/games/mega-dungeon-240,True
Cyber Empire,Destroy your way to victory in this exciting Strategy game featuring the legendary Empire.,Strategy,https://example.com/images/cyber-empire-241.jpg,https://example.com/games/cyber-empire-241,True
Golden Chef,The ultimate Simulation experience awaits you in Golden Chef.,Simulation,https://example.com/images/golden-chef-242.jpg,https://example.com/games/golden-chef-242,True
Mega Dungeon,The ultimate Action experience awaits you in Mega Dungeon.,Action,https://example.com/images/mega-dungeon-243.jpg,https://example.com/games/mega-dungeon-243,True
Golden Pilot,The ultimate Sports experience awaits you in Golden Pilot.,Sports,https://example.com/images/golden-pilot-244.jpg,https://example.com/games/golden-pilot-244,True
Iron Farm,Build your way to victory in this exciting Strategy game featuring the legendary Farm.,Strategy,https://example.com/images/iron-farm-245.jpg,https://example.com/games/iron-farm-245,True
Furious Empire,The ultimate Adventure experience awaits you in Furious Empire.,Adventure,https://example.com/images/furious-empire-246.jpg,https://example.com/games/furious-empire-246,True
Mega Hero,The ultimate Arcade experience awaits you in Mega Hero.,Arcade,https://example.com/images/mega-hero-247.jpg,https://example.com/games/mega-hero-247,True
Cosmic Chef,Join millions of players in this Arcade classic focused on fight and chefs.,Arcade,https://example.com/images/cosmic-chef-248.jpg,https://example.com/games/cosmic-chef-248,True
Furious Warrior,The ultimate Puzzle experience awaits you in Furious Warrior.,Puzzle,https://example.com/images/furious-warrior-249.jpg,https://example.com/games/furious-warrior-249,True
Golden Chef,The ultimate Adventure experience awaits you in Golden Chef.,Adventure,https://example.com/images/golden-chef-250.jpg,https://example.com/games/golden-chef-250,True
Mega Ninja,Build your way to victory in this exciting RPG game featuring the legendary Ninja.,RPG,https://example.com/images/mega-ninja-251.jpg,https://example.com/games/mega-ninja-251,True
Super Chef,Join millions of players in this Strategy classic focused on manage and chefs.,Strategy,https://example.com/images/super-chef-252.jpg,https://example.com/games/super-chef-252,True
Iron Detective,A masterful Horror journey where you must become the ultimate Detective.,Horror,https://example.com/images/iron-detective-253.jpg,https://example.com/games/iron-detective-253,True
Silent Hero,A masterful Arcade journey where you must become the ultimate Hero.,Arcade,https://example.com/images/silent-hero-254.jpg,https://example.com/games/silent-hero-254,True
Medieval Robot,A masterful Simulation journey where you must become the ultimate Robot.,Simulation,https://example.com/images/medieval-robot-255.jpg,https://example.com/games/medieval-robot-255,True
Crystal Zombie,The ultimate Strategy experience awaits you in Crystal Zombie.,Strategy,https://example.com/images/crystal-zombie-256.jpg,https://example.com/games/crystal-zombie-256,False
Golden Robot,Destroy your way to victory in this exciting Strategy game featuring the legendary Robot.,Strategy,https://example.com/images/golden-robot-257.jpg,https://example.com/games/golden-robot-257,False
Silent Hero,The ultimate Sports experience awaits you in Silent Hero.,Sports,https://example.com/images/silent-hero-258.jpg,https://example.com/games/silent-hero-258,False
Furious Pirate,Manage your way to victory in this exciting Horror game featuring the legendary Pirate.,Horror,https://example.com/images/furious-pirate-259.jpg,https://example.com/games/furious-pirate-259,True
Dark Warrior,The ultimate Arcade experience awaits you in Dark Warrior.,Arcade,https://example.com/images/dark-warrior-260.jpg,https://example.com/games/dark-warrior-260,True
Super City,A masterful Adventure journey where you must become the ultimate City.,Adventure,https://example.com/images/super-city-261.jpg,https://example.com/games/super-city-261,True
Golden Legend,A masterful Puzzle journey where you must become the ultimate Legend.,Puzzle,https://example.com/images/golden-legend-262.jpg,https://example.com/games/golden-legend-262,False
Cyber Warrior,Experience the thrill of Warrior in this top-rated Simulation adventure.,Simulation,https://example.com/images/cyber-warrior-263.jpg,https://example.com/games/cyber-warrior-263,True
Super Pirate,A masterful Arcade journey where you must become the ultimate Pirate.,Arcade,https://example.com/images/super-pirate-264.jpg,https://example.com/games/super-pirate-264,True
Light Builder,Join millions of players in this Action classic focused on survive and builders.,Action,https://example.com/images/light-builder-265.jpg,https://example.com/games/light-builder-265,True
Dark Hero,Join millions of players in this Sports classic focused on conquer and heros.,Sports,https://example.com/images/dark-hero-266.jpg,https://example.com/games/dark-hero-266,True
Mega Racer,Experience the thrill of Racer in this top-rated Racing adventure.,Racing,https://example.com/images/mega-racer-267.jpg,https://example.com/games/mega-racer-267,False
Super Pirate,A masterful Simulation journey where you must become the ultimate Pirate.,Simulation,https://example.com/images/super-pirate-268.jpg,https://example.com/games/super-pirate-268,True
Cyber Builder,The ultimate Adventure experience awaits you in Cyber Builder.,Adventure,https://example.com/images/cyber-builder-269.jpg,https://example.com/games/cyber-builder-269,True
Light Ninja,Experience the thrill of Ninja in this top-rated Puzzle adventure.,Puzzle,https://example.com/images/light-ninja-270.jpg,https://example.com/games/light-ninja-270,True
Dark Warrior,The ultimate Action experience awaits you in Dark Warrior.,Action,https://example.com/images/dark-warrior-271.jpg,https://example.com/games/dark-warrior-271,True
Iron Dungeon,Experience the thrill of Dungeon in this top-rated Simulation adventure.,Simulation,https://example.com/images/iron-dungeon-272.jpg,https://example.com/games/iron-dungeon-272,False
Epic Empire,Solve your way to victory in this exciting Sports game featuring the legendary Empire.,Sports,https://example.com/images/epic-empire-273.jpg,https://example.com/games/epic-empire-273,True
Silent Detective,Experience the thrill of Detective in this top-rated Puzzle adventure.,Puzzle,https://example.com/images/silent-detective-274.jpg,https://example.com/games/silent-detective-274,True
Cyber Chef,Join millions of players in this Strategy classic focused on destroy and chefs.,Strategy,https://example.com/images/cyber-chef-275.jpg,https://example.com/games/cyber-chef-275,False
Mega Chef,A masterful Sports journey where you must become the ultimate Chef.,Sports,https://example.com/images/mega-chef-276.jpg,https://example.com/games/mega-chef-276,True
Light Robot,Solve your way to victory in this exciting Horror game featuring the legendary Robot.,Horror,https://example.com/images/light-robot-277.jpg,https://example.com/games/light-robot-277,True
Super Hero,Defend your way to victory in this exciting RPG game featuring the legendary Hero.,RPG,https://example.com/images/super-hero-278.jpg,https://example.com/games/super-hero-278,True
Neon Zombie,Manage your way to victory in this exciting Simulation game featuring the legendary Zombie.,Simulation,https://example.com/images/neon-zombie-279.jpg,https://example.com/games/neon-zombie-279,False
Super Pirate,Join millions of players in this Adventure classic focused on destroy and pirates.,Adventure,https://example.com/images/super-pirate-280.jpg,https://example.com/games/super-pirate-280,True
Crystal City,The ultimate Horror experience awaits you in Crystal City.,Horror,https://example.com/images/crystal-city-281.jpg,https://example.com/games/crystal-city-281,True
Epic Robot,A masterful Sports journey where you must become the ultimate Robot.,Sports,https://example.com/images/epic-robot-282.jpg,https://example.com/games/epic-robot-282,True
Silent Empire,Join millions of players in this Action classic focused on manage and empires.,Action,https://example.com/images/silent-empire-283.jpg,https://example.com/games/silent-empire-283,True
Super Robot,Experience the thrill of Robot in this top-rated Sports adventure.,Sports,https://example.com/images/super-robot-284.jpg,https://example.com/games/super-robot-284,False
Tiny Dungeon,A masterful RPG journey where you must become the ultimate Dungeon.,RPG,https://example.com/images/tiny-dungeon-285.jpg,https://example.com/games/tiny-dungeon-285,True
Mega Empire,The ultimate Arcade experience awaits you in Mega Empire.,Arcade,https://example.com/images/mega-empire-286.jpg,https://example.com/games/mega-empire-286,True
Wild Warrior,A masterful Simulation journey where you must become the ultimate Warrior.,Simulation,https://example.com/images/wild-warrior-287.jpg,https://example.com/games/wild-warrior-287,False
Furious Legend,Solve your way to victory in this exciting Simulation game featuring the legendary Legend.,Simulation,https://example.com/images/furious-legend-288.jpg,https://example.com/games/furious-legend-288,True
Mega Warrior,Explore your way to victory in this exciting Strategy game featuring the legendary Warrior.,Strategy,https://example.com/images/mega-warrior-289.jpg,https://example.com/games/mega-warrior-289,True
Mega Robot,Join millions of players in this Simulation classic focused on fight and robots.,Simulation,https://example.com/images/mega-robot-290.jpg,https://example.com/games/mega-robot-290,True
Golden City,A masterful Sports journey where you must become the ultimate City.,Sports,https://example.com/images/golden-city-291.jpg,https://example.com/games/golden-city-291,True
Cosmic Chef,The ultimate Sports experience awaits you in Cosmic Chef.,Sports,https://example.com/images/cosmic-chef-292.jpg,https://example.com/games/cosmic-chef-292,True
Cyber Legend,A masterful Adventure journey where you must become the ultimate Legend.,Adventure,https://example.com/images/cyber-legend-293.jpg,https://example.com/games/cyber-legend-293,True
Tiny Chef,Join millions of players in this Adventure classic focused on defend and chefs.,Adventure,https://example.com/images/tiny-chef-294.jpg,https://example.com/games/tiny-chef-294,True
Dark City,Join millions of players in this RPG classic focused on build and citys.,RPG,https://example.com/images/dark-city-295.jpg,https://example.com/games/dark-city-295,True
Neon Farm,Experience the thrill of Farm in this top-rated Sports adventure.,Sports,https://example.com/images/neon-farm-296.jpg,https://example.com/games/neon-farm-296,True
Cosmic Hero,Build your way to victory in this exciting Puzzle game featuring the legendary Hero.,Puzzle,https://example.com/images/cosmic-hero-297.jpg,https://example.com/games/cosmic-hero-297,True
Golden Hero,Join millions of players in this Sports classic focused on destroy and heros.,Sports,https://example.com/images/golden-hero-298.jpg,https://example.com/games/golden-hero-298,True
Light Zombie,A masterful RPG journey where you must become the ultimate Zombie.,RPG,https://example.com/images/light-zombie-299.jpg,https://example.com/games/light-zombie-299,True
Medieval Legend,A masterful Racing journey where you must become the ultimate Legend.,Racing,https://example.com/images/medieval-legend-300.jpg,https://example.com/games/medieval-legend-300,True
Iron Empire,Join millions of players in this Racing classic focused on solve and empires.,Racing,https://example.com/images/iron-empire-301.jpg,https://example.com/games/iron-empire-301,True
Light Detective,Fight your way to victory in this exciting Adventure game featuring the legendary Detective.,Adventure,https://example.com/images/light-detective-302.jpg,https://example.com/games/light-detective-302,True
Medieval Empire,Experience the thrill of Empire in this top-rated Action adventure.,Action,https://example.com/images/medieval-empire-303.jpg,https://example.com/games/medieval-empire-303,True
Medieval Robot,The ultimate Racing experience awaits you in Medieval Robot.,Racing,https://example.com/images/medieval-robot-304.jpg,https://example.com/games/medieval-robot-304,True
Golden Ninja,Join millions of players in this Puzzle classic focused on build and ninjas.,Puzzle,https://example.com/images/golden-ninja-305.jpg,https://example.com/games/golden-ninja-305,True
Tiny Dungeon,The ultimate Arcade experience awaits you in Tiny Dungeon.,Arcade,https://example.com/images/tiny-dungeon-306.jpg,https://example.com/games/tiny-dungeon-306,False
Furious Robot,Experience the thrill of Robot in this top-rated Sports adventure.,Sports,https://example.com/images/furious-robot-307.jpg,https://example.com/games/furious-robot-307,True
Cosmic Dungeon,A masterful Adventure journey where you must become the ultimate Dungeon.,Adventure,https://example.com/images/cosmic-dungeon-308.jpg,https://example.com/games/cosmic-dungeon-308,False
Crystal Empire,A masterful Arcade journey where you must become the ultimate Empire.,Arcade,https://example.com/images/crystal-empire-309.jpg,https://example.com/games/crystal-empire-309,True
Epic Racer,Join millions of players in this Simulation classic focused on race and racers.,Simulation,https://example.com/images/epic-racer-310.jpg,https://example.com/games/epic-racer-310,True
Iron Empire,The ultimate Action experience awaits you in Iron Empire.,Action,https://example.com/images/iron-empire-311.jpg,https://example.com/games/iron-empire-311,True
Furious Zombie,The ultimate Arcade experience awaits you in Furious Zombie.,Arcade,https://example.com/images/furious-zombie-312.jpg,https://example.com/games/furious-zombie-312,True
Wild Robot,Join millions of players in this Racing classic focused on survive and robots.,Racing,https://example.com/images/wild-robot-313.jpg,https://example.com/games/wild-robot-313,True
Golden Chef,Join millions of players in this Arcade classic focused on build and chefs.,Arcade,https://example.com/images/golden-chef-314.jpg,https://example.com/games/golden-chef-314,True
Silent Builder,Experience the thrill of Builder in this top-rated Action adventure.,Action,https://example.com/images/silent-builder-315.jpg,https://example.com/games/silent-builder-315,True
Light Racer,Conquer your way to victory in this exciting Strategy game featuring the legendary Racer.,Strategy,https://example.com/images/light-racer-316.jpg,https://example.com/games/light-racer-316,False
Tiny Chef,A masterful Action journey where you must become the ultimate Chef.,Action,https://example.com/images/tiny-chef-317.jpg,https://example.com/games/tiny-chef-317,True
Wild Dungeon,The ultimate Simulation experience awaits you in Wild Dungeon.,Simulation,https://example.com/images/wild-dungeon-318.jpg,https://example.com/games/wild-dungeon-318,True
Cosmic Zombie,Join millions of players in this Puzzle classic focused on build and zombies.,Puzzle,https://example.com/images/cosmic-zombie-319.jpg,https://example.com/games/cosmic-zombie-319,True
Crystal Chef,Conquer your way to victory in this exciting Puzzle game featuring the legendary Chef.,Puzzle,https://example.com/images/crystal-chef-320.jpg,https://example.com/games/crystal-chef-320,True
Medieval City,The ultimate Simulation experience awaits you in Medieval City.,Simulation,https://example.com/images/medieval-city-321.jpg,https://example.com/games/medieval-city-321,True
Cyber Empire,Join millions of players in this Action classic focused on solve and empires.,Action,https://example.com/images/cyber-empire-322.jpg,https://example.com/games/cyber-empire-322,True
Golden City,A masterful Strategy journey where you must become the ultimate City.,Strategy,https://example.com/images/golden-city-323.jpg,https://example.com/games/golden-city-323,True
Crystal Pilot,The ultimate Adventure experience awaits you in Crystal Pilot.,Adventure,https://example.com/images/crystal-pilot-324.jpg,https://example.com/games/crystal-pilot-324,True
Cosmic Racer,The ultimate Sports experience awaits you in Cosmic Racer.,Sports,https://example.com/images/cosmic-racer-325.jpg,https://example.com/games/cosmic-racer-325,False
Cosmic Robot,Conquer your way to victory in this exciting Sports game featuring the legendary Robot.,Sports,https://example.com/images/cosmic-robot-326.jpg,https://example.com/games/cosmic-robot-326,True
Furious Racer,The ultimate RPG experience awaits you in Furious Racer.,RPG,https://example.com/images/furious-racer-327.jpg,https://example.com/games/furious-racer-327,True
Cosmic Racer,A masterful Action journey where you must become the ultimate Racer.,Action,https://example.com/images/cosmic-racer-328.jpg,https://example.com/games/cosmic-racer-328,True
Cosmic City,The ultimate Racing experience awaits you in Cosmic City.,Racing,https://example.com/images/cosmic-city-329.jpg,https://example.com/games/cosmic-city-329,True
Cosmic Ninja,Survive your way to victory in this exciting Arcade game featuring the legendary Ninja.,Arcade,https://example.com/images/cosmic-ninja-330.jpg,https://example.com/games/cosmic-ninja-330,True
Furious Pilot,The ultimate RPG experience awaits you in Furious Pilot.,RPG,https://example.com/images/furious-pilot-331.jpg,https://example.com/games/furious-pilot-331,False
Mega Empire,Join millions of players in this RPG classic focused on defend and empires.,RPG,https://example.com/images/mega-empire-332.jpg,https://example.com/games/mega-empire-332,True
Mega Pirate,The ultimate Horror experience awaits you in Mega Pirate.,Horror,https://example.com/images/mega-pirate-333.jpg,https://example.com/games/mega-pirate-333,True
Wild Racer,Join millions of players in this Racing classic focused on destroy and racers.,Racing,https://example.com/images/wild-racer-334.jpg,https://example.com/games/wild-racer-334,True
Furious Ninja,A masterful Strategy journey where you must become the ultimate Ninja.,Strategy,https://example.com/images/furious-ninja-335.jpg,https://example.com/games/furious-ninja-335,True
Wild Racer,A masterful Adventure journey where you must become the ultimate Racer.,Adventure,https://example.com/images/wild-racer-336.jpg,https://example.com/games/wild-racer-336,True
Silent Zombie,Solve your way to victory in this exciting Arcade game featuring the legendary Zombie.,Arcade,https://example.com/images/silent-zombie-337.jpg,https://example.com/games/silent-zombie-337,True
Crystal Racer,Join millions of players in this Strategy classic focused on manage and racers.,Strategy,https://example.com/images/crystal-racer-338.jpg,https://example.com/games/crystal-racer-338,True
Wild Chef,The ultimate Simulation experience awaits you in Wild Chef.,Simulation,https://example.com/images/wild-chef-339.jpg,https://example.com/games/wild-chef-339,True
Dark Builder,Join millions of players in this Arcade classic focused on race and builders.,Arcade,https://example.com/images/dark-builder-340.jpg,https://example.com/games/dark-builder-340,True
Crystal Ninja,Experience the thrill of Ninja in this top-rated Sports adventure.,Sports,https://example.com/images/crystal-ninja-341.jpg,https://example.com/games/crystal-ninja-341,True
Furious Dungeon,The ultimate Adventure experience awaits you in Furious Dungeon.,Adventure,https://example.com/images/furious-dungeon-342.jpg,https://example.com/games/furious-dungeon-342,True
Tiny Chef,Join millions of players in this Racing classic focused on destroy and chefs.,Racing,https://example.com/images/tiny-chef-343.jpg,https://example.com/games/tiny-chef-343,True
Cyber Zombie,The ultimate Sports experience awaits you in Cyber Zombie.,Sports,https://example.com/images/cyber-zombie-344.jpg,https://example.com/games/cyber-zombie-344,True
Tiny Hero,Experience the thrill of Hero in this top-rated Racing adventure.,Racing,https://example.com/images/tiny-hero-345.jpg,https://example.com/games/tiny-hero-345,True
Cosmic Builder,Experience the thrill of Builder in this top-rated Adventure adventure.,Adventure,https://example.com/images/cosmic-builder-346.jpg,https://example.com/games/cosmic-builder-346,True
Dark Builder,A masterful Adventure journey where you must become the ultimate Builder.,Adventure,https://example.com/images/dark-builder-347.jpg,https://example.com/games/dark-builder-347,True
Light Dungeon,Survive your way to victory in this exciting Simulation game featuring the legendary Dungeon.,Simulation,https://example.com/images/light-dungeon-348.jpg,https://example.com/games/light-dungeon-348,False
Iron City,Manage your way to victory in this exciting Racing game featuring the legendary City.,Racing,https://example.com/images/iron-city-349.jpg,https://example.com/games/iron-city-349,True
Cyber Chef,Join millions of players in this Arcade classic focused on fight and chefs.,Arcade,https://example.com/images/cyber-chef-350.jpg,https://example.com/games/cyber-chef-350,True
Cyber Detective,Solve your way to victory in this exciting Simulation game featuring the legendary Detective.,Simulation,https://example.com/images/cyber-detective-351.jpg,https://example.com/games/cyber-detective-351,True
Silent Zombie,Experience the thrill of Zombie in this top-rated Puzzle adventure.,Puzzle,https://example.com/images/silent-zombie-352.jpg,https://example.com/games/silent-zombie-352,True
Crystal Warrior,The ultimate Puzzle experience awaits you in Crystal Warrior.,Puzzle,https://example.com/images/crystal-warrior-353.jpg,https://example.com/games/crystal-warrior-353,True
Mega Zombie,Conquer your way to victory in this exciting Sports game featuring the legendary Zombie.,Sports,https://example.com/images/mega-zombie-354.jpg,https://example.com/games/mega-zombie-354,True
Cyber Legend,A masterful Puzzle journey where you must become the ultimate Legend.,Puzzle,https://example.com/images/cyber-legend-355.jpg,https://example.com/games/cyber-legend-355,True
Medieval Builder,Explore your way to victory in this exciting Horror game featuring the legendary Builder.,Horror,https://example.com/images/medieval-builder-356.jpg,https://example.com/games/medieval-builder-356,True
Golden Builder,The ultimate RPG experience awaits you in Golden Builder.,RPG,https://example.com/images/golden-builder-357.jpg,https://example.com/games/golden-builder-357,True
Neon Dungeon,Experience the thrill of Dungeon in this top-rated Racing adventure.,Racing,https://example.com/images/neon-dungeon-358.jpg,https://example.com/games/neon-dungeon-358,True
Cyber Farm,The ultimate Sports experience awaits you in Cyber Farm.,Sports,https://example.com/images/cyber-farm-359.jpg,https://example.com/games/cyber-farm-359,True
Cosmic Hero,Destroy your way to victory in this exciting Strategy game featuring the legendary Hero.,Strategy,https://example.com/images/cosmic-hero-360.jpg,https://example.com/games/cosmic-hero-360,False
Furious Detective,A masterful Action journey where you must become the ultimate Detective.,Action,https://example.com/images/furious-detective-361.jpg,https://example.com/games/furious-detective-361,True
Golden Warrior,Join millions of players in this Action classic focused on explore and warriors.,Action,https://example.com/images/golden-warrior-362.jpg,https://example.com/games/golden-warrior-362,True
Silent Hero,Join millions of players in this Puzzle classic focused on solve and heros.,Puzzle,https://example.com/images/silent-hero-363.jpg,https://example.com/games/silent-hero-363,False
Golden Legend,The ultimate Simulation experience awaits you in Golden Legend.,Simulation,https://example.com/images/golden-legend-364.jpg,https://example.com/games/golden-legend-364,True
Dark Hero,A masterful Horror journey where you must become the ultimate Hero.,Horror,https://example.com/images/dark-hero-365.jpg,https://example.com/games/dark-hero-365,True
Wild Empire,Join millions of players in this Strategy classic focused on build and empires.,Strategy,https://example.com/images/wild-empire-366.jpg,https://example.com/games/wild-empire-366,True
Furious Racer,A masterful Strategy journey where you must become the ultimate Racer.,Strategy,https://example.com/images/furious-racer-367.jpg,https://example.com/games/furious-racer-367,True
Crystal Legend,Experience the thrill of Legend in this top-rated RPG adventure.,RPG,https://example.com/images/crystal-legend-368.jpg,https://example.com/games/crystal-legend-368,True
Medieval Legend,Experience the thrill of Legend in this top-rated Horror adventure.,Horror,https://example.com/images/medieval-legend-369.jpg,https://example.com/games/medieval-legend-369,True
Tiny Warrior,Survive your way to victory in this exciting Simulation game featuring the legendary Warrior.,Simulation,https://example.com/images/tiny-warrior-370.jpg,https://example.com/games/tiny-warrior-370,True
Iron Builder,Experience the thrill of Builder in this top-rated Horror adventure.,Horror,https://example.com/images/iron-builder-371.jpg,https://example.com/games/iron-builder-371,True
Mega Racer,Join millions of players in this Arcade classic focused on survive and racers.,Arcade,https://example.com/images/mega-racer-372.jpg,https://example.com/games/mega-racer-372,True
Neon Racer,Experience the thrill of Racer in this top-rated Simulation adventure.,Simulation,https://example.com/images/neon-racer-373.jpg,https://example.com/games/neon-racer-373,True
Wild Pirate,Experience the thrill of Pirate in this top-rated Horror adventure.,Horror,https://example.com/images/wild-pirate-374.jpg,https://example.com/games/wild-pirate-374,True
Iron Zombie,Experience the thrill of Zombie in this top-rated Horror adventure.,Horror,https://example.com/images/iron-zombie-375.jpg,https://example.com/games/iron-zombie-375,True
Dark Empire,Experience the thrill of Empire in this top-rated Arcade adventure.,Arcade,https://example.com/images/dark-empire-376.jpg,https://example.com/games/dark-empire-376,True
Super Chef,Experience the thrill of Chef in this top-rated Strategy adventure.,Strategy,https://example.com/images/super-chef-377.jpg,https://example.com/games/super-chef-377,True
Dark Legend,The ultimate Horror experience awaits you in Dark Legend.,Horror,https://example.com/images/dark-legend-378.jpg,https://example.com/games/dark-legend-378,True
Crystal Zombie,Fight your way to victory in this exciting Horror game featuring the legendary Zombie.,Horror,https://example.com/images/crystal-zombie-379.jpg,https://example.com/games/crystal-zombie-379,True
Golden Legend,Join millions of players in this RPG classic focused on solve and legends.,RPG,https://example.com/images/golden-legend-380.jpg,https://example.com/games/golden-legend-380,True
Furious Racer,The ultimate Action experience awaits you in Furious Racer.,Action,https://example.com/images/furious-racer-381.jpg,https://example.com/games/furious-racer-381,True
Furious Farm,Experience the thrill of Farm in this top-rated Simulation adventure.,Simulation,https://example.com/images/furious-farm-382.jpg,https://example.com/games/furious-farm-382,False
Silent Robot,Build your way to victory in this exciting Racing game featuring the legendary Robot.,Racing,https://example.com/images/silent-robot-383.jpg,https://example.com/games/silent-robot-383,True
Iron Legend,The ultimate Horror experience awaits you in Iron Legend.,Horror,https://example.com/images/iron-legend-384.jpg,https://example.com/games/iron-legend-384,True
Light City,Experience the thrill of City in this top-rated Horror adventure.,Horror,https://example.com/images/light-city-385.jpg,https://example.com/games/light-city-385,True
Wild City,A masterful Adventure journey where you must become the ultimate City.,Adventure,https://example.com/images/wild-city-386.jpg,https://example.com/games/wild-city-386,True
Medieval Zombie,A masterful Racing journey where you must become the ultimate Zombie.,Racing,https://example.com/images/medieval-zombie-387.jpg,https://example.com/games/medieval-zombie-387,True
Tiny Empire,A masterful Puzzle journey where you must become the ultimate Empire.,Puzzle,https://example.com/images/tiny-empire-388.jpg,https://example.com/games/tiny-empire-388,True
Dark Farm,Manage your way to victory in this exciting Puzzle game featuring the legendary Farm.,Puzzle,https://example.com/images/dark-farm-389.jpg,https://example.com/games/dark-farm-389,True
Wild Ninja,Join millions of players in this Adventure classic focused on fight and ninjas.,Adventure,https://example.com/images/wild-ninja-390.jpg,https://example.com/games/wild-ninja-390,False
Iron Racer,Join millions of players in this Simulation classic focused on build and racers.,Simulation,https://example.com/images/iron-racer-391.jpg,https://example.com/games/iron-racer-391,True
Crystal Detective,Experience the thrill of Detective in this top-rated Adventure adventure.,Adventure,https://example.com/images/crystal-detective-392.jpg,https://example.com/games/crystal-detective-392,True
Iron Builder,Build your way to victory in this exciting Simulation game featuring the legendary Builder.,Simulation,https://example.com/images/iron-builder-393.jpg,https://example.com/games/iron-builder-393,False
Tiny Hero,Conquer your way to victory in this exciting Sports game featuring the legendary Hero.,Sports,https://example.com/images/tiny-hero-394.jpg,https://example.com/games/tiny-hero-394,True
Furious Builder,Fight your way to victory in this exciting Puzzle game featuring the legendary Builder.,Puzzle,https://example.com/images/furious-builder-395.jpg,https://example.com/games/furious-builder-395,True
Mega Pirate,Join millions of players in this RPG classic focused on solve and pirates.,RPG,https://example.com/images/mega-pirate-396.jpg,https://example.com/games/mega-pirate-396,True
Silent City,A masterful Adventure journey where you must become the ultimate City.,Adventure,https://example.com/images/silent-city-397.jpg,https://example.com/games/silent-city-397,True
Neon Empire,A masterful Action journey where you must become the ultimate Empire.,Action,https://example.com/images/neon-empire-398.jpg,https://example.com/games/neon-empire-398,False
Furious Pirate,Destroy your way to victory in this exciting Arcade game featuring the legendary Pirate.,Arcade,https://example.com/images/furious-pirate-399.jpg,https://example.com/games/furious-pirate-399,True
Dark Empire,Build your way to victory in this exciting RPG game featuring the legendary Empire.,RPG,https://example.com/images/dark-empire-400.jpg,https://example.com/games/dark-empire-400,True
Light Hero,The ultimate Action experience awaits you in Light Hero.,Action,https://example.com/images/light-hero-401.jpg,https://example.com/games/light-hero-401,True
Super Zombie,Join millions of players in this Horror classic focused on destroy and zombies.,Horror,https://example.com/images/super-zombie-402.jpg,https://example.com/games/super-zombie-402,True
Cosmic Hero,Race your way to victory in this exciting Strategy game featuring the legendary Hero.,Strategy,https://example.com/images/cosmic-hero-403.jpg,https://example.com/games/cosmic-hero-403,True
Cosmic Chef,Conquer your way to victory in this exciting Adventure game featuring the legendary Chef.,Adventure,https://example.com/images/cosmic-chef-404.jpg,https://example.com/games/cosmic-chef-404,True
Medieval Legend,Experience the thrill of Legend in this top-rated Sports adventure.,Sports,https://example.com/images/medieval-legend-405.jpg,https://example.com/games/medieval-legend-405,True
Neon Pirate,The ultimate Racing experience awaits you in Neon Pirate.,Racing,https://example.com/images/neon-pirate-406.jpg,https://example.com/games/neon-pirate-406,True
Dark Detective,The ultimate Sports experience awaits you in Dark Detective.,Sports,https://example.com/images/dark-detective-407.jpg,https://example.com/games/dark-detective-407,True
Medieval Hero,Experience the thrill of Hero in this top-rated Puzzle adventure.,Puzzle,https://example.com/images/medieval-hero-408.jpg,https://example.com/games/medieval-hero-408,True
Mega Legend,Join millions of players in this Strategy classic focused on explore and legends.,Strategy,https://example.com/images/mega-legend-409.jpg,https://example.com/games/mega-legend-409,True
Dark Dungeon,A masterful Horror journey where you must become the ultimate Dungeon.,Horror,https://example.com/images/dark-dungeon-410.jpg,https://example.com/games/dark-dungeon-410,True
Super Robot,Join millions of players in this Arcade classic focused on destroy and robots.,Arcade,https://example.com/images/super-robot-411.jpg,https://example.com/games/super-robot-411,True
Cyber Racer,Experience the thrill of Racer in this top-rated Simulation adventure.,Simulation,https://example.com/images/cyber-racer-412.jpg,https://example.com/games/cyber-racer-412,True
Golden Warrior,A masterful Sports journey where you must become the ultimate Warrior.,Sports,https://example.com/images/golden-warrior-413.jpg,https://example.com/games/golden-warrior-413,False
Cosmic Detective,The ultimate Arcade experience awaits you in Cosmic Detective.,Arcade,https://example.com/images/cosmic-detective-414.jpg,https://example.com/games/cosmic-detective-414,False
Neon Robot,Solve your way to victory in this exciting Simulation game featuring the legendary Robot.,Simulation,https://example.com/images/neon-robot-415.jpg,https://example.com/games/neon-robot-415,False
Wild Ninja,Join millions of players in this Horror classic focused on solve and ninjas.,Horror,https://example.com/images/wild-ninja-416.jpg,https://example.com/games/wild-ninja-416,True
Medieval Racer,The ultimate Sports experience awaits you in Medieval Racer.,Sports,https://example.com/images/medieval-racer-417.jpg,https://example.com/games/medieval-racer-417,True
Iron Legend,Manage your way to victory in this exciting Sports game featuring the legendary Legend.,Sports,https://example.com/images/iron-legend-418.jpg,https://example.com/games/iron-legend-418,False
Tiny Legend,Experience the thrill of Legend in this top-rated Adventure adventure.,Adventure,https://example.com/images/tiny-legend-419.jpg,https://example.com/games/tiny-legend-419,True
Wild Empire,Experience the thrill of Empire in this top-rated Racing adventure.,Racing,https://example.com/images/wild-empire-420.jpg,https://example.com/games/wild-empire-420,False
Silent City,The ultimate Adventure experience awaits you in Silent City.,Adventure,https://example.com/images/silent-city-421.jpg,https://example.com/games/silent-city-421,False
Cosmic City,Experience the thrill of City in this top-rated Strategy adventure.,Strategy,https://example.com/images/cosmic-city-422.jpg,https://example.com/games/cosmic-city-422,True
Dark Pirate,Manage your way to victory in this exciting Puzzle game featuring the legendary Pirate.,Puzzle,https://example.com/images/dark-pirate-423.jpg,https://example.com/games/dark-pirate-423,True
Light Empire,A masterful Puzzle journey where you must become the ultimate Empire.,Puzzle,https://example.com/images/light-empire-424.jpg,https://example.com/games/light-empire-424,True
Neon Dungeon,Experience the thrill of Dungeon in this top-rated Simulation adventure.,Simulation,https://example.com/images/neon-dungeon-425.jpg,https://example.com/games/neon-dungeon-425,False
Wild Chef,The ultimate Simulation experience awaits you in Wild Chef.,Simulation,https://example.com/images/wild-chef-426.jpg,https://example.com/games/wild-chef-426,False
Dark Ninja,Build your way to victory in this exciting Simulation game featuring the legendary Ninja.,Simulation,https://example.com/images/dark-ninja-427.jpg,https://example.com/games/dark-ninja-427,True
Cyber Hero,A masterful RPG journey where you must become the ultimate Hero.,RPG,https://example.com/images/cyber-hero-428.jpg,https://example.com/games/cyber-hero-428,True
Wild Chef,Experience the thrill of Chef in this top-rated Puzzle adventure.,Puzzle,https://example.com/images/wild-chef-429.jpg,https://example.com/games/wild-chef-429,True
Furious Pirate,Experience the thrill of Pirate in this top-rated Adventure adventure.,Adventure,https://example.com/images/furious-pirate-430.jpg,https://example.com/games/furious-pirate-430,True
Silent Builder,The ultimate Arcade experience awaits you in Silent Builder.,Arcade,https://example.com/images/silent-builder-431.jpg,https://example.com/games/silent-builder-431,True
Light Pirate,Join millions of players in this Adventure classic focused on conquer and pirates.,Adventure,https://example.com/images/light-pirate-432.jpg,https://example.com/games/light-pirate-432,True
Dark Robot,Conquer your way to victory in this exciting RPG game featuring the legendary Robot.,RPG,https://example.com/images/dark-robot-433.jpg,https://example.com/games/dark-robot-433,True
Silent Detective,Manage your way to victory in this exciting Horror game featuring the legendary Detective.,Horror,https://example.com/images/silent-detective-434.jpg,https://example.com/games/silent-detective-434,True
Medieval Zombie,Race your way to victory in this exciting Strategy game featuring the legendary Zombie.,Strategy,https://example.com/images/medieval-zombie-435.jpg,https://example.com/games/medieval-zombie-435,False
Mega Pirate,The ultimate Simulation experience awaits you in Mega Pirate.,Simulation,https://example.com/images/mega-pirate-436.jpg,https://example.com/games/mega-pirate-436,False
Furious Builder,Conquer your way to victory in this exciting Racing game featuring the legendary Builder.,Racing,https://example.com/images/furious-builder-437.jpg,https://example.com/games/furious-builder-437,True
Epic City,Join millions of players in this Adventure classic focused on fight and citys.,Adventure,https://example.com/images/epic-city-438.jpg,https://example.com/games/epic-city-438,False
Cosmic Warrior,Experience the thrill of Warrior in this top-rated Adventure adventure.,Adventure,https://example.com/images/cosmic-warrior-439.jpg,https://example.com/games/cosmic-warrior-439,True
Neon Detective,A masterful Adventure journey where you must become the ultimate Detective.,Adventure,https://example.com/images/neon-detective-440.jpg,https://example.com/games/neon-detective-440,True
Medieval Hero,Join millions of players in this Simulation classic focused on destroy and heros.,Simulation,https://example.com/images/medieval-hero-441.jpg,https://example.com/games/medieval-hero-441,True
Cyber Dungeon,Conquer your way to victory in this exciting Simulation game featuring the legendary Dungeon.,Simulation,https://example.com/images/cyber-dungeon-442.jpg,https://example.com/games/cyber-dungeon-442,True
Iron Warrior,The ultimate Sports experience awaits you in Iron Warrior.,Sports,https://example.com/images/iron-warrior-443.jpg,https://example.com/games/iron-warrior-443,True
Tiny Dungeon,Join millions of players in this Sports classic focused on manage and dungeons.,Sports,https://example.com/images/tiny-dungeon-444.jpg,https://example.com/games/tiny-dungeon-444,True
Super Farm,Join millions of players in this Simulation classic focused on fight and farms.,Simulation,https://example.com/images/super-farm-445.jpg,https://example.com/games/super-farm-445,False
Light Farm,Experience the thrill of Farm in this top-rated Action adventure.,Action,https://example.com/images/light-farm-446.jpg,https://example.com/games/light-farm-446,False
Golden Hero,Join millions of players in this Horror classic focused on conquer and heros.,Horror,https://example.com/images/golden-hero-447.jpg,https://example.com/games/golden-hero-447,True
Cyber Ninja,Join millions of players in this Arcade classic focused on solve and ninjas.,Arcade,https://example.com/images/cyber-ninja-448.jpg,https://example.com/games/cyber-ninja-448,True
Golden Racer,Experience the thrill of Racer in this top-rated Action adventure.,Action,https://example.com/images/golden-racer-449.jpg,https://example.com/games/golden-racer-449,False
Furious Robot,Solve your way to victory in this exciting Action game featuring the legendary Robot.,Action,https://example.com/images/furious-robot-450.jpg,https://example.com/games/furious-robot-450,True
Mega Detective,The ultimate Racing experience awaits you in Mega Detective.,Racing,https://example.com/images/mega-detective-451.jpg,https://example.com/games/mega-detective-451,True
Neon Racer,Experience the thrill of Racer in this top-rated Racing adventure.,Racing,https://example.com/images/neon-racer-452.jpg,https://example.com/games/neon-racer-452,True
Light Racer,The ultimate Adventure experience awaits you in Light Racer.,Adventure,https://example.com/images/light-racer-453.jpg,https://example.com/games/light-racer-453,True
Silent Racer,A masterful Action journey where you must become the ultimate Racer.,Action,https://example.com/images/silent-racer-454.jpg,https://example.com/games/silent-racer-454,True
Epic Hero,Defend your way to victory in this exciting Strategy game featuring the legendary Hero.,Strategy,https://example.com/images/epic-hero-455.jpg,https://example.com/games/epic-hero-455,True
Crystal City,Fight your way to victory in this exciting Simulation game featuring the legendary City.,Simulation,https://example.com/images/crystal-city-456.jpg,https://example.com/games/crystal-city-456,True
Cosmic Warrior,Experience the thrill of Warrior in this top-rated Puzzle adventure.,Puzzle,https://example.com/images/cosmic-warrior-457.jpg,https://example.com/games/cosmic-warrior-457,True
Mega Zombie,A masterful Action journey where you must become the ultimate Zombie.,Action,https://example.com/images/mega-zombie-458.jpg,https://example.com/games/mega-zombie-458,True
Neon Robot,Join millions of players in this Horror classic focused on explore and robots.,Horror,https://example.com/images/neon-robot-459.jpg,https://example.com/games/neon-robot-459,True
Tiny Chef,A masterful Strategy journey where you must become the ultimate Chef.,Strategy,https://example.com/images/tiny-chef-460.jpg,https://example.com/games/tiny-chef-460,True
Medieval Empire,Experience the thrill of Empire in this top-rated RPG adventure.,RPG,https://example.com/images/medieval-empire-461.jpg,https://example.com/games/medieval-empire-461,False
Dark Robot,Explore your way to victory in this exciting Sports game featuring the legendary Robot.,Sports,https://example.com/images/dark-robot-462.jpg,https://example.com/games/dark-robot-462,True
Tiny Dungeon,A masterful RPG journey where you must become the ultimate Dungeon.,RPG,https://example.com/images/tiny-dungeon-463.jpg,https://example.com/games/tiny-dungeon-463,True
Silent Dungeon,Explore your way to victory in this exciting RPG game featuring the legendary Dungeon.,RPG,https://example.com/images/silent-dungeon-464.jpg,https://example.com/games/silent-dungeon-464,True
Light Zombie,Survive your way to victory in this exciting Horror game featuring the legendary Zombie.,Horror,https://example.com/images/light-zombie-465.jpg,https://example.com/games/light-zombie-465,True
Silent Pirate,A masterful Puzzle journey where you must become the ultimate Pirate.,Puzzle,https://example.com/images/silent-pirate-466.jpg,https://example.com/games/silent-pirate-466,True
Epic Zombie,Manage your way to victory in this exciting Horror game featuring the legendary Zombie.,Horror,https://example.com/images/epic-zombie-467.jpg,https://example.com/games/epic-zombie-467,False
Dark Empire,Join millions of players in this Strategy classic focused on defend and empires.,Strategy,https://example.com/images/dark-empire-468.jpg,https://example.com/games/dark-empire-468,True
Iron Empire,Destroy your way to victory in this exciting Sports game featuring the legendary Empire.,Sports,https://example.com/images/iron-empire-469.jpg,https://example.com/games/iron-empire-469,False
Dark Builder,A masterful Simulation journey where you must become the ultimate Builder.,Simulation,https://example.com/images/dark-builder-470.jpg,https://example.com/games/dark-builder-470,True
Neon Pilot,Experience the thrill of Pilot in this top-rated Arcade adventure.,Arcade,https://example.com/images/neon-pilot-471.jpg,https://example.com/games/neon-pilot-471,True
Furious City,The ultimate Racing experience awaits you in Furious City.,Racing,https://example.com/images/furious-city-472.jpg,https://example.com/games/furious-city-472,True
Dark Ninja,The ultimate Horror experience awaits you in Dark Ninja.,Horror,https://example.com/images/dark-ninja-473.jpg,https://example.com/games/dark-ninja-473,True
Epic City,Join millions of players in this Simulation classic focused on destroy and citys.,Simulation,https://example.com/images/epic-city-474.jpg,https://example.com/games/epic-city-474,True
Crystal Builder,The ultimate Horror experience awaits you in Crystal Builder.,Horror,https://example.com/images/crystal-builder-475.jpg,https://example.com/games/crystal-builder-475,True
Iron Farm,Experience the thrill of Farm in this top-rated Strategy adventure.,Strategy,https://example.com/images/iron-farm-476.jpg,https://example.com/games/iron-farm-476,True
Super City,Join millions of players in this Horror classic focused on defend and citys.,Horror,https://example.com/images/super-city-477.jpg,https://example.com/games/super-city-477,True
Furious City,Join millions of players in this Horror classic focused on manage and citys.,Horror,https://example.com/images/furious-city-478.jpg,https://example.com/games/furious-city-478,True
Mega Robot,Join millions of players in this RPG classic focused on build and robots.,RPG,https://example.com/images/mega-robot-479.jpg,https://example.com/games/mega-robot-479,True
Silent Legend,Solve your way to victory in this exciting Adventure game featuring the legendary Legend.,Adventure,https://example.com/images/silent-legend-480.jpg,https://example.com/games/silent-legend-480,True
Golden City,Destroy your way to victory in this exciting RPG game featuring the legendary City.,RPG,https://example.com/images/golden-city-481.jpg,https://example.com/games/golden-city-481,True
Super Farm,Experience the thrill of Farm in this top-rated Adventure adventure.,Adventure,https://example.com/images/super-farm-482.jpg,https://example.com/games/super-farm-482,True
Epic Detective,Join millions of players in this Adventure classic focused on manage and detectives.,Adventure,https://example.com/images/epic-detective-483.jpg,https://example.com/games/epic-detective-483,True
Super Warrior,Experience the thrill of Warrior in this top-rated Simulation adventure.,Simulation,https://example.com/images/super-warrior-484.jpg,https://example.com/games/super-warrior-484,True
Golden Racer,A masterful Arcade journey where you must become the ultimate Racer.,Arcade,https://example.com/images/golden-racer-485.jpg,https://example.com/games/golden-racer-485,True
Epic Warrior,Join millions of players in this Horror classic focused on fight and warriors.,Horror,https://example.com/images/epic-warrior-486.jpg,https://example.com/games/epic-warrior-486,True
Iron Chef,Race your way to victory in this exciting Simulation game featuring the legendary Chef.,Simulation,https://example.com/images/iron-chef-487.jpg,https://example.com/games/iron-chef-487,True
Golden Zombie,Experience the thrill of Zombie in this top-rated Adventure adventure.,Adventure,https://example.com/images/golden-zombie-488.jpg,https://example.com/games/golden-zombie-488,True
Cosmic Hero,The ultimate Horror experience awaits you in Cosmic Hero.,Horror,https://example.com/images/cosmic-hero-489.jpg,https://example.com/games/cosmic-hero-489,True
Silent Pirate,The ultimate RPG experience awaits you in Silent Pirate.,RPG,https://example.com/images/silent-pirate-490.jpg,https://example.com/games/silent-pirate-490,True
Super City,Join millions of players in this Sports classic focused on race and citys.,Sports,https://example.com/images/super-city-491.jpg,https://example.com/games/super-city-491,True
Neon Zombie,A masterful Racing journey where you must become the ultimate Zombie.,Racing,https://example.com/images/neon-zombie-492.jpg,https://example.com/games/neon-zombie-492,True
Mega Ninja,Explore your way to victory in this exciting Adventure game featuring the legendary Ninja.,Adventure,https://example.com/images/mega-ninja-493.jpg,https://example.com/games/mega-ninja-493,True
Crystal Zombie,Solve your way to victory in this exciting Puzzle game featuring the legendary Zombie.,Puzzle,https://example.com/images/crystal-zombie-494.jpg,https://example.com/games/crystal-zombie-494,True
Furious Empire,Join millions of players in this RPG classic focused on solve and empires.,RPG,https://example.com/images/furious-empire-495.jpg,https://example.com/games/furious-empire-495,True
Furious Chef,Experience the thrill of Chef in this top-rated Action adventure.,Action,https://example.com/images/furious-chef-496.jpg,https://example.com/games/furious-chef-496,True
Super Dungeon,A masterful Strategy journey where you must become the ultimate Dungeon.,Strategy,https://example.com/images/super-dungeon-497.jpg,https://example.com/games/super-dungeon-497,True
Wild Robot,The ultimate Horror experience awaits you in Wild Robot.,Horror,https://example.com/images/wild-robot-498.jpg,https://example.com/games/wild-robot-498,True
Silent Legend,Experience the thrill of Legend in this top-rated Strategy adventure.,Strategy,https://example.com/images/silent-legend-499.jpg,https://example.com/games/silent-legend-499,True
Medieval Detective,A masterful Simulation journey where you must become the ultimate Detective.,Simulation,https://example.com/images/medieval-detective-500.jpg,https://example.com/games/medieval-detective-500,True
Golden Dungeon,Solve your way to victory in this exciting Sports game featuring the legendary Dungeon.,Sports,https://example.com/images/golden-dungeon-501.jpg,https://example.com/games/golden-dungeon-501,True
Crystal Dungeon,Build your way to victory in this exciting Racing game featuring the legendary Dungeon.,Racing,https://example.com/images/crystal-dungeon-502.jpg,https://example.com/games/crystal-dungeon-502,False
Super Dungeon,Join millions of players in this RPG classic focused on fight and dungeons.,RPG,https://example.com/images/super-dungeon-503.jpg,https://example.com/games/super-dungeon-503,True
Silent Legend,Experience the thrill of Legend in this top-rated Adventure adventure.,Adventure,https://example.com/images/silent-legend-504.jpg,https://example.com/games/silent-legend-504,False
Furious Robot,Build your way to victory in this exciting Puzzle game featuring the legendary Robot.,Puzzle,https://example.com/images/furious-robot-505.jpg,https://example.com/games/furious-robot-505,True
Epic City,A masterful Racing journey where you must become the ultimate City.,Racing,https://example.com/images/epic-city-506.jpg,https://example.com/games/epic-city-506,True
Medieval Pirate,A masterful RPG journey where you must become the ultimate Pirate.,RPG,https://example.com/images/medieval-pirate-507.jpg,https://example.com/games/medieval-pirate-507,True
Wild Dungeon,Destroy your way to victory in this exciting Puzzle game featuring the legendary Dungeon.,Puzzle,https://example.com/images/wild-dungeon-508.jpg,https://example.com/games/wild-dungeon-508,False
Medieval Legend,A masterful RPG journey where you must become the ultimate Legend.,RPG,https://example.com/images/medieval-legend-509.jpg,https://example.com/games/medieval-legend-509,False
Cosmic Builder,Join millions of players in this Puzzle classic focused on build and builders.,Puzzle,https://example.com/images/cosmic-builder-510.jpg,https://example.com/games/cosmic-builder-510,True
Furious Chef,Destroy your way to victory in this exciting Sports game featuring the legendary Chef.,Sports,https://example.com/images/furious-chef-511.jpg,https://example.com/games/furious-chef-511,True
Cosmic City,The ultimate Strategy experience awaits you in Cosmic City.,Strategy,https://example.com/images/cosmic-city-512.jpg,https://example.com/games/cosmic-city-512,True
Super Racer,The ultimate Sports experience awaits you in Super Racer.,Sports,https://example.com/images/super-racer-513.jpg,https://example.com/games/super-racer-513,True
Mega Hero,Build your way to victory in this exciting Arcade game featuring the legendary Hero.,Arcade,https://example.com/images/mega-hero-514.jpg,https://example.com/games/mega-hero-514,True
Epic Ninja,Experience the thrill of Ninja in this top-rated Strategy adventure.,Strategy,https://example.com/images/epic-ninja-515.jpg,https://example.com/games/epic-ninja-515,False
Super Chef,Join millions of players in this Sports classic focused on conquer and chefs.,Sports,https://example.com/images/super-chef-516.jpg,https://example.com/games/super-chef-516,True
Medieval Robot,Join millions of players in this Racing classic focused on fight and robots.,Racing,https://example.com/images/medieval-robot-517.jpg,https://example.com/games/medieval-robot-517,True
Cosmic Pirate,Fight your way to victory in this exciting Adventure game featuring the legendary Pirate.,Adventure,https://example.com/images/cosmic-pirate-518.jpg,https://example.com/games/cosmic-pirate-518,True
Mega Zombie,The ultimate Simulation experience awaits you in Mega Zombie.,Simulation,https://example.com/images/mega-zombie-519.jpg,https://example.com/games/mega-zombie-519,True
Golden Pirate,Join millions of players in this Strategy classic focused on solve and pirates.,Strategy,https://example.com/images/golden-pirate-520.jpg,https://example.com/games/golden-pirate-520,True
Light Builder,Destroy your way to victory in this exciting Action game featuring the legendary Builder.,Action,https://example.com/images/light-builder-521.jpg,https://example.com/games/light-builder-521,True
Golden Robot,A masterful Sports journey where you must become the ultimate Robot.,Sports,https://example.com/images/golden-robot-522.jpg,https://example.com/games/golden-robot-522,False
Furious Racer,Destroy your way to victory in this exciting Arcade game featuring the legendary Racer.,Arcade,https://example.com/images/furious-racer-523.jpg,https://example.com/games/furious-racer-523,True
Golden Ninja,A masterful Racing journey where you must become the ultimate Ninja.,Racing,https://example.com/images/golden-ninja-524.jpg,https://example.com/games/golden-ninja-524,True
Tiny City,Join millions of players in this Action classic focused on explore and citys.,Action,https://example.com/images/tiny-city-525.jpg,https://example.com/games/tiny-city-525,True
Cyber Hero,A masterful Arcade journey where you must become the ultimate Hero.,Arcade,https://example.com/images/cyber-hero-526.jpg,https://example.com/games/cyber-hero-526,True
Wild Empire,Conquer your way to victory in this exciting RPG game featuring the legendary Empire.,RPG,https://example.com/images/wild-empire-527.jpg,https://example.com/games/wild-empire-527,True
Tiny Builder,Experience the thrill of Builder in this top-rated Strategy adventure.,Strategy,https://example.com/images/tiny-builder-528.jpg,https://example.com/games/tiny-builder-528,False
Super Detective,Fight your way to victory in this exciting Racing game featuring the legendary Detective.,Racing,https://example.com/images/super-detective-529.jpg,https://example.com/games/super-detective-529,True
Super Dungeon,The ultimate Simulation experience awaits you in Super Dungeon.,Simulation,https://example.com/images/super-dungeon-530.jpg,https://example.com/games/super-dungeon-530,True
Light Ninja,A masterful Puzzle journey where you must become the ultimate Ninja.,Puzzle,https://example.com/images/light-ninja-531.jpg,https://example.com/games/light-ninja-531,True
Silent Hero,Race your way to victory in this exciting Action game featuring the legendary Hero.,Action,https://example.com/images/silent-hero-532.jpg,https://example.com/games/silent-hero-532,True
Cyber Warrior,The ultimate Simulation experience awaits you in Cyber Warrior.,Simulation,https://example.com/images/cyber-warrior-533.jpg,https://example.com/games/cyber-warrior-533,True
Light Robot,Destroy your way to victory in this exciting Simulation game featuring the legendary Robot.,Simulation,https://example.com/images/light-robot-534.jpg,https://example.com/games/light-robot-534,True
Wild Pilot,Explore your way to victory in this exciting Horror game featuring the legendary Pilot.,Horror,https://example.com/images/wild-pilot-535.jpg,https://example.com/games/wild-pilot-535,True
Crystal Warrior,Solve your way to victory in this exciting Puzzle game featuring the legendary Warrior.,Puzzle,https://example.com/images/crystal-warrior-536.jpg,https://example.com/games/crystal-warrior-536,True
Super Ninja,Experience the thrill of Ninja in this top-rated Adventure adventure.,Adventure,https://example.com/images/super-ninja-537.jpg,https://example.com/games/super-ninja-537,False
Epic Detective,Experience the thrill of Detective in this top-rated Racing adventure.,Racing,https://example.com/images/epic-detective-538.jpg,https://example.com/games/epic-detective-538,True
Tiny City,Experience the thrill of City in this top-rated Arcade adventure.,Arcade,https://example.com/images/tiny-city-539.jpg,https://example.com/games/tiny-city-539,True
Wild Legend,Fight your way to victory in this exciting Adventure game featuring the legendary Legend.,Adventure,https://example.com/images/wild-legend-540.jpg,https://example.com/games/wild-legend-540,False
Golden City,A masterful Simulation journey where you must become the ultimate City.,Simulation,https://example.com/images/golden-city-541.jpg,https://example.com/games/golden-city-541,True
Light Racer,The ultimate Racing experience awaits you in Light Racer.,Racing,https://example.com/images/light-racer-542.jpg,https://example.com/games/light-racer-542,True
Super Zombie,Experience the thrill of Zombie in this top-rated Horror adventure.,Horror,https://example.com/images/super-zombie-543.jpg,https://example.com/games/super-zombie-543,True
Light Farm,Experience the thrill of Farm in this top-rated Adventure adventure.,Adventure,https://example.com/images/light-farm-544.jpg,https://example.com/games/light-farm-544,True
Cyber Empire,The ultimate Sports experience awaits you in Cyber Empire.,Sports,https://example.com/images/cyber-empire-545.jpg,https://example.com/games/cyber-empire-545,True
Neon Chef,A masterful Strategy journey where you must become the ultimate Chef.,Strategy,https://example.com/images/neon-chef-546.jpg,https://example.com/games/neon-chef-546,True
Iron Racer,The ultimate Action experience awaits you in Iron Racer.,Action,https://example.com/images/iron-racer-547.jpg,https://example.com/games/iron-racer-547,True
Iron Zombie,The ultimate Simulation experience awaits you in Iron Zombie.,Simulation,https://example.com/images/iron-zombie-548.jpg,https://example.com/games/iron-zombie-548,True
Super Builder,The ultimate Adventure experience awaits you in Super Builder.,Adventure,https://example.com/images/super-builder-549.jpg,https://example.com/games/super-builder-549,True
Cyber Chef,A masterful RPG journey where you must become the ultimate Chef.,RPG,https://example.com/images/cyber-chef-550.jpg,https://example.com/games/cyber-chef-550,False
Crystal Ninja,Experience the thrill of Ninja in this top-rated Simulation adventure.,Simulation,https://example.com/images/crystal-ninja-551.jpg,https://example.com/games/crystal-ninja-551,True
Super Zombie,Experience the thrill of Zombie in this top-rated Puzzle adventure.,Puzzle,https://example.com/images/super-zombie-552.jpg,https://example.com/games/super-zombie-552,False
Epic Chef,A masterful Strategy journey where you must become the ultimate Chef.,Strategy,https://example.com/images/epic-chef-553.jpg,https://example.com/games/epic-chef-553,False
Furious Pilot,Experience the thrill of Pilot in this top-rated Horror adventure.,Horror,https://example.com/images/furious-pilot-554.jpg,https://example.com/games/furious-pilot-554,True
Crystal Detective,The ultimate Simulation experience awaits you in Crystal Detective.,Simulation,https://example.com/images/crystal-detective-555.jpg,https://example.com/games/crystal-detective-555,True
Medieval Chef,Race your way to victory in this exciting Simulation game featuring the legendary Chef.,Simulation,https://example.com/images/medieval-chef-556.jpg,https://example.com/games/medieval-chef-556,True
Epic Hero,Experience the thrill of Hero in this top-rated Adventure adventure.,Adventure,https://example.com/images/epic-hero-557.jpg,https://example.com/games/epic-hero-557,True
Neon Pilot,A masterful Puzzle journey where you must become the ultimate Pilot.,Puzzle,https://example.com/images/neon-pilot-558.jpg,https://example.com/games/neon-pilot-558,True
Dark Warrior,A masterful Adventure journey where you must become the ultimate Warrior.,Adventure,https://example.com/images/dark-warrior-559.jpg,https://example.com/games/dark-warrior-559,False
Iron Pilot,Solve your way to victory in this exciting Strategy game featuring the legendary Pilot.,Strategy,https://example.com/images/iron-pilot-560.jpg,https://example.com/games/iron-pilot-560,False
Iron Pirate,Join millions of players in this Horror classic focused on survive and pirates.,Horror,https://example.com/images/iron-pirate-561.jpg,https://example.com/games/iron-pirate-561,True
Golden City,Manage your way to victory in this exciting Racing game featuring the legendary City.,Racing,https://example.com/images/golden-city-562.jpg,https://example.com/games/golden-city-562,True
Super Racer,Experience the thrill of Racer in this top-rated Horror adventure.,Horror,https://example.com/images/super-racer-563.jpg,https://example.com/games/super-racer-563,True
Iron Pirate,Experience the thrill of Pirate in this top-rated Simulation adventure.,Simulation,https://example.com/images/iron-pirate-564.jpg,https://example.com/games/iron-pirate-564,True
Epic Zombie,The ultimate Simulation experience awaits you in Epic Zombie.,Simulation,https://example.com/images/epic-zombie-565.jpg,https://example.com/games/epic-zombie-565,True
Crystal Detective,Join millions of players in this RPG classic focused on explore and detectives.,RPG,https://example.com/images/crystal-detective-566.jpg,https://example.com/games/crystal-detective-566,True
Tiny Warrior,The ultimate Puzzle experience awaits you in Tiny Warrior.,Puzzle,https://example.com/images/tiny-warrior-567.jpg,https://example.com/games/tiny-warrior-567,True
Neon Dungeon,Join millions of players in this Simulation classic focused on race and dungeons.,Simulation,https://example.com/images/neon-dungeon-568.jpg,https://example.com/games/neon-dungeon-568,False
Tiny Pirate,A masterful Puzzle journey where you must become the ultimate Pirate.,Puzzle,https://example.com/images/tiny-pirate-569.jpg,https://example.com/games/tiny-pirate-569,True
Crystal Detective,The ultimate Racing experience awaits you in Crystal Detective.,Racing,https://example.com/images/crystal-detective-570.jpg,https://example.com/games/crystal-detective-570,True
Tiny Detective,Experience the thrill of Detective in this top-rated Action adventure.,Action,https://example.com/images/tiny-detective-571.jpg,https://example.com/games/tiny-detective-571,True
Cosmic City,Experience the thrill of City in this top-rated Arcade adventure.,Arcade,https://example.com/images/cosmic-city-572.jpg,https://example.com/games/cosmic-city-572,True
Medieval Pilot,Join millions of players in this Simulation classic focused on conquer and pilots.,Simulation,https://example.com/images/medieval-pilot-573.jpg,https://example.com/games/medieval-pilot-573,True
Medieval Chef,Fight your way to victory in this exciting Action game featuring the legendary Chef.,Action,https://example.com/images/medieval-chef-574.jpg,https://example.com/games/medieval-chef-574,True
Furious Racer,A masterful Arcade journey where you must become the ultimate Racer.,Arcade,https://example.com/images/furious-racer-575.jpg,https://example.com/games/furious-racer-575,True
Mega Ninja,A masterful Action journey where you must become the ultimate Ninja.,Action,https://example.com/images/mega-ninja-576.jpg,https://example.com/games/mega-ninja-576,True
Crystal Chef,Destroy your way to victory in this exciting Racing game featuring the legendary Chef.,Racing,https://example.com/images/crystal-chef-577.jpg,https://example.com/games/crystal-chef-577,True
Silent Farm,A masterful Horror journey where you must become the ultimate Farm.,Horror,https://example.com/images/silent-farm-578.jpg,https://example.com/games/silent-farm-578,True
Super Warrior,Build your way to victory in this exciting Racing game featuring the legendary Warrior.,Racing,https://example.com/images/super-warrior-579.jpg,https://example.com/games/super-warrior-579,True
Mega Dungeon,Experience the thrill of Dungeon in this top-rated Arcade adventure.,Arcade,https://example.com/images/mega-dungeon-580.jpg,https://example.com/games/mega-dungeon-580,True
Golden Builder,A masterful Racing journey where you must become the ultimate Builder.,Racing,https://example.com/images/golden-builder-581.jpg,https://example.com/games/golden-builder-581,True
Tiny Hero,Fight your way to victory in this exciting RPG game featuring the legendary Hero.,RPG,https://example.com/images/tiny-hero-582.jpg,https://example.com/games/tiny-hero-582,True
Crystal Builder,The ultimate RPG experience awaits you in Crystal Builder.,RPG,https://example.com/images/crystal-builder-583.jpg,https://example.com/games/crystal-builder-583,True
Furious Ninja,Solve your way to victory in this exciting Racing game featuring the legendary Ninja.,Racing,https://example.com/images/furious-ninja-584.jpg,https://example.com/games/furious-ninja-584,False
Super Dungeon,Survive your way to victory in this exciting Strategy game featuring the legendary Dungeon.,Strategy,https://example.com/images/super-dungeon-585.jpg,https://example.com/games/super-dungeon-585,True
Medieval Dungeon,Experience the thrill of Dungeon in this top-rated Strategy adventure.,Strategy,https://example.com/images/medieval-dungeon-586.jpg,https://example.com/games/medieval-dungeon-586,True
Super Dungeon,Join millions of players in this Racing classic focused on fight and dungeons.,Racing,https://example.com/images/super-dungeon-587.jpg,https://example.com/games/super-dungeon-587,True
Cosmic Racer,A masterful Racing journey where you must become the ultimate Racer.,Racing,https://example.com/images/cosmic-racer-588.jpg,https://example.com/games/cosmic-racer-588,True
Crystal Farm,Join millions of players in this Action classic focused on fight and farms.,Action,https://example.com/images/crystal-farm-589.jpg,https://example.com/games/crystal-farm-589,True
Iron Dungeon,The ultimate Arcade experience awaits you in Iron Dungeon.,Arcade,https://example.com/images/iron-dungeon-590.jpg,https://example.com/games/iron-dungeon-590,False
Furious Racer,Experience the thrill of Racer in this top-rated Puzzle adventure.,Puzzle,https://example.com/images/furious-racer-591.jpg,https://example.com/games/furious-racer-591,True
Wild Legend,Destroy your way to victory in this exciting Sports game featuring the legendary Legend.,Sports,https://example.com/images/wild-legend-592.jpg,https://example.com/games/wild-legend-592,True
Mega Racer,Survive your way to victory in this exciting RPG game featuring the legendary Racer.,RPG,https://example.com/images/mega-racer-593.jpg,https://example.com/games/mega-racer-593,True
Neon Empire,Manage your way to victory in this exciting Strategy game featuring the legendary Empire.,Strategy,https://example.com/images/neon-empire-594.jpg,https://example.com/games/neon-empire-594,True
Super Racer,Manage your way to victory in this exciting Horror game featuring the legendary Racer.,Horror,https://example.com/images/super-racer-595.jpg,https://example.com/games/super-racer-595,True
Dark Zombie,The ultimate Arcade experience awaits you in Dark Zombie.,Arcade,https://example.com/images/dark-zombie-596.jpg,https://example.com/games/dark-zombie-596,True
Crystal Pilot,Join millions of players in this Puzzle classic focused on defend and pilots.,Puzzle,https://example.com/images/crystal-pilot-597.jpg,https://example.com/games/crystal-pilot-597,False
Crystal Builder,Join millions of players in this Adventure classic focused on destroy and builders.,Adventure,https://example.com/images/crystal-builder-598.jpg,https://example.com/games/crystal-builder-598,True
Light Pilot,Join millions of players in this Simulation classic focused on fight and pilots.,Simulation,https://example.com/images/light-pilot-599.jpg,https://example.com/games/light-pilot-599,False
Epic Farm,Experience the thrill of Farm in this top-rated Puzzle adventure.,Puzzle,https://example.com/images/epic-farm-600.jpg,https://example.com/games/epic-farm-600,True
Furious City,Join millions of players in this Simulation classic focused on manage and citys.,Simulation,https://example.com/images/furious-city-601.jpg,https://example.com/games/furious-city-601,True
Medieval Dungeon,The ultimate Sports experience awaits you in Medieval Dungeon.,Sports,https://example.com/images/medieval-dungeon-602.jpg,https://example.com/games/medieval-dungeon-602,True
Furious Builder,A masterful Racing journey where you must become the ultimate Builder.,Racing,https://example.com/images/furious-builder-603.jpg,https://example.com/games/furious-builder-603,False
Medieval Dungeon,A masterful Strategy journey where you must become the ultimate Dungeon.,Strategy,https://example.com/images/medieval-dungeon-604.jpg,https://example.com/games/medieval-dungeon-604,False
Medieval Hero,Join millions of players in this Action classic focused on destroy and heros.,Action,https://example.com/images/medieval-hero-605.jpg,https://example.com/games/medieval-hero-605,True
Super City,Join millions of players in this Sports classic focused on survive and citys.,Sports,https://example.com/images/super-city-606.jpg,https://example.com/games/super-city-606,True
Golden Zombie,The ultimate Puzzle experience awaits you in Golden Zombie.,Puzzle,https://example.com/images/golden-zombie-607.jpg,https://example.com/games/golden-zombie-607,True
Super Builder,Survive your way to victory in this exciting Puzzle game featuring the legendary Builder.,Puzzle,https://example.com/images/super-builder-608.jpg,https://example.com/games/super-builder-608,True
Wild Pilot,Manage your way to victory in this exciting Racing game featuring the legendary Pilot.,Racing,https://example.com/images/wild-pilot-609.jpg,https://example.com/games/wild-pilot-609,False
Iron Zombie,A masterful Action journey where you must become the ultimate Zombie.,Action,https://example.com/images/iron-zombie-610.jpg,https://example.com/games/iron-zombie-610,True
Neon Hero,Conquer your way to victory in this exciting Racing game featuring the legendary Hero.,Racing,https://example.com/images/neon-hero-611.jpg,https://example.com/games/neon-hero-611,True
Iron Dungeon,The ultimate Arcade experience awaits you in Iron Dungeon.,Arcade,https://example.com/images/iron-dungeon-612.jpg,https://example.com/games/iron-dungeon-612,True
Super Ninja,Manage your way to victory in this exciting Puzzle game featuring the legendary Ninja.,Puzzle,https://example.com/images/super-ninja-613.jpg,https://example.com/games/super-ninja-613,True
Neon Warrior,Join millions of players in this Horror classic focused on conquer and warriors.,Horror,https://example.com/images/neon-warrior-614.jpg,https://example.com/games/neon-warrior-614,True
Furious Farm,The ultimate Strategy experience awaits you in Furious Farm.,Strategy,https://example.com/images/furious-farm-615.jpg,https://example.com/games/furious-farm-615,True
Super Chef,The ultimate Racing experience awaits you in Super Chef.,Racing,https://example.com/images/super-chef-616.jpg,https://example.com/games/super-chef-616,False
Medieval Chef,A masterful Sports journey where you must become the ultimate Chef.,Sports,https://example.com/images/medieval-chef-617.jpg,https://example.com/games/medieval-chef-617,True
Furious Farm,A masterful Puzzle journey where you must become the ultimate Farm.,Puzzle,https://example.com/images/furious-farm-618.jpg,https://example.com/games/furious-farm-618,True
Cyber Pirate,Join millions of players in this Puzzle classic focused on solve and pirates.,Puzzle,https://example.com/images/cyber-pirate-619.jpg,https://example.com/games/cyber-pirate-619,True
Light Empire,Survive your way to victory in this exciting Sports game featuring the legendary Empire.,Sports,https://example.com/images/light-empire-620.jpg,https://example.com/games/light-empire-620,False
Dark City,The ultimate Puzzle experience awaits you in Dark City.,Puzzle,https://example.com/images/dark-city-621.jpg,https://example.com/games/dark-city-621,True
Cyber Empire,Experience the thrill of Empire in this top-rated Action adventure.,Action,https://example.com/images/cyber-empire-622.jpg,https://example.com/games/cyber-empire-622,True
Cyber Ninja,Solve your way to victory in this exciting Horror game featuring the legendary Ninja.,Horror,https://example.com/images/cyber-ninja-623.jpg,https://example.com/games/cyber-ninja-623,True
Iron Pirate,Join millions of players in this Strategy classic focused on conquer and pirates.,Strategy,https://example.com/images/iron-pirate-624.jpg,https://example.com/games/iron-pirate-624,False
Cosmic Legend,Experience the thrill of Legend in this top-rated Racing adventure.,Racing,https://example.com/images/cosmic-legend-625.jpg,https://example.com/games/cosmic-legend-625,True
Golden Legend,Defend your way to victory in this exciting Horror game featuring the legendary Legend.,Horror,https://example.com/images/golden-legend-626.jpg,https://example.com/games/golden-legend-626,True
Neon Robot,Experience the thrill of Robot in this top-rated Arcade adventure.,Arcade,https://example.com/images/neon-robot-627.jpg,https://example.com/games/neon-robot-627,True
Furious Empire,Experience the thrill of Empire in this top-rated Adventure adventure.,Adventure,https://example.com/images/furious-empire-628.jpg,https://example.com/games/furious-empire-628,False
Medieval Ninja,Join millions of players in this Sports classic focused on explore and ninjas.,Sports,https://example.com/images/medieval-ninja-629.jpg,https://example.com/games/medieval-ninja-629,True
Wild Legend,Join millions of players in this Simulation classic focused on race and legends.,Simulation,https://example.com/images/wild-legend-630.jpg,https://example.com/games/wild-legend-630,True
Dark Chef,Join millions of players in this Simulation classic focused on defend and chefs.,Simulation,https://example.com/images/dark-chef-631.jpg,https://example.com/games/dark-chef-631,False
Mega Zombie,Race your way to victory in this exciting Puzzle game featuring the legendary Zombie.,Puzzle,https://example.com/images/mega-zombie-632.jpg,https://example.com/games/mega-zombie-632,True
Mega Hero,Experience the thrill of Hero in this top-rated Adventure adventure.,Adventure,https://example.com/images/mega-hero-633.jpg,https://example.com/games/mega-hero-633,True
Golden Empire,Manage your way to victory in this exciting Horror game featuring the legendary Empire.,Horror,https://example.com/images/golden-empire-634.jpg,https://example.com/games/golden-empire-634,True
Mega Detective,Experience the thrill of Detective in this top-rated RPG adventure.,RPG,https://example.com/images/mega-detective-635.jpg,https://example.com/games/mega-detective-635,False
Mega City,Experience the thrill of City in this top-rated Arcade adventure.,Arcade,https://example.com/images/mega-city-636.jpg,https://example.com/games/mega-city-636,True
Mega Farm,The ultimate Action experience awaits you in Mega Farm.,Action,https://example.com/images/mega-farm-637.jpg,https://example.com/games/mega-farm-637,True
Cosmic City,The ultimate Adventure experience awaits you in Cosmic City.,Adventure,https://example.com/images/cosmic-city-638.jpg,https://example.com/games/cosmic-city-638,True
Iron City,Experience the thrill of City in this top-rated Horror adventure.,Horror,https://example.com/images/iron-city-639.jpg,https://example.com/games/iron-city-639,True
Tiny Robot,Join millions of players in this Simulation classic focused on explore and robots.,Simulation,https://example.com/images/tiny-robot-640.jpg,https://example.com/games/tiny-robot-640,True
Golden Detective,Experience the thrill of Detective in this top-rated Puzzle adventure.,Puzzle,https://example.com/images/golden-detective-641.jpg,https://example.com/games/golden-detective-641,True
Super Robot,Experience the thrill of Robot in this top-rated Strategy adventure.,Strategy,https://example.com/images/super-robot-642.jpg,https://example.com/games/super-robot-642,True
Neon Farm,Experience the thrill of Farm in this top-rated Horror adventure.,Horror,https://example.com/images/neon-farm-643.jpg,https://example.com/games/neon-farm-643,True
Epic Farm,Build your way to victory in this exciting Arcade game featuring the legendary Farm.,Arcade,https://example.com/images/epic-farm-644.jpg,https://example.com/games/epic-farm-644,True
Light Ninja,Join millions of players in this Strategy classic focused on explore and ninjas.,Strategy,https://example.com/images/light-ninja-645.jpg,https://example.com/games/light-ninja-645,False
Cosmic Warrior,Experience the thrill of Warrior in this top-rated Racing adventure.,Racing,https://example.com/images/cosmic-warrior-646.jpg,https://example.com/games/cosmic-warrior-646,True
Medieval Builder,Join millions of players in this Adventure classic focused on destroy and builders.,Adventure,https://example.com/images/medieval-builder-647.jpg,https://example.com/games/medieval-builder-647,False
Dark Racer,A masterful Adventure journey where you must become the ultimate Racer.,Adventure,https://example.com/images/dark-racer-648.jpg,https://example.com/games/dark-racer-648,False
Super Racer,The ultimate Adventure experience awaits you in Super Racer.,Adventure,https://example.com/images/super-racer-649.jpg,https://example.com/games/super-racer-649,False
Epic Pilot,Experience the thrill of Pilot in this top-rated Puzzle adventure.,Puzzle,https://example.com/images/epic-pilot-650.jpg,https://example.com/games/epic-pilot-650,False
Golden Chef,A masterful Sports journey where you must become the ultimate Chef.,Sports,https://example.com/images/golden-chef-651.jpg,https://example.com/games/golden-chef-651,True
Light Builder,Experience the thrill of Builder in this top-rated RPG adventure.,RPG,https://example.com/images/light-builder-652.jpg,https://example.com/games/light-builder-652,True
Cosmic Empire,The ultimate RPG experience awaits you in Cosmic Empire.,RPG,https://example.com/images/cosmic-empire-653.jpg,https://example.com/games/cosmic-empire-653,False
Golden Ninja,Join millions of players in this Simulation classic focused on solve and ninjas.,Simulation,https://example.com/images/golden-ninja-654.jpg,https://example.com/games/golden-ninja-654,False
Furious Warrior,Explore your way to victory in this exciting Puzzle game featuring the legendary Warrior.,Puzzle,https://example.com/images/furious-warrior-655.jpg,https://example.com/games/furious-warrior-655,True
Neon City,Experience the thrill of City in this top-rated Sports adventure.,Sports,https://example.com/images/neon-city-656.jpg,https://example.com/games/neon-city-656,False
Super Robot,Fight your way to victory in this exciting Arcade game featuring the legendary Robot.,Arcade,https://example.com/images/super-robot-657.jpg,https://example.com/games/super-robot-657,True
Cyber Ninja,Experience the thrill of Ninja in this top-rated RPG adventure.,RPG,https://example.com/images/cyber-ninja-658.jpg,https://example.com/games/cyber-ninja-658,True
Cosmic Dungeon,The ultimate RPG experience awaits you in Cosmic Dungeon.,RPG,https://example.com/images/cosmic-dungeon-659.jpg,https://example.com/games/cosmic-dungeon-659,True
Mega Legend,Experience the thrill of Legend in this top-rated Adventure adventure.,Adventure,https://example.com/images/mega-legend-660.jpg,https://example.com/games/mega-legend-660,True
Tiny Farm,Join millions of players in this Puzzle classic focused on destroy and farms.,Puzzle,https://example.com/images/tiny-farm-661.jpg,https://example.com/games/tiny-farm-661,True
Furious Builder,Experience the thrill of Builder in this top-rated Arcade adventure.,Arcade,https://example.com/images/furious-builder-662.jpg,https://example.com/games/furious-builder-662,True
Dark Farm,A masterful Strategy journey where you must become the ultimate Farm.,Strategy,https://example.com/images/dark-farm-663.jpg,https://example.com/games/dark-farm-663,False
Dark City,The ultimate Horror experience awaits you in Dark City.,Horror,https://example.com/images/dark-city-664.jpg,https://example.com/games/dark-city-664,False
Dark Hero,Experience the thrill of Hero in this top-rated Puzzle adventure.,Puzzle,https://example.com/images/dark-hero-665.jpg,https://example.com/games/dark-hero-665,True
Neon City,Experience the thrill of City in this top-rated Adventure adventure.,Adventure,https://example.com/images/neon-city-666.jpg,https://example.com/games/neon-city-666,True
Furious Robot,Fight your way to victory in this exciting Simulation game featuring the legendary Robot.,Simulation,https://example.com/images/furious-robot-667.jpg,https://example.com/games/furious-robot-667,True
Cyber Empire,A masterful Puzzle journey where you must become the ultimate Empire.,Puzzle,https://example.com/images/cyber-empire-668.jpg,https://example.com/games/cyber-empire-668,True
Silent Chef,Experience the thrill of Chef in this top-rated Simulation adventure.,Simulation,https://example.com/images/silent-chef-669.jpg,https://example.com/games/silent-chef-669,True
Dark Warrior,Experience the thrill of Warrior in this top-rated Arcade adventure.,Arcade,https://example.com/images/dark-warrior-670.jpg,https://example.com/games/dark-warrior-670,True
Cyber Dungeon,Conquer your way to victory in this exciting RPG game featuring the legendary Dungeon.,RPG,https://example.com/images/cyber-dungeon-671.jpg,https://example.com/games/cyber-dungeon-671,True
Golden Ninja,The ultimate Action experience awaits you in Golden Ninja.,Action,https://example.com/images/golden-ninja-672.jpg,https://example.com/games/golden-ninja-672,True
Wild Racer,Build your way to victory in this exciting Puzzle game featuring the legendary Racer.,Puzzle,https://example.com/images/wild-racer-673.jpg,https://example.com/games/wild-racer-673,True
Neon Hero,The ultimate RPG experience awaits you in Neon Hero.,RPG,https://example.com/images/neon-hero-674.jpg,https://example.com/games/neon-hero-674,True
Wild Zombie,A masterful RPG journey where you must become the ultimate Zombie.,RPG,https://example.com/images/wild-zombie-675.jpg,https://example.com/games/wild-zombie-675,False
Tiny Pilot,The ultimate Strategy experience awaits you in Tiny Pilot.,Strategy,https://example.com/images/tiny-pilot-676.jpg,https://example.com/games/tiny-pilot-676,False
Tiny Racer,A masterful Puzzle journey where you must become the ultimate Racer.,Puzzle,https://example.com/images/tiny-racer-677.jpg,https://example.com/games/tiny-racer-677,True
Tiny Pilot,Experience the thrill of Pilot in this top-rated Adventure adventure.,Adventure,https://example.com/images/tiny-pilot-678.jpg,https://example.com/games/tiny-pilot-678,False
Crystal Builder,Experience the thrill of Builder in this top-rated Sports adventure.,Sports,https://example.com/images/crystal-builder-679.jpg,https://example.com/games/crystal-builder-679,True
Mega Racer,Solve your way to victory in this exciting Horror game featuring the legendary Racer.,Horror,https://example.com/images/mega-racer-680.jpg,https://example.com/games/mega-racer-680,True
Cyber Robot,A masterful Action journey where you must become the ultimate Robot.,Action,https://example.com/images/cyber-robot-681.jpg,https://example.com/games/cyber-robot-681,True
Dark Dungeon,The ultimate Horror experience awaits you in Dark Dungeon.,Horror,https://example.com/images/dark-dungeon-682.jpg,https://example.com/games/dark-dungeon-682,False
Cosmic Zombie,The ultimate Sports experience awaits you in Cosmic Zombie.,Sports,https://example.com/images/cosmic-zombie-683.jpg,https://example.com/games/cosmic-zombie-683,True
Medieval Farm,Solve your way to victory in this exciting Horror game featuring the legendary Farm.,Horror,https://example.com/images/medieval-farm-684.jpg,https://example.com/games/medieval-farm-684,False
Dark Warrior,Survive your way to victory in this exciting RPG game featuring the legendary Warrior.,RPG,https://example.com/images/dark-warrior-685.jpg,https://example.com/games/dark-warrior-685,True
Golden City,Conquer your way to victory in this exciting Racing game featuring the legendary City.,Racing,https://example.com/images/golden-city-686.jpg,https://example.com/games/golden-city-686,True
Dark Builder,Experience the thrill of Builder in this top-rated Action adventure.,Action,https://example.com/images/dark-builder-687.jpg,https://example.com/games/dark-builder-687,True
Cyber Dungeon,Defend your way to victory in this exciting Racing game featuring the legendary Dungeon.,Racing,https://example.com/images/cyber-dungeon-688.jpg,https://example.com/games/cyber-dungeon-688,True
Mega Pilot,Experience the thrill of Pilot in this top-rated Arcade adventure.,Arcade,https://example.com/images/mega-pilot-689.jpg,https://example.com/games/mega-pilot-689,True
Crystal Chef,Build your way to victory in this exciting Arcade game featuring the legendary Chef.,Arcade,https://example.com/images/crystal-chef-690.jpg,https://example.com/games/crystal-chef-690,True
Dark Warrior,A masterful Racing journey where you must become the ultimate Warrior.,Racing,https://example.com/images/dark-warrior-691.jpg,https://example.com/games/dark-warrior-691,True
Crystal Warrior,A masterful Racing journey where you must become the ultimate Warrior.,Racing,https://example.com/images/crystal-warrior-692.jpg,https://example.com/games/crystal-warrior-692,True
Epic Hero,Join millions of players in this Horror classic focused on destroy and heros.,Horror,https://example.com/images/epic-hero-693.jpg,https://example.com/games/epic-hero-693,True
Crystal Pilot,Fight your way to victory in this exciting Action game featuring the legendary Pilot.,Action,https://example.com/images/crystal-pilot-694.jpg,https://example.com/games/crystal-pilot-694,True
Crystal Pilot,Join millions of players in this Puzzle classic focused on destroy and pilots.,Puzzle,https://example.com/images/crystal-pilot-695.jpg,https://example.com/games/crystal-pilot-695,False
Wild Zombie,Join millions of players in this RPG classic focused on survive and zombies.,RPG,https://example.com/images/wild-zombie-696.jpg,https://example.com/games/wild-zombie-696,True
Cyber Legend,A masterful Puzzle journey where you must become the ultimate Legend.,Puzzle,https://example.com/images/cyber-legend-697.jpg,https://example.com/games/cyber-legend-697,True
Silent Pirate,Join millions of players in this Adventure classic focused on defend and pirates.,Adventure,https://example.com/images/silent-pirate-698.jpg,https://example.com/games/silent-pirate-698,False
Golden Builder,A masterful Sports journey where you must become the ultimate Builder.,Sports,https://example.com/images/golden-builder-699.jpg,https://example.com/games/golden-builder-699,False
Cyber City,A masterful Strategy journey where you must become the ultimate City.,Strategy,https://example.com/images/cyber-city-700.jpg,https://example.com/games/cyber-city-700,True
Iron Robot,Experience the thrill of Robot in this top-rated Sports adventure.,Sports,https://example.com/images/iron-robot-701.jpg,https://example.com/games/iron-robot-701,True
Super Builder,The ultimate Simulation experience awaits you in Super Builder.,Simulation,https://example.com/images/super-builder-702.jpg,https://example.com/games/super-builder-702,True
Cosmic Pirate,Explore your way to victory in this exciting Simulation game featuring the legendary Pirate.,Simulation,https://example.com/images/cosmic-pirate-703.jpg,https://example.com/games/cosmic-pirate-703,False
Super Ninja,Solve your way to victory in this exciting Action game featuring the legendary Ninja.,Action,https://example.com/images/super-ninja-704.jpg,https://example.com/games/super-ninja-704,True
Super Zombie,A masterful Horror journey where you must become the ultimate Zombie.,Horror,https://example.com/images/super-zombie-705.jpg,https://example.com/games/super-zombie-705,True
Neon Detective,Join millions of players in this Strategy classic focused on solve and detectives.,Strategy,https://example.com/images/neon-detective-706.jpg,https://example.com/games/neon-detective-706,True
Epic Farm,Join millions of players in this Strategy classic focused on solve and farms.,Strategy,https://example.com/images/epic-farm-707.jpg,https://example.com/games/epic-farm-707,False
Neon Empire,The ultimate Horror experience awaits you in Neon Empire.,Horror,https://example.com/images/neon-empire-708.jpg,https://example.com/games/neon-empire-708,False
Silent Empire,Experience the thrill of Empire in this top-rated Puzzle adventure.,Puzzle,https://example.com/images/silent-empire-709.jpg,https://example.com/games/silent-empire-709,True
Epic Dungeon,Experience the thrill of Dungeon in this top-rated RPG adventure.,RPG,https://example.com/images/epic-dungeon-710.jpg,https://example.com/games/epic-dungeon-710,True
Iron Detective,Conquer your way to victory in this exciting Strategy game featuring the legendary Detective.,Strategy,https://example.com/images/iron-detective-711.jpg,https://example.com/games/iron-detective-711,False
Crystal Legend,Join millions of players in this Action classic focused on build and legends.,Action,https://example.com/images/crystal-legend-712.jpg,https://example.com/games/crystal-legend-712,True
Dark Builder,The ultimate Sports experience awaits you in Dark Builder.,Sports,https://example.com/images/dark-builder-713.jpg,https://example.com/games/dark-builder-713,True
Golden Ninja,The ultimate Adventure experience awaits you in Golden Ninja.,Adventure,https://example.com/images/golden-ninja-714.jpg,https://example.com/games/golden-ninja-714,True
Furious Empire,Join millions of players in this Simulation classic focused on conquer and empires.,Simulation,https://example.com/images/furious-empire-715.jpg,https://example.com/games/furious-empire-715,False
Tiny Warrior,The ultimate Strategy experience awaits you in Tiny Warrior.,Strategy,https://example.com/images/tiny-warrior-716.jpg,https://example.com/games/tiny-warrior-716,True
Iron Detective,Join millions of players in this Horror classic focused on race and detectives.,Horror,https://example.com/images/iron-detective-717.jpg,https://example.com/games/iron-detective-717,True
Tiny Racer,A masterful Horror journey where you must become the ultimate Racer.,Horror,https://example.com/images/tiny-racer-718.jpg,https://example.com/games/tiny-racer-718,True
Light Hero,The ultimate Arcade experience awaits you in Light Hero.,Arcade,https://example.com/images/light-hero-719.jpg,https://example.com/games/light-hero-719,True
Dark Hero,Join millions of players in this Arcade classic focused on fight and heros.,Arcade,https://example.com/images/dark-hero-720.jpg,https://example.com/games/dark-hero-720,True
Furious Racer,Conquer your way to victory in this exciting Simulation game featuring the legendary Racer.,Simulation,https://example.com/images/furious-racer-721.jpg,https://example.com/games/furious-racer-721,True
Golden Chef,Build your way to victory in this exciting Sports game featuring the legendary Chef.,Sports,https://example.com/images/golden-chef-722.jpg,https://example.com/games/golden-chef-722,True
Light Pirate,A masterful Horror journey where you must become the ultimate Pirate.,Horror,https://example.com/images/light-pirate-723.jpg,https://example.com/games/light-pirate-723,True
Crystal Legend,Race your way to victory in this exciting Adventure game featuring the legendary Legend.,Adventure,https://example.com/images/crystal-legend-724.jpg,https://example.com/games/crystal-legend-724,True
Dark Zombie,A masterful Racing journey where you must become the ultimate Zombie.,Racing,https://example.com/images/dark-zombie-725.jpg,https://example.com/games/dark-zombie-725,True
Tiny Robot,Solve your way to victory in this exciting Racing game featuring the legendary Robot.,Racing,https://example.com/images/tiny-robot-726.jpg,https://example.com/games/tiny-robot-726,True
Neon Chef,Join millions of players in this RPG classic focused on conquer and chefs.,RPG,https://example.com/images/neon-chef-727.jpg,https://example.com/games/neon-chef-727,False
Crystal Robot,The ultimate Puzzle experience awaits you in Crystal Robot.,Puzzle,https://example.com/images/crystal-robot-728.jpg,https://example.com/games/crystal-robot-728,True
Furious Farm,Conquer your way to victory in this exciting Horror game featuring the legendary Farm.,Horror,https://example.com/images/furious-farm-729.jpg,https://example.com/games/furious-farm-729,True
Dark Warrior,A masterful Puzzle journey where you must become the ultimate Warrior.,Puzzle,https://example.com/images/dark-warrior-730.jpg,https://example.com/games/dark-warrior-730,True
Tiny Racer,Manage your way to victory in this exciting Puzzle game featuring the legendary Racer.,Puzzle,https://example.com/images/tiny-racer-731.jpg,https://example.com/games/tiny-racer-731,False
Cyber Racer,Experience the thrill of Racer in this top-rated Horror adventure.,Horror,https://example.com/images/cyber-racer-732.jpg,https://example.com/games/cyber-racer-732,True
Iron Farm,Join millions of players in this Strategy classic focused on explore and farms.,Strategy,https://example.com/images/iron-farm-733.jpg,https://example.com/games/iron-farm-733,True
Super Empire,The ultimate Adventure experience awaits you in Super Empire.,Adventure,https://example.com/images/super-empire-734.jpg,https://example.com/games/super-empire-734,True
Light Builder,Build your way to victory in this exciting Simulation game featuring the legendary Builder.,Simulation,https://example.com/images/light-builder-735.jpg,https://example.com/games/light-builder-735,True
Neon Legend,Join millions of players in this Arcade classic focused on destroy and legends.,Arcade,https://example.com/images/neon-legend-736.jpg,https://example.com/games/neon-legend-736,True
Neon City,Experience the thrill of City in this top-rated Adventure adventure.,Adventure,https://example.com/images/neon-city-737.jpg,https://example.com/games/neon-city-737,True
Cosmic Pilot,Join millions of players in this Arcade classic focused on survive and pilots.,Arcade,https://example.com/images/cosmic-pilot-738.jpg,https://example.com/games/cosmic-pilot-738,True
Golden Farm,Destroy your way to victory in this exciting Simulation game featuring the legendary Farm.,Simulation,https://example.com/images/golden-farm-739.jpg,https://example.com/games/golden-farm-739,True
Light Pirate,Solve your way to victory in this exciting RPG game featuring the legendary Pirate.,RPG,https://example.com/images/light-pirate-740.jpg,https://example.com/games/light-pirate-740,True
Epic Pirate,A masterful Horror journey where you must become the ultimate Pirate.,Horror,https://example.com/images/epic-pirate-741.jpg,https://example.com/games/epic-pirate-741,True
Wild Legend,A masterful Sports journey where you must become the ultimate Legend.,Sports,https://example.com/images/wild-legend-742.jpg,https://example.com/games/wild-legend-742,True
Super Legend,Solve your way to victory in this exciting Simulation game featuring the legendary Legend.,Simulation,https://example.com/images/super-legend-743.jpg,https://example.com/games/super-legend-743,True
Neon Empire,Conquer your way to victory in this exciting Sports game featuring the legendary Empire.,Sports,https://example.com/images/neon-empire-744.jpg,https://example.com/games/neon-empire-744,True
Cyber Pirate,Survive your way to victory in this exciting Sports game featuring the legendary Pirate.,Sports,https://example.com/images/cyber-pirate-745.jpg,https://example.com/games/cyber-pirate-745,True
Epic Builder,The ultimate Strategy experience awaits you in Epic Builder.,Strategy,https://example.com/images/epic-builder-746.jpg,https://example.com/games/epic-builder-746,True
Cosmic Ninja,Explore your way to victory in this exciting Sports game featuring the legendary Ninja.,Sports,https://example.com/images/cosmic-ninja-747.jpg,https://example.com/games/cosmic-ninja-747,True
Cosmic Chef,Join millions of players in this RPG classic focused on defend and chefs.,RPG,https://example.com/images/cosmic-chef-748.jpg,https://example.com/games/cosmic-chef-748,False
Furious Detective,Experience the thrill of Detective in this top-rated Adventure adventure.,Adventure,https://example.com/images/furious-detective-749.jpg,https://example.com/games/furious-detective-749,True
Wild Racer,Experience the thrill of Racer in this top-rated Sports adventure.,Sports,https://example.com/images/wild-racer-750.jpg,https://example.com/games/wild-racer-750,True
Iron Racer,A masterful Arcade journey where you must become the ultimate Racer.,Arcade,https://example.com/images/iron-racer-751.jpg,https://example.com/games/iron-racer-751,True
Silent Pilot,Experience the thrill of Pilot in this top-rated Horror adventure.,Horror,https://example.com/images/silent-pilot-752.jpg,https://example.com/games/silent-pilot-752,False
Tiny Robot,A masterful RPG journey where you must become the ultimate Robot.,RPG,https://example.com/images/tiny-robot-753.jpg,https://example.com/games/tiny-robot-753,True
Golden Builder,Experience the thrill of Builder in this top-rated Adventure adventure.,Adventure,https://example.com/images/golden-builder-754.jpg,https://example.com/games/golden-builder-754,True
Crystal Empire,Survive your way to victory in this exciting Arcade game featuring the legendary Empire.,Arcade,https://example.com/images/crystal-empire-755.jpg,https://example.com/games/crystal-empire-755,False
Light Builder,Join millions of players in this Adventure classic focused on survive and builders.,Adventure,https://example.com/images/light-builder-756.jpg,https://example.com/games/light-builder-756,True
Light Builder,A masterful Puzzle journey where you must become the ultimate Builder.,Puzzle,https://example.com/images/light-builder-757.jpg,https://example.com/games/light-builder-757,True
Furious Warrior,Experience the thrill of Warrior in this top-rated Racing adventure.,Racing,https://example.com/images/furious-warrior-758.jpg,https://example.com/games/furious-warrior-758,True
Wild Detective,A masterful Horror journey where you must become the ultimate Detective.,Horror,https://example.com/images/wild-detective-759.jpg,https://example.com/games/wild-detective-759,True
Golden Racer,Manage your way to victory in this exciting Strategy game featuring the legendary Racer.,Strategy,https://example.com/images/golden-racer-760.jpg,https://example.com/games/golden-racer-760,False
Wild Pilot,The ultimate Adventure experience awaits you in Wild Pilot.,Adventure,https://example.com/images/wild-pilot-761.jpg,https://example.com/games/wild-pilot-761,True
Mega Chef,Experience the thrill of Chef in this top-rated Sports adventure.,Sports,https://example.com/images/mega-chef-762.jpg,https://example.com/games/mega-chef-762,True
Dark City,A masterful RPG journey where you must become the ultimate City.,RPG,https://example.com/images/dark-city-763.jpg,https://example.com/games/dark-city-763,True
Light Pirate,Destroy your way to victory in this exciting Adventure game featuring the legendary Pirate.,Adventure,https://example.com/images/light-pirate-764.jpg,https://example.com/games/light-pirate-764,True
Iron Warrior,The ultimate RPG experience awaits you in Iron Warrior.,RPG,https://example.com/images/iron-warrior-765.jpg,https://example.com/games/iron-warrior-765,True
Cyber Racer,Experience the thrill of Racer in this top-rated Sports adventure.,Sports,https://example.com/images/cyber-racer-766.jpg,https://example.com/games/cyber-racer-766,True
Neon Builder,Join millions of players in this RPG classic focused on survive and builders.,RPG,https://example.com/images/neon-builder-767.jpg,https://example.com/games/neon-builder-767,True
Iron Farm,Experience the thrill of Farm in this top-rated Sports adventure.,Sports,https://example.com/images/iron-farm-768.jpg,https://example.com/games/iron-farm-768,True
Wild Zombie,A masterful Racing journey where you must become the ultimate Zombie.,Racing,https://example.com/images/wild-zombie-769.jpg,https://example.com/games/wild-zombie-769,True
Epic Pirate,Experience the thrill of Pirate in this top-rated Strategy adventure.,Strategy,https://example.com/images/epic-pirate-770.jpg,https://example.com/games/epic-pirate-770,False
Dark Hero,Join millions of players in this Arcade classic focused on build and heros.,Arcade,https://example.com/images/dark-hero-771.jpg,https://example.com/games/dark-hero-771,False
Epic Ninja,The ultimate Sports experience awaits you in Epic Ninja.,Sports,https://example.com/images/epic-ninja-772.jpg,https://example.com/games/epic-ninja-772,True
Crystal Robot,Experience the thrill of Robot in this top-rated Sports adventure.,Sports,https://example.com/images/crystal-robot-773.jpg,https://example.com/games/crystal-robot-773,False
Light Robot,Join millions of players in this Puzzle classic focused on solve and robots.,Puzzle,https://example.com/images/light-robot-774.jpg,https://example.com/games/light-robot-774,True
Tiny Empire,The ultimate Sports experience awaits you in Tiny Empire.,Sports,https://example.com/images/tiny-empire-775.jpg,https://example.com/games/tiny-empire-775,True
Mega Robot,Conquer your way to victory in this exciting Sports game featuring the legendary Robot.,Sports,https://example.com/images/mega-robot-776.jpg,https://example.com/games/mega-robot-776,True
Wild Legend,Experience the thrill of Legend in this top-rated Horror adventure.,Horror,https://example.com/images/wild-legend-777.jpg,https://example.com/games/wild-legend-777,True
Golden Legend,A masterful RPG journey where you must become the ultimate Legend.,RPG,https://example.com/images/golden-legend-778.jpg,https://example.com/games/golden-legend-778,True
Cosmic Chef,Join millions of players in this Strategy classic focused on explore and chefs.,Strategy,https://example.com/images/cosmic-chef-779.jpg,https://example.com/games/cosmic-chef-779,True
Wild Empire,Join millions of players in this Sports classic focused on survive and empires.,Sports,https://example.com/images/wild-empire-780.jpg,https://example.com/games/wild-empire-780,True
Dark Farm,Join millions of players in this Sports classic focused on defend and farms.,Sports,https://example.com/images/dark-farm-781.jpg,https://example.com/games/dark-farm-781,True
Light Pilot,The ultimate Adventure experience awaits you in Light Pilot.,Adventure,https://example.com/images/light-pilot-782.jpg,https://example.com/games/light-pilot-782,True
Golden Pirate,Explore your way to victory in this exciting Sports game featuring the legendary Pirate.,Sports,https://example.com/images/golden-pirate-783.jpg,https://example.com/games/golden-pirate-783,True
Crystal Empire,The ultimate Simulation experience awaits you in Crystal Empire.,Simulation,https://example.com/images/crystal-empire-784.jpg,https://example.com/games/crystal-empire-784,False
Mega Pilot,Join millions of players in this Action classic focused on manage and pilots.,Action,https://example.com/images/mega-pilot-785.jpg,https://example.com/games/mega-pilot-785,True
Neon City,Build your way to victory in this exciting Adventure game featuring the legendary City.,Adventure,https://example.com/images/neon-city-786.jpg,https://example.com/games/neon-city-786,True
Mega Empire,Experience the thrill of Empire in this top-rated Simulation adventure.,Simulation,https://example.com/images/mega-empire-787.jpg,https://example.com/games/mega-empire-787,True
Cosmic Builder,A masterful Adventure journey where you must become the ultimate Builder.,Adventure,https://example.com/images/cosmic-builder-788.jpg,https://example.com/games/cosmic-builder-788,True
Crystal Chef,Join millions of players in this Action classic focused on fight and chefs.,Action,https://example.com/images/crystal-chef-789.jpg,https://example.com/games/crystal-chef-789,True
Super Warrior,Fight your way to victory in this exciting Horror game featuring the legendary Warrior.,Horror,https://example.com/images/super-warrior-790.jpg,https://example.com/games/super-warrior-790,True
Dark Pilot,Build your way to victory in this exciting Strategy game featuring the legendary Pilot.,Strategy,https://example.com/images/dark-pilot-791.jpg,https://example.com/games/dark-pilot-791,True
Furious Builder,The ultimate Action experience awaits you in Furious Builder.,Action,https://example.com/images/furious-builder-792.jpg,https://example.com/games/furious-builder-792,False
Cyber Dungeon,Join millions of players in this Puzzle classic focused on conquer and dungeons.,Puzzle,https://example.com/images/cyber-dungeon-793.jpg,https://example.com/games/cyber-dungeon-793,True
Furious Pirate,Join millions of players in this RPG classic focused on solve and pirates.,RPG,https://example.com/images/furious-pirate-794.jpg,https://example.com/games/furious-pirate-794,True
Dark Pirate,Join millions of players in this Horror classic focused on destroy and pirates.,Horror,https://example.com/images/dark-pirate-795.jpg,https://example.com/games/dark-pirate-795,True
Furious Farm,The ultimate Simulation experience awaits you in Furious Farm.,Simulation,https://example.com/images/furious-farm-796.jpg,https://example.com/games/furious-farm-796,False
Golden Hero,The ultimate Strategy experience awaits you in Golden Hero.,Strategy,https://example.com/images/golden-hero-797.jpg,https://example.com/games/golden-hero-797,True
Cosmic Hero,Build your way to victory in this exciting Strategy game featuring the legendary Hero.,Strategy,https://example.com/images/cosmic-hero-798.jpg,https://example.com/games/cosmic-hero-798,False
Tiny Zombie,The ultimate Action experience awaits you in Tiny Zombie.,Action,https://example.com/images/tiny-zombie-799.jpg,https://example.com/games/tiny-zombie-799,True
Mega Racer,Experience the thrill of Racer in this top-rated Action adventure.,Action,https://example.com/images/mega-racer-800.jpg,https://example.com/games/mega-racer-800,True
Tiny Pirate,Explore your way to victory in this exciting Adventure game featuring the legendary Pirate.,Adventure,https://example.com/images/tiny-pirate-801.jpg,https://example.com/games/tiny-pirate-801,True
Epic Empire,A masterful Strategy journey where you must become the ultimate Empire.,Strategy,https://example.com/images/epic-empire-802.jpg,https://example.com/games/epic-empire-802,True
Dark Builder,Join millions of players in this RPG classic focused on build and builders.,RPG,https://example.com/images/dark-builder-803.jpg,https://example.com/games/dark-builder-803,True
Super Racer,Defend your way to victory in this exciting Simulation game featuring the legendary Racer.,Simulation,https://example.com/images/super-racer-804.jpg,https://example.com/games/super-racer-804,True
Cosmic Empire,Manage your way to victory in this exciting Puzzle game featuring the legendary Empire.,Puzzle,https://example.com/images/cosmic-empire-805.jpg,https://example.com/games/cosmic-empire-805,True
Iron Robot,Join millions of players in this Racing classic focused on race and robots.,Racing,https://example.com/images/iron-robot-806.jpg,https://example.com/games/iron-robot-806,True
Iron Robot,Join millions of players in this Sports classic focused on conquer and robots.,Sports,https://example.com/images/iron-robot-807.jpg,https://example.com/games/iron-robot-807,True
Tiny Empire,Manage your way to victory in this exciting Simulation game featuring the legendary Empire.,Simulation,https://example.com/images/tiny-empire-808.jpg,https://example.com/games/tiny-empire-808,True
Medieval Chef,Experience the thrill of Chef in this top-rated Strategy adventure.,Strategy,https://example.com/images/medieval-chef-809.jpg,https://example.com/games/medieval-chef-809,True
Tiny Chef,The ultimate Horror experience awaits you in Tiny Chef.,Horror,https://example.com/images/tiny-chef-810.jpg,https://example.com/games/tiny-chef-810,True
Wild City,Defend your way to victory in this exciting Puzzle game featuring the legendary City.,Puzzle,https://example.com/images/wild-city-811.jpg,https://example.com/games/wild-city-811,True
Furious Builder,Experience the thrill of Builder in this top-rated Arcade adventure.,Arcade,https://example.com/images/furious-builder-812.jpg,https://example.com/games/furious-builder-812,True
Wild Dungeon,Experience the thrill of Dungeon in this top-rated Racing adventure.,Racing,https://example.com/images/wild-dungeon-813.jpg,https://example.com/games/wild-dungeon-813,False
Dark Pilot,The ultimate Strategy experience awaits you in Dark Pilot.,Strategy,https://example.com/images/dark-pilot-814.jpg,https://example.com/games/dark-pilot-814,True
Furious Builder,A masterful Action journey where you must become the ultimate Builder.,Action,https://example.com/images/furious-builder-815.jpg,https://example.com/games/furious-builder-815,True
Super Ninja,The ultimate Racing experience awaits you in Super Ninja.,Racing,https://example.com/images/super-ninja-816.jpg,https://example.com/games/super-ninja-816,True
Epic Detective,Experience the thrill of Detective in this top-rated Puzzle adventure.,Puzzle,https://example.com/images/epic-detective-817.jpg,https://example.com/games/epic-detective-817,True
Light Chef,Experience the thrill of Chef in this top-rated Sports adventure.,Sports,https://example.com/images/light-chef-818.jpg,https://example.com/games/light-chef-818,True
Mega Farm,Build your way to victory in this exciting Arcade game featuring the legendary Farm.,Arcade,https://example.com/images/mega-farm-819.jpg,https://example.com/games/mega-farm-819,True
Iron Detective,The ultimate Action experience awaits you in Iron Detective.,Action,https://example.com/images/iron-detective-820.jpg,https://example.com/games/iron-detective-820,True
Cyber Hero,The ultimate Adventure experience awaits you in Cyber Hero.,Adventure,https://example.com/images/cyber-hero-821.jpg,https://example.com/games/cyber-hero-821,True
Epic Pirate,A masterful Action journey where you must become the ultimate Pirate.,Action,https://example.com/images/epic-pirate-822.jpg,https://example.com/games/epic-pirate-822,True
Medieval Farm,The ultimate Action experience awaits you in Medieval Farm.,Action,https://example.com/images/medieval-farm-823.jpg,https://example.com/games/medieval-farm-823,True
Epic Racer,Experience the thrill of Racer in this top-rated Horror adventure.,Horror,https://example.com/images/epic-racer-824.jpg,https://example.com/games/epic-racer-824,False
Neon Builder,Join millions of players in this Strategy classic focused on solve and builders.,Strategy,https://example.com/images/neon-builder-825.jpg,https://example.com/games/neon-builder-825,True
Dark Builder,Experience the thrill of Builder in this top-rated Racing adventure.,Racing,https://example.com/images/dark-builder-826.jpg,https://example.com/games/dark-builder-826,True
Epic Detective,The ultimate RPG experience awaits you in Epic Detective.,RPG,https://example.com/images/epic-detective-827.jpg,https://example.com/games/epic-detective-827,True
Cosmic Zombie,Experience the thrill of Zombie in this top-rated Simulation adventure.,Simulation,https://example.com/images/cosmic-zombie-828.jpg,https://example.com/games/cosmic-zombie-828,True
Furious Hero,A masterful Puzzle journey where you must become the ultimate Hero.,Puzzle,https://example.com/images/furious-hero-829.jpg,https://example.com/games/furious-hero-829,True
Wild Warrior,Experience the thrill of Warrior in this top-rated Horror adventure.,Horror,https://example.com/images/wild-warrior-830.jpg,https://example.com/games/wild-warrior-830,True
Furious Legend,The ultimate Puzzle experience awaits you in Furious Legend.,Puzzle,https://example.com/images/furious-legend-831.jpg,https://example.com/games/furious-legend-831,True
Light Pilot,Experience the thrill of Pilot in this top-rated Arcade adventure.,Arcade,https://example.com/images/light-pilot-832.jpg,https://example.com/games/light-pilot-832,False
Tiny Warrior,A masterful Strategy journey where you must become the ultimate Warrior.,Strategy,https://example.com/images/tiny-warrior-833.jpg,https://example.com/games/tiny-warrior-833,True
Crystal Builder,Experience the thrill of Builder in this top-rated RPG adventure.,RPG,https://example.com/images/crystal-builder-834.jpg,https://example.com/games/crystal-builder-834,False
Golden City,Experience the thrill of City in this top-rated Racing adventure.,Racing,https://example.com/images/golden-city-835.jpg,https://example.com/games/golden-city-835,True
Dark Empire,Experience the thrill of Empire in this top-rated Racing adventure.,Racing,https://example.com/images/dark-empire-836.jpg,https://example.com/games/dark-empire-836,True
Crystal Empire,Join millions of players in this Adventure classic focused on explore and empires.,Adventure,https://example.com/images/crystal-empire-837.jpg,https://example.com/games/crystal-empire-837,True
Super Farm,The ultimate RPG experience awaits you in Super Farm.,RPG,https://example.com/images/super-farm-838.jpg,https://example.com/games/super-farm-838,True
Light Legend,Conquer your way to victory in this exciting Strategy game featuring the legendary Legend.,Strategy,https://example.com/images/light-legend-839.jpg,https://example.com/games/light-legend-839,False
Neon Warrior,Join millions of players in this Adventure classic focused on fight and warriors.,Adventure,https://example.com/images/neon-warrior-840.jpg,https://example.com/games/neon-warrior-840,True
Medieval Chef,Experience the thrill of Chef in this top-rated Action adventure.,Action,https://example.com/images/medieval-chef-841.jpg,https://example.com/games/medieval-chef-841,True
Epic Ninja,A masterful Action journey where you must become the ultimate Ninja.,Action,https://example.com/images/epic-ninja-842.jpg,https://example.com/games/epic-ninja-842,True
Silent Builder,Experience the thrill of Builder in this top-rated RPG adventure.,RPG,https://example.com/images/silent-builder-843.jpg,https://example.com/games/silent-builder-843,True
Light Farm,The ultimate Action experience awaits you in Light Farm.,Action,https://example.com/images/light-farm-844.jpg,https://example.com/games/light-farm-844,True
Medieval Warrior,The ultimate Sports experience awaits you in Medieval Warrior.,Sports,https://example.com/images/medieval-warrior-845.jpg,https://example.com/games/medieval-warrior-845,True
Super Detective,Experience the thrill of Detective in this top-rated Horror adventure.,Horror,https://example.com/images/super-detective-846.jpg,https://example.com/games/super-detective-846,False
Crystal Builder,Experience the thrill of Builder in this top-rated Puzzle adventure.,Puzzle,https://example.com/images/crystal-builder-847.jpg,https://example.com/games/crystal-builder-847,True
Cosmic Detective,A masterful Sports journey where you must become the ultimate Detective.,Sports,https://example.com/images/cosmic-detective-848.jpg,https://example.com/games/cosmic-detective-848,True
Neon Pilot,A masterful Puzzle journey where you must become the ultimate Pilot.,Puzzle,https://example.com/images/neon-pilot-849.jpg,https://example.com/games/neon-pilot-849,True
Light Racer,Join millions of players in this Horror classic focused on solve and racers.,Horror,https://example.com/images/light-racer-850.jpg,https://example.com/games/light-racer-850,False
Crystal Warrior,Experience the thrill of Warrior in this top-rated Sports adventure.,Sports,https://example.com/images/crystal-warrior-851.jpg,https://example.com/games/crystal-warrior-851,False
Iron Chef,Experience the thrill of Chef in this top-rated RPG adventure.,RPG,https://example.com/images/iron-chef-852.jpg,https://example.com/games/iron-chef-852,True
Super Robot,Build your way to victory in this exciting Racing game featuring the legendary Robot.,Racing,https://example.com/images/super-robot-853.jpg,https://example.com/games/super-robot-853,False
Epic Empire,The ultimate Sports experience awaits you in Epic Empire.,Sports,https://example.com/images/epic-empire-854.jpg,https://example.com/games/epic-empire-854,True
Epic Detective,Experience the thrill of Detective in this top-rated Arcade adventure.,Arcade,https://example.com/images/epic-detective-855.jpg,https://example.com/games/epic-detective-855,False
Cyber Dungeon,A masterful Racing journey where you must become the ultimate Dungeon.,Racing,https://example.com/images/cyber-dungeon-856.jpg,https://example.com/games/cyber-dungeon-856,True
Wild Empire,Join millions of players in this Simulation classic focused on conquer and empires.,Simulation,https://example.com/images/wild-empire-857.jpg,https://example.com/games/wild-empire-857,True
Tiny Empire,A masterful Sports journey where you must become the ultimate Empire.,Sports,https://example.com/images/tiny-empire-858.jpg,https://example.com/games/tiny-empire-858,False
Tiny Detective,Join millions of players in this Horror classic focused on destroy and detectives.,Horror,https://example.com/images/tiny-detective-859.jpg,https://example.com/games/tiny-detective-859,False
Super Hero,Join millions of players in this Adventure classic focused on solve and heros.,Adventure,https://example.com/images/super-hero-860.jpg,https://example.com/games/super-hero-860,True
Silent Legend,Survive your way to victory in this exciting RPG game featuring the legendary Legend.,RPG,https://example.com/images/silent-legend-861.jpg,https://example.com/games/silent-legend-861,False
Crystal Dungeon,Manage your way to victory in this exciting RPG game featuring the legendary Dungeon.,RPG,https://example.com/images/crystal-dungeon-862.jpg,https://example.com/games/crystal-dungeon-862,True
Super Warrior,A masterful Simulation journey where you must become the ultimate Warrior.,Simulation,https://example.com/images/super-warrior-863.jpg,https://example.com/games/super-warrior-863,True
Golden Dungeon,The ultimate Action experience awaits you in Golden Dungeon.,Action,https://example.com/images/golden-dungeon-864.jpg,https://example.com/games/golden-dungeon-864,False
Wild Pirate,A masterful Sports journey where you must become the ultimate Pirate.,Sports,https://example.com/images/wild-pirate-865.jpg,https://example.com/games/wild-pirate-865,True
Super Builder,Experience the thrill of Builder in this top-rated Simulation adventure.,Simulation,https://example.com/images/super-builder-866.jpg,https://example.com/games/super-builder-866,True
Light City,The ultimate Strategy experience awaits you in Light City.,Strategy,https://example.com/images/light-city-867.jpg,https://example.com/games/light-city-867,True
Cosmic Racer,Experience the thrill of Racer in this top-rated Horror adventure.,Horror,https://example.com/images/cosmic-racer-868.jpg,https://example.com/games/cosmic-racer-868,True
Iron Robot,Join millions of players in this Strategy classic focused on conquer and robots.,Strategy,https://example.com/images/iron-robot-869.jpg,https://example.com/games/iron-robot-869,True
Tiny Detective,Destroy your way to victory in this exciting Arcade game featuring the legendary Detective.,Arcade,https://example.com/images/tiny-detective-870.jpg,https://example.com/games/tiny-detective-870,False
Cosmic City,The ultimate Strategy experience awaits you in Cosmic City.,Strategy,https://example.com/images/cosmic-city-871.jpg,https://example.com/games/cosmic-city-871,True
Light Farm,Experience the thrill of Farm in this top-rated Arcade adventure.,Arcade,https://example.com/images/light-farm-872.jpg,https://example.com/games/light-farm-872,False
Medieval Robot,Explore your way to victory in this exciting Puzzle game featuring the legendary Robot.,Puzzle,https://example.com/images/medieval-robot-873.jpg,https://example.com/games/medieval-robot-873,True
Epic Legend,The ultimate Action experience awaits you in Epic Legend.,Action,https://example.com/images/epic-legend-874.jpg,https://example.com/games/epic-legend-874,False
Cyber Zombie,Experience the thrill of Zombie in this top-rated Puzzle adventure.,Puzzle,https://example.com/images/cyber-zombie-875.jpg,https://example.com/games/cyber-zombie-875,True
Golden Farm,Join millions of players in this Sports classic focused on build and farms.,Sports,https://example.com/images/golden-farm-876.jpg,https://example.com/games/golden-farm-876,True
Super City,Conquer your way to victory in this exciting Horror game featuring the legendary City.,Horror,https://example.com/images/super-city-877.jpg,https://example.com/games/super-city-877,True
Neon Robot,A masterful Simulation journey where you must become the ultimate Robot.,Simulation,https://example.com/images/neon-robot-878.jpg,https://example.com/games/neon-robot-878,True
Cyber Warrior,Experience the thrill of Warrior in this top-rated Puzzle adventure.,Puzzle,https://example.com/images/cyber-warrior-879.jpg,https://example.com/games/cyber-warrior-879,True
Super Zombie,Fight your way to victory in this exciting Horror game featuring the legendary Zombie.,Horror,https://example.com/images/super-zombie-880.jpg,https://example.com/games/super-zombie-880,False
Wild Hero,Experience the thrill of Hero in this top-rated Puzzle adventure.,Puzzle,https://example.com/images/wild-hero-881.jpg,https://example.com/games/wild-hero-881,True
Silent Racer,Join millions of players in this Simulation classic focused on defend and racers.,Simulation,https://example.com/images/silent-racer-882.jpg,https://example.com/games/silent-racer-882,True
Medieval Detective,The ultimate Horror experience awaits you in Medieval Detective.,Horror,https://example.com/images/medieval-detective-883.jpg,https://example.com/games/medieval-detective-883,True
Iron Racer,The ultimate Racing experience awaits you in Iron Racer.,Racing,https://example.com/images/iron-racer-884.jpg,https://example.com/games/iron-racer-884,False
Wild Pirate,Experience the thrill of Pirate in this top-rated Puzzle adventure.,Puzzle,https://example.com/images/wild-pirate-885.jpg,https://example.com/games/wild-pirate-885,False
Neon Builder,The ultimate RPG experience awaits you in Neon Builder.,RPG,https://example.com/images/neon-builder-886.jpg,https://example.com/games/neon-builder-886,True
Mega Robot,The ultimate Action experience awaits you in Mega Robot.,Action,https://example.com/images/mega-robot-887.jpg,https://example.com/games/mega-robot-887,True
Light Hero,A masterful RPG journey where you must become the ultimate Hero.,RPG,https://example.com/images/light-hero-888.jpg,https://example.com/games/light-hero-888,True
Furious Farm,Fight your way to victory in this exciting Sports game featuring the legendary Farm.,Sports,https://example.com/images/furious-farm-889.jpg,https://example.com/games/furious-farm-889,True
Mega Builder,Explore your way to victory in this exciting Racing game featuring the legendary Builder.,Racing,https://example.com/images/mega-builder-890.jpg,https://example.com/games/mega-builder-890,True
Iron Racer,Join millions of players in this Adventure classic focused on defend and racers.,Adventure,https://example.com/images/iron-racer-891.jpg,https://example.com/games/iron-racer-891,False
Crystal Robot,The ultimate Strategy experience awaits you in Crystal Robot.,Strategy,https://example.com/images/crystal-robot-892.jpg,https://example.com/games/crystal-robot-892,True
Wild Empire,The ultimate Sports experience awaits you in Wild Empire.,Sports,https://example.com/images/wild-empire-893.jpg,https://example.com/games/wild-empire-893,True
Wild Farm,Experience the thrill of Farm in this top-rated Racing adventure.,Racing,https://example.com/images/wild-farm-894.jpg,https://example.com/games/wild-farm-894,True
Iron Robot,Solve your way to victory in this exciting Arcade game featuring the legendary Robot.,Arcade,https://example.com/images/iron-robot-895.jpg,https://example.com/games/iron-robot-895,False
Epic Pilot,Join millions of players in this Racing classic focused on manage and pilots.,Racing,https://example.com/images/epic-pilot-896.jpg,https://example.com/games/epic-pilot-896,True
Golden Detective,The ultimate Action experience awaits you in Golden Detective.,Action,https://example.com/images/golden-detective-897.jpg,https://example.com/games/golden-detective-897,True
Golden Empire,The ultimate Racing experience awaits you in Golden Empire.,Racing,https://example.com/images/golden-empire-898.jpg,https://example.com/games/golden-empire-898,True
Golden Pilot,The ultimate Horror experience awaits you in Golden Pilot.,Horror,https://example.com/images/golden-pilot-899.jpg,https://example.com/games/golden-pilot-899,False
Dark Empire,Manage your way to victory in this exciting Adventure game featuring the legendary Empire.,Adventure,https://example.com/images/dark-empire-900.jpg,https://example.com/games/dark-empire-900,True
Silent Builder,Survive your way to victory in this exciting Strategy game featuring the legendary Builder.,Strategy,https://example.com/images/silent-builder-901.jpg,https://example.com/games/silent-builder-901,True
Mega Hero,Experience the thrill of Hero in this top-rated Adventure adventure.,Adventure,https://example.com/images/mega-hero-902.jpg,https://example.com/games/mega-hero-902,True
Furious Empire,Solve your way to victory in this exciting Horror game featuring the legendary Empire.,Horror,https://example.com/images/furious-empire-903.jpg,https://example.com/games/furious-empire-903,False
Super Robot,A masterful Puzzle journey where you must become the ultimate Robot.,Puzzle,https://example.com/images/super-robot-904.jpg,https://example.com/games/super-robot-904,True
Cyber Builder,A masterful Racing journey where you must become the ultimate Builder.,Racing,https://example.com/images/cyber-builder-905.jpg,https://example.com/games/cyber-builder-905,True
Light Pirate,The ultimate Action experience awaits you in Light Pirate.,Action,https://example.com/images/light-pirate-906.jpg,https://example.com/games/light-pirate-906,True
Iron Chef,The ultimate RPG experience awaits you in Iron Chef.,RPG,https://example.com/images/iron-chef-907.jpg,https://example.com/games/iron-chef-907,False
Super Farm,Join millions of players in this Simulation classic focused on build and farms.,Simulation,https://example.com/images/super-farm-908.jpg,https://example.com/games/super-farm-908,True
Furious Empire,Join millions of players in this RPG classic focused on solve and empires.,RPG,https://example.com/images/furious-empire-909.jpg,https://example.com/games/furious-empire-909,False
Super Builder,Explore your way to victory in this exciting Adventure game featuring the legendary Builder.,Adventure,https://example.com/images/super-builder-910.jpg,https://example.com/games/super-builder-910,False
Crystal Racer,The ultimate Strategy experience awaits you in Crystal Racer.,Strategy,https://example.com/images/crystal-racer-911.jpg,https://example.com/games/crystal-racer-911,True
Golden City,Experience the thrill of City in this top-rated Sports adventure.,Sports,https://example.com/images/golden-city-912.jpg,https://example.com/games/golden-city-912,True
Light Empire,Join millions of players in this Sports classic focused on survive and empires.,Sports,https://example.com/images/light-empire-913.jpg,https://example.com/games/light-empire-913,True
Cosmic Builder,The ultimate Racing experience awaits you in Cosmic Builder.,Racing,https://example.com/images/cosmic-builder-914.jpg,https://example.com/games/cosmic-builder-914,True
Crystal Pilot,Conquer your way to victory in this exciting Horror game featuring the legendary Pilot.,Horror,https://example.com/images/crystal-pilot-915.jpg,https://example.com/games/crystal-pilot-915,True
Super Legend,The ultimate Adventure experience awaits you in Super Legend.,Adventure,https://example.com/images/super-legend-916.jpg,https://example.com/games/super-legend-916,True
Silent Zombie,Join millions of players in this Arcade classic focused on destroy and zombies.,Arcade,https://example.com/images/silent-zombie-917.jpg,https://example.com/games/silent-zombie-917,True
Super Chef,Join millions of players in this Simulation classic focused on conquer and chefs.,Simulation,https://example.com/images/super-chef-918.jpg,https://example.com/games/super-chef-918,True
Wild Dungeon,Join millions of players in this Strategy classic focused on destroy and dungeons.,Strategy,https://example.com/images/wild-dungeon-919.jpg,https://example.com/games/wild-dungeon-919,False
Iron Robot,The ultimate Puzzle experience awaits you in Iron Robot.,Puzzle,https://example.com/images/iron-robot-920.jpg,https://example.com/games/iron-robot-920,True
Mega Warrior,A masterful Adventure journey where you must become the ultimate Warrior.,Adventure,https://example.com/images/mega-warrior-921.jpg,https://example.com/games/mega-warrior-921,True
Iron Chef,Explore your way to victory in this exciting Puzzle game featuring the legendary Chef.,Puzzle,https://example.com/images/iron-chef-922.jpg,https://example.com/games/iron-chef-922,True
Super Farm,The ultimate Simulation experience awaits you in Super Farm.,Simulation,https://example.com/images/super-farm-923.jpg,https://example.com/games/super-farm-923,True
Light Pirate,A masterful RPG journey where you must become the ultimate Pirate.,RPG,https://example.com/images/light-pirate-924.jpg,https://example.com/games/light-pirate-924,True
Neon Racer,Experience the thrill of Racer in this top-rated Simulation adventure.,Simulation,https://example.com/images/neon-racer-925.jpg,https://example.com/games/neon-racer-925,True
Epic Zombie,Survive your way to victory in this exciting Action game featuring the legendary Zombie.,Action,https://example.com/images/epic-zombie-926.jpg,https://example.com/games/epic-zombie-926,False
Silent Racer,A masterful RPG journey where you must become the ultimate Racer.,RPG,https://example.com/images/silent-racer-927.jpg,https://example.com/games/silent-racer-927,True
Dark Legend,A masterful Adventure journey where you must become the ultimate Legend.,Adventure,https://example.com/images/dark-legend-928.jpg,https://example.com/games/dark-legend-928,True
Cyber Ninja,Join millions of players in this Horror classic focused on solve and ninjas.,Horror,https://example.com/images/cyber-ninja-929.jpg,https://example.com/games/cyber-ninja-929,True
Super Zombie,A masterful Racing journey where you must become the ultimate Zombie.,Racing,https://example.com/images/super-zombie-930.jpg,https://example.com/games/super-zombie-930,True
Silent Legend,Join millions of players in this Arcade classic focused on survive and legends.,Arcade,https://example.com/images/silent-legend-931.jpg,https://example.com/games/silent-legend-931,True
Golden Ninja,A masterful Adventure journey where you must become the ultimate Ninja.,Adventure,https://example.com/images/golden-ninja-932.jpg,https://example.com/games/golden-ninja-932,True
Light Zombie,Explore your way to victory in this exciting Puzzle game featuring the legendary Zombie.,Puzzle,https://example.com/images/light-zombie-933.jpg,https://example.com/games/light-zombie-933,False
Tiny Chef,Defend your way to victory in this exciting Arcade game featuring the legendary Chef.,Arcade,https://example.com/images/tiny-chef-934.jpg,https://example.com/games/tiny-chef-934,True
Crystal Robot,Join millions of players in this Horror classic focused on race and robots.,Horror,https://example.com/images/crystal-robot-935.jpg,https://example.com/games/crystal-robot-935,True
Furious Racer,A masterful Horror journey where you must become the ultimate Racer.,Horror,https://example.com/images/furious-racer-936.jpg,https://example.com/games/furious-racer-936,True
Medieval Ninja,The ultimate Horror experience awaits you in Medieval Ninja.,Horror,https://example.com/images/medieval-ninja-937.jpg,https://example.com/games/medieval-ninja-937,False
Tiny Ninja,Manage your way to victory in this exciting RPG game featuring the legendary Ninja.,RPG,https://example.com/images/tiny-ninja-938.jpg,https://example.com/games/tiny-ninja-938,True
Golden Warrior,The ultimate Sports experience awaits you in Golden Warrior.,Sports,https://example.com/images/golden-warrior-939.jpg,https://example.com/games/golden-warrior-939,True
Light Warrior,The ultimate Arcade experience awaits you in Light Warrior.,Arcade,https://example.com/images/light-warrior-940.jpg,https://example.com/games/light-warrior-940,False
Epic Warrior,Destroy your way to victory in this exciting RPG game featuring the legendary Warrior.,RPG,https://example.com/images/epic-warrior-941.jpg,https://example.com/games/epic-warrior-941,True
Epic Robot,A masterful Sports journey where you must become the ultimate Robot.,Sports,https://example.com/images/epic-robot-942.jpg,https://example.com/games/epic-robot-942,True
Epic Empire,Experience the thrill of Empire in this top-rated Sports adventure.,Sports,https://example.com/images/epic-empire-943.jpg,https://example.com/games/epic-empire-943,True
Crystal Racer,The ultimate Strategy experience awaits you in Crystal Racer.,Strategy,https://example.com/images/crystal-racer-944.jpg,https://example.com/games/crystal-racer-944,True
Mega Pilot,Experience the thrill of Pilot in this top-rated Arcade adventure.,Arcade,https://example.com/images/mega-pilot-945.jpg,https://example.com/games/mega-pilot-945,True
Dark Farm,The ultimate Strategy experience awaits you in Dark Farm.,Strategy,https://example.com/images/dark-farm-946.jpg,https://example.com/games/dark-farm-946,True
Crystal City,A masterful Arcade journey where you must become the ultimate City.,Arcade,https://example.com/images/crystal-city-947.jpg,https://example.com/games/crystal-city-947,False
Crystal Detective,A masterful Simulation journey where you must become the ultimate Detective.,Simulation,https://example.com/images/crystal-detective-948.jpg,https://example.com/games/crystal-detective-948,True
Cosmic Robot,Manage your way to victory in this exciting Sports game featuring the legendary Robot.,Sports,https://example.com/images/cosmic-robot-949.jpg,https://example.com/games/cosmic-robot-949,True
Crystal Hero,Build your way to victory in this exciting Horror game featuring the legendary Hero.,Horror,https://example.com/images/crystal-hero-950.jpg,https://example.com/games/crystal-hero-950,True
Golden Hero,The ultimate Action experience awaits you in Golden Hero.,Action,https://example.com/images/golden-hero-951.jpg,https://example.com/games/golden-hero-951,True
Epic City,Join millions of players in this Arcade classic focused on explore and citys.,Arcade,https://example.com/images/epic-city-952.jpg,https://example.com/games/epic-city-952,True
Mega Ninja,Join millions of players in this Strategy classic focused on manage and ninjas.,Strategy,https://example.com/images/mega-ninja-953.jpg,https://example.com/games/mega-ninja-953,True
Furious Ninja,Experience the thrill of Ninja in this top-rated Strategy adventure.,Strategy,https://example.com/images/furious-ninja-954.jpg,https://example.com/games/furious-ninja-954,False
Cyber Pilot,Experience the thrill of Pilot in this top-rated Simulation adventure.,Simulation,https://example.com/images/cyber-pilot-955.jpg,https://example.com/games/cyber-pilot-955,False
Wild Warrior,A masterful Adventure journey where you must become the ultimate Warrior.,Adventure,https://example.com/images/wild-warrior-956.jpg,https://example.com/games/wild-warrior-956,False
Wild Robot,Join millions of players in this Arcade classic focused on manage and robots.,Arcade,https://example.com/images/wild-robot-957.jpg,https://example.com/games/wild-robot-957,True
Super Builder,A masterful Sports journey where you must become the ultimate Builder.,Sports,https://example.com/images/super-builder-958.jpg,https://example.com/games/super-builder-958,True
Dark Ninja,The ultimate Simulation experience awaits you in Dark Ninja.,Simulation,https://example.com/images/dark-ninja-959.jpg,https://example.com/games/dark-ninja-959,True
Furious Chef,A masterful Action journey where you must become the ultimate Chef.,Action,https://example.com/images/furious-chef-960.jpg,https://example.com/games/furious-chef-960,True
Light Builder,Join millions of players in this Arcade classic focused on manage and builders.,Arcade,https://example.com/images/light-builder-961.jpg,https://example.com/games/light-builder-961,True
Wild Warrior,Join millions of players in this Action classic focused on build and warriors.,Action,https://example.com/images/wild-warrior-962.jpg,https://example.com/games/wild-warrior-962,True
Crystal Chef,The ultimate Arcade experience awaits you in Crystal Chef.,Arcade,https://example.com/images/crystal-chef-963.jpg,https://example.com/games/crystal-chef-963,True
Mega Pirate,The ultimate Adventure experience awaits you in Mega Pirate.,Adventure,https://example.com/images/mega-pirate-964.jpg,https://example.com/games/mega-pirate-964,True
Silent Racer,The ultimate Strategy experience awaits you in Silent Racer.,Strategy,https://example.com/images/silent-racer-965.jpg,https://example.com/games/silent-racer-965,True
Epic Ninja,Join millions of players in this Arcade classic focused on survive and ninjas.,Arcade,https://example.com/images/epic-ninja-966.jpg,https://example.com/games/epic-ninja-966,True
Furious Pilot,A masterful Sports journey where you must become the ultimate Pilot.,Sports,https://example.com/images/furious-pilot-967.jpg,https://example.com/games/furious-pilot-967,True
Wild Farm,The ultimate Horror experience awaits you in Wild Farm.,Horror,https://example.com/images/wild-farm-968.jpg,https://example.com/games/wild-farm-968,True
Super Empire,A masterful RPG journey where you must become the ultimate Empire.,RPG,https://example.com/images/super-empire-969.jpg,https://example.com/games/super-empire-969,True
Wild Hero,Experience the thrill of Hero in this top-rated Action adventure.,Action,https://example.com/images/wild-hero-970.jpg,https://example.com/games/wild-hero-970,False
Tiny City,The ultimate Racing experience awaits you in Tiny City.,Racing,https://example.com/images/tiny-city-971.jpg,https://example.com/games/tiny-city-971,True
Light Warrior,Join millions of players in this Puzzle classic focused on defend and warriors.,Puzzle,https://example.com/images/light-warrior-972.jpg,https://example.com/games/light-warrior-972,False
Silent Zombie,The ultimate Puzzle experience awaits you in Silent Zombie.,Puzzle,https://example.com/images/silent-zombie-973.jpg,https://example.com/games/silent-zombie-973,True
Iron Racer,A masterful Adventure journey where you must become the ultimate Racer.,Adventure,https://example.com/images/iron-racer-974.jpg,https://example.com/games/iron-racer-974,True
Super Robot,The ultimate RPG experience awaits you in Super Robot.,RPG,https://example.com/images/super-robot-975.jpg,https://example.com/games/super-robot-975,True
Furious Hero,Build your way to victory in this exciting RPG game featuring the legendary Hero.,RPG,https://example.com/images/furious-hero-976.jpg,https://example.com/games/furious-hero-976,True
Neon Detective,Conquer your way to victory in this exciting Adventure game featuring the legendary Detective.,Adventure,https://example.com/images/neon-detective-977.jpg,https://example.com/games/neon-detective-977,True
Light Detective,Manage your way to victory in this exciting RPG game featuring the legendary Detective.,RPG,https://example.com/images/light-detective-978.jpg,https://example.com/games/light-detective-978,True
Super Pirate,Experience the thrill of Pirate in this top-rated Puzzle adventure.,Puzzle,https://example.com/images/super-pirate-979.jpg,https://example.com/games/super-pirate-979,False
Dark Ninja,A masterful Arcade journey where you must become the ultimate Ninja.,Arcade,https://example.com/images/dark-ninja-980.jpg,https://example.com/games/dark-ninja-980,True
Furious Racer,Experience the thrill of Racer in this top-rated Racing adventure.,Racing,https://example.com/images/furious-racer-981.jpg,https://example.com/games/furious-racer-981,True
Cyber Dungeon,Manage your way to victory in this exciting Horror game featuring the legendary Dungeon.,Horror,https://example.com/images/cyber-dungeon-982.jpg,https://example.com/games/cyber-dungeon-982,True
Cosmic Robot,Experience the thrill of Robot in this top-rated RPG adventure.,RPG,https://example.com/images/cosmic-robot-983.jpg,https://example.com/games/cosmic-robot-983,True
Dark Builder,Experience the thrill of Builder in this top-rated Racing adventure.,Racing,https://example.com/images/dark-builder-984.jpg,https://example.com/games/dark-builder-984,True
Epic City,The ultimate Horror experience awaits you in Epic City.,Horror,https://example.com/images/epic-city-985.jpg,https://example.com/games/epic-city-985,True
Mega Detective,Join millions of players in this Action classic focused on race and detectives.,Action,https://example.com/images/mega-detective-986.jpg,https://example.com/games/mega-detective-986,True
Furious Pilot,Experience the thrill of Pilot in this top-rated Puzzle adventure.,Puzzle,https://example.com/images/furious-pilot-987.jpg,https://example.com/games/furious-pilot-987,True
Crystal Chef,A masterful Action journey where you must become the ultimate Chef.,Action,https://example.com/images/crystal-chef-988.jpg,https://example.com/games/crystal-chef-988,True
Crystal Pirate,The ultimate Puzzle experience awaits you in Crystal Pirate.,Puzzle,https://example.com/images/crystal-pirate-989.jpg,https://example.com/games/crystal-pirate-989,True
Mega Ninja,Destroy your way to victory in this exciting Simulation game featuring the legendary Ninja.,Simulation,https://example.com/images/mega-ninja-990.jpg,https://example.com/games/mega-ninja-990,True
Epic Ninja,A masterful Strategy journey where you must become the ultimate Ninja.,Strategy,https://example.com/images/epic-ninja-991.jpg,https://example.com/games/epic-ninja-991,False
Epic Detective,Experience the thrill of Detective in this top-rated Simulation adventure.,Simulation,https://example.com/images/epic-detective-992.jpg,https://example.com/games/epic-detective-992,True
Cosmic Pilot,Experience the thrill of Pilot in this top-rated Strategy adventure.,Strategy,https://example.com/images/cosmic-pilot-993.jpg,https://example.com/games/cosmic-pilot-993,True
Tiny Dungeon,Join millions of players in this Action classic focused on solve and dungeons.,Action,https://example.com/images/tiny-dungeon-994.jpg,https://example.com/games/tiny-dungeon-994,True
Silent Detective,Experience the thrill of Detective in this top-rated Sports adventure.,Sports,https://example.com/images/silent-detective-995.jpg,https://example.com/games/silent-detective-995,True
Silent Zombie,A masterful Sports journey where you must become the ultimate Zombie.,Sports,https://example.com/images/silent-zombie-996.jpg,https://example.com/games/silent-zombie-996,False
Furious Dungeon,Join millions of players in this Horror classic focused on manage and dungeons.,Horror,https://example.com/images/furious-dungeon-997.jpg,https://example.com/games/furious-dungeon-997,True
Super Zombie,Join millions of players in this Horror classic focused on manage and zombies.,Horror,https://example.com/images/super-zombie-998.jpg,https://example.com/games/super-zombie-998,True
Mega Pilot,A masterful Strategy journey where you must become the ultimate Pilot.,Strategy,https://example.com/images/mega-pilot-999.jpg,https://example.com/games/mega-pilot-999,True
Iron Ninja,Experience the thrill of Ninja in this top-rated RPG adventure.,RPG,https://example.com/images/iron-ninja-1000.jpg,https://example.com/games/iron-ninja-1000,True
