id,name,genre,imageUrl,gameUrl,isActive,deletedAt,createdAt,updatedAt,description,rating
000b6c4a-15bb-4a3d-8f8c-2718fec7fd2e,Cyber Chef,RPG,https://tse1.mm.bing.net/th/id/OIP.ZPmbOG0_0WBy3RKEJV9muQHaFR?cb=defcache2defcache=1&rs=1&pid=ImgDetMain&o=7&rm=3,https://example.com/games/cyber-chef-550,TRUE,NULL,2026-01-21 05:43:13.14+00,2026-01-21 05:43:13.14+00,A masterful RPG journey where you must become the ultimate Chef.,0
0016aeda-6fab-46df-806a-2f766fc90d89,Crystal Dungeon,RPG,https://tse1.mm.bing.net/th/id/OIP.ZPmbOG0_0WBy3RKEJV9muQHaFR?cb=defcache2defcache=1&rs=1&pid=ImgDetMain&o=7&rm=4,https://example.com/games/crystal-dungeon-862,TRUE,NULL,2026-01-21 05:43:13.14+00,2026-01-21 05:43:13.14+00,Manage your way to victory in this exciting RPG game featuring the legendary Dungeon.,0
00176366-49f0-4ea4-81cc-a78f2dd33d7e,Cyber Detective,Strategy,https://tse1.mm.bing.net/th/id/OIP.ZPmbOG0_0WBy3RKEJV9muQHaFR?cb=defcache2defcache=1&rs=1&pid=ImgDetMain&o=7&rm=5,https://example.com/games/cyber-detective-5,TRUE,NULL,2026-01-21 05:43:13.14+00,2026-01-21 13:38:23.607+00,Experience the thrill of Detective in this top-rated Strategy adventure.,0
001ca9ba-86ba-44f2-aea9-4b9e7c942647,Epic Pirate,Strategy,https://tse1.mm.bing.net/th/id/OIP.ZPmbOG0_0WBy3RKEJV9muQHaFR?cb=defcache2defcache=1&rs=1&pid=ImgDetMain&o=7&rm=6,https://example.com/games/epic-pirate-770,TRUE,NULL,2026-01-21 05:43:13.14+00,2026-01-21 05:43:13.14+00,Experience the thrill of Pirate in this top-rated Strategy adventure.,0
003cdbc8-1f4b-415e-a645-cf3dff7f79f6,Dark Empire,Adventure,https://tse1.mm.bing.net/th/id/OIP.ZPmbOG0_0WBy3RKEJV9muQHaFR?cb=defcache2defcache=1&rs=1&pid=ImgDetMain&o=7&rm=7,https://example.com/games/dark-empire-900,TRUE,NULL,2026-01-21 05:43:13.14+00,2026-01-21 05:43:13.14+00,Manage your way to victory in this exciting Adventure game featuring the legendary Empire.,0
003ed6ee-cc7c-4f54-b937-de4a2a6ee60d,Super City,Horror,https://tse1.mm.bing.net/th/id/OIP.ZPmbOG0_0WBy3RKEJV9muQHaFR?cb=defcache2defcache=1&rs=1&pid=ImgDetMain&o=7&rm=8,https://example.com/games/super-city-477,TRUE,NULL,2026-01-21 05:43:13.14+00,2026-01-21 05:43:13.14+00,Join millions of players in this Horror classic focused on defend and citys.,0
004347a7-a908-427b-b04a-64a0e8597685,Mega Chef,RPG,https://tse1.mm.bing.net/th/id/OIP.ZPmbOG0_0WBy3RKEJV9muQHaFR?cb=defcache2defcache=1&rs=1&pid=ImgDetMain&o=7&rm=9,https://example.com/games/mega-chef-204,TRUE,NULL,2026-01-21 05:43:13.14+00,2026-01-21 05:43:13.14+00,The ultimate RPG experience awaits you in Mega Chef.,0
0049fa12-5465-4449-88c1-3376e79cec42,Epic Detective,Adventure,https://tse1.mm.bing.net/th/id/OIP.ZPmbOG0_0WBy3RKEJV9muQHaFR?cb=defcache2defcache=1&rs=1&pid=ImgDetMain&o=7&rm=10,https://example.com/games/epic-detective-199,TRUE,NULL,2026-01-21 05:43:13.14+00,2026-01-21 05:43:13.14+00,Join millions of players in this Adventure classic focused on manage and detectives.,0
008ff8c5-9914-41b7-a426-759aa6367cd7,Cosmic Racer,Racing,https://tse1.mm.bing.net/th/id/OIP.ZPmbOG0_0WBy3RKEJV9muQHaFR?cb=defcache2defcache=1&rs=1&pid=ImgDetMain&o=7&rm=11,https://example.com/games/cosmic-racer-232,TRUE,NULL,2026-01-21 05:43:13.14+00,2026-01-21 05:43:13.14+00,Solve your way to victory in this exciting Racing game featuring the legendary Racer.,0
0090d9e1-afe9-4726-96f1-9da586850890,Medieval Dungeon,Strategy,https://tse1.mm.bing.net/th/id/OIP.ZPmbOG0_0WBy3RKEJV9muQHaFR?cb=defcache2defcache=1&rs=1&pid=ImgDetMain&o=7&rm=12,https://example.com/games/medieval-dungeon-586,TRUE,NULL,2026-01-21 05:43:13.14+00,2026-01-21 05:43:13.14+00,Experience the thrill of Dungeon in this top-rated Strategy adventure.,0
0097ae8f-4b92-47c4-b0ad-dd56e40a633c,Dark Ninja,Arcade,https://tse1.mm.bing.net/th/id/OIP.ZPmbOG0_0WBy3RKEJV9muQHaFR?cb=defcache2defcache=1&rs=1&pid=ImgDetMain&o=7&rm=13,https://example.com/games/dark-ninja-980,TRUE,NULL,2026-01-21 05:43:13.14+00,2026-01-21 05:43:13.14+00,A masterful Arcade journey where you must become the ultimate Ninja.,0
00bd7972-ab8a-440e-8f47-f09e88a94a81,Silent Warrior,Strategy,https://tse1.mm.bing.net/th/id/OIP.ZPmbOG0_0WBy3RKEJV9muQHaFR?cb=defcache2defcache=1&rs=1&pid=ImgDetMain&o=7&rm=14,https://example.com/games/silent-warrior-192,TRUE,NULL,2026-01-21 05:43:13.14+00,2026-01-21 13:39:08.48+00,A masterful Strategy journey where you must become the ultimate Warrior.,0
0128b6d1-307f-47df-b78f-9338b823406c,Silent Robot,Racing,https://tse1.mm.bing.net/th/id/OIP.ZPmbOG0_0WBy3RKEJV9muQHaFR?cb=defcache2defcache=1&rs=1&pid=ImgDetMain&o=7&rm=15,https://example.com/games/silent-robot-383,TRUE,NULL,2026-01-21 05:43:13.14+00,2026-01-21 05:43:13.14+00,Build your way to victory in this exciting Racing game featuring the legendary Robot.,0
013d8715-62e2-4945-8d2d-677c59bfcaed,Super Builder,Simulation,https://tse1.mm.bing.net/th/id/OIP.ZPmbOG0_0WBy3RKEJV9muQHaFR?cb=defcache2defcache=1&rs=1&pid=ImgDetMain&o=7&rm=16,https://example.com/games/super-builder-866,TRUE,NULL,2026-01-21 05:43:13.14+00,2026-01-21 05:43:13.14+00,Experience the thrill of Builder in this top-rated Simulation adventure.,0
018758e5-0d5e-4659-9cb4-477d22ff4a65,Furious Farm,Simulation,https://tse1.mm.bing.net/th/id/OIP.ZPmbOG0_0WBy3RKEJV9muQHaFR?cb=defcache2defcache=1&rs=1&pid=ImgDetMain&o=7&rm=17,https://example.com/games/furious-farm-382,TRUE,NULL,2026-01-21 05:43:13.14+00,2026-01-21 05:43:13.14+00,Experience the thrill of Farm in this top-rated Simulation adventure.,0
01a9af29-415d-48de-903f-804ccea142db,Cosmic Empire,RPG,https://tse1.mm.bing.net/th/id/OIP.ZPmbOG0_0WBy3RKEJV9muQHaFR?cb=defcache2defcache=1&rs=1&pid=ImgDetMain&o=7&rm=18,https://example.com/games/cosmic-empire-653,TRUE,NULL,2026-01-21 05:43:13.14+00,2026-01-21 05:43:13.14+00,The ultimate RPG experience awaits you in Cosmic Empire.,0
01b5acf4-9d11-422e-8ad2-b843dae6f9f7,Super Builder,Adventure,https://tse1.mm.bing.net/th/id/OIP.ZPmbOG0_0WBy3RKEJV9muQHaFR?cb=defcache2defcache=1&rs=1&pid=ImgDetMain&o=7&rm=19,https://example.com/games/super-builder-549,TRUE,NULL,2026-01-21 05:43:13.14+00,2026-01-21 05:43:13.14+00,The ultimate Adventure experience awaits you in Super Builder.,0
01e51af6-2119-437d-bda5-92dcb8a52d36,Cosmic Pilot,Strategy,https://tse1.mm.bing.net/th/id/OIP.ZPmbOG0_0WBy3RKEJV9muQHaFR?cb=defcache2defcache=1&rs=1&pid=ImgDetMain&o=7&rm=20,https://example.com/games/cosmic-pilot-993,TRUE,NULL,2026-01-21 05:43:13.14+00,2026-01-21 13:38:23.607+00,Experience the thrill of Pilot in this top-rated Strategy adventure.,0
020a3fe0-f861-46e9-9e11-ef95b6253812,Furious Robot,Sports,https://tse1.mm.bing.net/th/id/OIP.ZPmbOG0_0WBy3RKEJV9muQHaFR?cb=defcache2defcache=1&rs=1&pid=ImgDetMain&o=7&rm=21,https://example.com/games/furious-robot-307,TRUE,NULL,2026-01-21 05:43:13.14+00,2026-01-21 05:43:13.14+00,Experience the thrill of Robot in this top-rated Sports adventure.,0
02157599-0c86-4eae-bd0c-47c20de9fdc4,Silent Hero,Arcade,https://tse1.mm.bing.net/th/id/OIP.ZPmbOG0_0WBy3RKEJV9muQHaFR?cb=defcache2defcache=1&rs=1&pid=ImgDetMain&o=7&rm=22,https://example.com/games/silent-hero-173,TRUE,NULL,2026-01-21 05:43:13.14+00,2026-01-21 05:43:13.14+00,Join millions of players in this Arcade classic focused on solve and heros.,0
0227ba28-588f-4402-9b14-09a3609ee7d9,Furious Dungeon,Horror,https://tse1.mm.bing.net/th/id/OIP.ZPmbOG0_0WBy3RKEJV9muQHaFR?cb=defcache2defcache=1&rs=1&pid=ImgDetMain&o=7&rm=23,https://example.com/games/furious-dungeon-997,TRUE,NULL,2026-01-21 05:43:13.14+00,2026-01-21 05:43:13.14+00,Join millions of players in this Horror classic focused on manage and dungeons.,0
022fc26c-836b-4bd2-8aba-3351fe2bde99,Medieval Chef,Simulation,https://tse1.mm.bing.net/th/id/OIP.ZPmbOG0_0WBy3RKEJV9muQHaFR?cb=defcache2defcache=1&rs=1&pid=ImgDetMain&o=7&rm=24,https://example.com/games/medieval-chef-556,TRUE,NULL,2026-01-21 05:43:13.14+00,2026-01-21 05:43:13.14+00,Race your way to victory in this exciting Simulation game featuring the legendary Chef.,0
029cb310-4e7f-41dc-b3d9-ee447c57db3b,Light Dungeon,Strategy,https://tse1.mm.bing.net/th/id/OIP.ZPmbOG0_0WBy3RKEJV9muQHaFR?cb=defcache2defcache=1&rs=1&pid=ImgDetMain&o=7&rm=25,https://example.com/games/light-dungeon-69,TRUE,NULL,2026-01-21 05:43:13.14+00,2026-01-21 13:38:23.607+00,Join millions of players in this Strategy classic focused on race and dungeons.,0
02b53eb3-2ec9-4fdd-8b39-366d9bf67162,Silent City,Adventure,https://tse1.mm.bing.net/th/id/OIP.ZPmbOG0_0WBy3RKEJV9muQHaFR?cb=defcache2defcache=1&rs=1&pid=ImgDetMain&o=7&rm=26,https://example.com/games/silent-city-397,TRUE,NULL,2026-01-21 05:43:13.14+00,2026-01-21 05:43:13.14+00,A masterful Adventure journey where you must become the ultimate City.,0
0300a4f9-23aa-411c-a0aa-4339d88e87f0,Golden City,Sports,https://tse1.mm.bing.net/th/id/OIP.ZPmbOG0_0WBy3RKEJV9muQHaFR?cb=defcache2defcache=1&rs=1&pid=ImgDetMain&o=7&rm=27,https://example.com/games/golden-city-912,TRUE,NULL,2026-01-21 05:43:13.14+00,2026-01-21 05:43:13.14+00,Experience the thrill of City in this top-rated Sports adventure.,0
033de5a8-ca70-4552-8743-9228658f95aa,Golden Zombie,Adventure,https://tse1.mm.bing.net/th/id/OIP.ZPmbOG0_0WBy3RKEJV9muQHaFR?cb=defcache2defcache=1&rs=1&pid=ImgDetMain&o=7&rm=28,https://example.com/games/golden-zombie-488,TRUE,NULL,2026-01-21 05:43:13.14+00,2026-01-21 05:43:13.14+00,Experience the thrill of Zombie in this top-rated Adventure adventure.,0
0352048b-3510-44ae-8859-df83afa24039,Furious Detective,Action,https://tse1.mm.bing.net/th/id/OIP.ZPmbOG0_0WBy3RKEJV9muQHaFR?cb=defcache2defcache=1&rs=1&pid=ImgDetMain&o=7&rm=29,https://example.com/games/furious-detective-361,TRUE,NULL,2026-01-21 05:43:13.14+00,2026-01-21 05:43:13.14+00,A masterful Action journey where you must become the ultimate Detective.,0
04a10522-50a7-4d19-bd24-ad2666c95729,Tiny Dungeon,RPG,https://tse1.mm.bing.net/th/id/OIP.ZPmbOG0_0WBy3RKEJV9muQHaFR?cb=defcache2defcache=1&rs=1&pid=ImgDetMain&o=7&rm=30,https://example.com/games/tiny-dungeon-285,TRUE,NULL,2026-01-21 05:43:13.14+00,2026-01-21 05:43:13.14+00,A masterful RPG journey where you must become the ultimate Dungeon.,0
04f1e785-3e3e-439a-9f30-4c2c52326a74,Light Racer,Strategy,https://tse1.mm.bing.net/th/id/OIP.ZPmbOG0_0WBy3RKEJV9muQHaFR?cb=defcache2defcache=1&rs=1&pid=ImgDetMain&o=7&rm=31,https://example.com/games/light-racer-316,TRUE,NULL,2026-01-21 05:43:13.14+00,2026-01-21 05:43:13.14+00,Conquer your way to victory in this exciting Strategy game featuring the legendary Racer.,0
055fdea3-6f94-44c1-b94c-c1f07d297d8e,Epic City,Racing,https://tse1.mm.bing.net/th/id/OIP.ZPmbOG0_0WBy3RKEJV9muQHaFR?cb=defcache2defcache=1&rs=1&pid=ImgDetMain&o=7&rm=32,https://example.com/games/epic-city-506,TRUE,NULL,2026-01-21 05:43:13.14+00,2026-01-21 05:43:13.14+00,A masterful Racing journey where you must become the ultimate City.,0
0591e91c-e112-43c4-a8cf-29dc02ceb49f,Mega Robot,Sports,https://tse1.mm.bing.net/th/id/OIP.ZPmbOG0_0WBy3RKEJV9muQHaFR?cb=defcache2defcache=1&rs=1&pid=ImgDetMain&o=7&rm=33,https://example.com/games/mega-robot-220,TRUE,NULL,2026-01-21 05:43:13.14+00,2026-01-21 05:43:13.14+00,The ultimate Sports experience awaits you in Mega Robot.,0
06055a1f-03d7-43a7-8afb-3a60aa6459e7,Silent Racer,Strategy,https://tse1.mm.bing.net/th/id/OIP.ZPmbOG0_0WBy3RKEJV9muQHaFR?cb=defcache2defcache=1&rs=1&pid=ImgDetMain&o=7&rm=34,https://example.com/games/silent-racer-965,TRUE,NULL,2026-01-21 05:43:13.14+00,2026-01-21 05:43:13.14+00,The ultimate Strategy experience awaits you in Silent Racer.,0
06a740d2-093d-4dc8-a43b-7f7de31c2b25,Silent Zombie,Puzzle,https://tse1.mm.bing.net/th/id/OIP.ZPmbOG0_0WBy3RKEJV9muQHaFR?cb=defcache2defcache=1&rs=1&pid=ImgDetMain&o=7&rm=35,https://example.com/games/silent-zombie-352,TRUE,NULL,2026-01-21 05:43:13.14+00,2026-01-21 05:43:13.14+00,Experience the thrill of Zombie in this top-rated Puzzle adventure.,0
06ea1a53-0cb0-407a-a460-395223a5359c,Cosmic Empire,Strategy,https://tse1.mm.bing.net/th/id/OIP.ZPmbOG0_0WBy3RKEJV9muQHaFR?cb=defcache2defcache=1&rs=1&pid=ImgDetMain&o=7&rm=36,https://example.com/games/cosmic-empire-63,TRUE,NULL,2026-01-21 05:43:13.14+00,2026-01-21 13:38:23.607+00,Experience the thrill of Empire in this top-rated Strategy adventure.,0
06f29280-5e3a-45a8-8333-933a493e3e95,Crystal Empire,Strategy,https://tse1.mm.bing.net/th/id/OIP.ZPmbOG0_0WBy3RKEJV9muQHaFR?cb=defcache2defcache=1&rs=1&pid=ImgDetMain&o=7&rm=37,https://example.com/games/crystal-empire-99,TRUE,NULL,2026-01-21 05:43:13.14+00,2026-01-21 13:39:08.48+00,Race your way to victory in this exciting Strategy game featuring the legendary Empire.,0
07724dd6-c464-46c3-bba8-108b6d530843,Light Warrior,Puzzle,https://tse1.mm.bing.net/th/id/OIP.ZPmbOG0_0WBy3RKEJV9muQHaFR?cb=defcache2defcache=1&rs=1&pid=ImgDetMain&o=7&rm=38,https://example.com/games/light-warrior-972,TRUE,NULL,2026-01-21 05:43:13.14+00,2026-01-21 05:43:13.14+00,Join millions of players in this Puzzle classic focused on defend and warriors.,0
07757c16-29df-4f69-99aa-044b9bf7118b,Wild Racer,Racing,https://tse1.mm.bing.net/th/id/OIP.ZPmbOG0_0WBy3RKEJV9muQHaFR?cb=defcache2defcache=1&rs=1&pid=ImgDetMain&o=7&rm=39,https://example.com/games/wild-racer-334,TRUE,NULL,2026-01-21 05:43:13.14+00,2026-01-21 05:43:13.14+00,Join millions of players in this Racing classic focused on destroy and racers.,0
077fe3d3-60e2-4ecf-8fc8-c553d24c4528,Cosmic Builder,Adventure,https://tse1.mm.bing.net/th/id/OIP.ZPmbOG0_0WBy3RKEJV9muQHaFR?cb=defcache2defcache=1&rs=1&pid=ImgDetMain&o=7&rm=40,https://example.com/games/cosmic-builder-346,TRUE,NULL,2026-01-21 05:43:13.14+00,2026-01-21 05:43:13.14+00,Experience the thrill of Builder in this top-rated Adventure adventure.,0
07ae9c69-3501-4172-8d00-c69eac340b59,Crystal Empire,Adventure,https://tse1.mm.bing.net/th/id/OIP.ZPmbOG0_0WBy3RKEJV9muQHaFR?cb=defcache2defcache=1&rs=1&pid=ImgDetMain&o=7&rm=41,https://example.com/games/crystal-empire-837,TRUE,NULL,2026-01-21 05:43:13.14+00,2026-01-21 05:43:13.14+00,Join millions of players in this Adventure classic focused on explore and empires.,0
085f72b9-960f-4ce9-8524-39647cb3fa82,Tiny Hero,Sports,https://tse1.mm.bing.net/th/id/OIP.ZPmbOG0_0WBy3RKEJV9muQHaFR?cb=defcache2defcache=1&rs=1&pid=ImgDetMain&o=7&rm=42,https://example.com/games/tiny-hero-394,TRUE,NULL,2026-01-21 05:43:13.14+00,2026-01-21 05:43:13.14+00,Conquer your way to victory in this exciting Sports game featuring the legendary Hero.,0
08e10ee3-bee0-4b4b-a5b9-6c143cca16cf,Silent Pilot,Horror,https://tse1.mm.bing.net/th/id/OIP.ZPmbOG0_0WBy3RKEJV9muQHaFR?cb=defcache2defcache=1&rs=1&pid=ImgDetMain&o=7&rm=43,https://example.com/games/silent-pilot-752,TRUE,NULL,2026-01-21 05:43:13.14+00,2026-01-21 05:43:13.14+00,Experience the thrill of Pilot in this top-rated Horror adventure.,0
099c6e99-8fa4-4d5e-a250-1c73afc1b3c7,Furious Racer,Strategy,https://tse1.mm.bing.net/th/id/OIP.ZPmbOG0_0WBy3RKEJV9muQHaFR?cb=defcache2defcache=1&rs=1&pid=ImgDetMain&o=7&rm=44,https://example.com/games/furious-racer-367,TRUE,NULL,2026-01-21 05:43:13.14+00,2026-01-21 05:43:13.14+00,A masterful Strategy journey where you must become the ultimate Racer.,0
09d00925-64dd-400c-8e67-0a3b1d0f5625,Cosmic Chef,Arcade,https://tse1.mm.bing.net/th/id/OIP.ZPmbOG0_0WBy3RKEJV9muQHaFR?cb=defcache2defcache=1&rs=1&pid=ImgDetMain&o=7&rm=45,https://example.com/games/cosmic-chef-248,TRUE,NULL,2026-01-21 05:43:13.14+00,2026-01-21 05:43:13.14+00,Join millions of players in this Arcade classic focused on fight and chefs.,0
0a382094-b691-4354-92e9-f112f2ab4a15,Medieval Racer,Arcade,https://tse1.mm.bing.net/th/id/OIP.ZPmbOG0_0WBy3RKEJV9muQHaFR?cb=defcache2defcache=1&rs=1&pid=ImgDetMain&o=7&rm=46,https://example.com/games/medieval-racer-32,TRUE,NULL,2026-01-21 05:43:13.14+00,2026-01-21 05:43:13.14+00,Join millions of players in this Arcade classic focused on fight and racers.,0
0a61810f-48de-4795-adfb-57bb3508cee1,Medieval Ninja,Horror,https://tse1.mm.bing.net/th/id/OIP.ZPmbOG0_0WBy3RKEJV9muQHaFR?cb=defcache2defcache=1&rs=1&pid=ImgDetMain&o=7&rm=47,https://example.com/games/medieval-ninja-937,TRUE,NULL,2026-01-21 05:43:13.14+00,2026-01-21 05:43:13.14+00,The ultimate Horror experience awaits you in Medieval Ninja.,0
0abacaa9-e4f3-47f1-a972-bca935ac4800,Cosmic City,Strategy,https://tse1.mm.bing.net/th/id/OIP.ZPmbOG0_0WBy3RKEJV9muQHaFR?cb=defcache2defcache=1&rs=1&pid=ImgDetMain&o=7&rm=48,https://example.com/games/cosmic-city-871,TRUE,NULL,2026-01-21 05:43:13.14+00,2026-01-21 05:43:13.14+00,The ultimate Strategy experience awaits you in Cosmic City.,0
0b727747-5292-4e83-8605-c564d20681fb,Super Legend,Simulation,https://tse1.mm.bing.net/th/id/OIP.ZPmbOG0_0WBy3RKEJV9muQHaFR?cb=defcache2defcache=1&rs=1&pid=ImgDetMain&o=7&rm=49,https://example.com/games/super-legend-743,TRUE,NULL,2026-01-21 05:43:13.14+00,2026-01-21 05:43:13.14+00,Solve your way to victory in this exciting Simulation game featuring the legendary Legend.,0
0b9c1df9-a552-4b22-8741-7d44b441b38d,Golden Racer,Racing,https://tse1.mm.bing.net/th/id/OIP.ZPmbOG0_0WBy3RKEJV9muQHaFR?cb=defcache2defcache=1&rs=1&pid=ImgDetMain&o=7&rm=50,https://example.com/games/golden-racer-100,TRUE,NULL,2026-01-21 05:43:13.14+00,2026-01-21 05:43:13.14+00,Join millions of players in this Racing classic focused on destroy and racers.,0
0bb43443-c25f-480e-a8cc-93d6cf700efb,Iron Racer,Action,https://tse1.mm.bing.net/th/id/OIP.ZPmbOG0_0WBy3RKEJV9muQHaFR?cb=defcache2defcache=1&rs=1&pid=ImgDetMain&o=7&rm=51,https://example.com/games/iron-racer-547,TRUE,NULL,2026-01-21 05:43:13.14+00,2026-01-21 05:43:13.14+00,The ultimate Action experience awaits you in Iron Racer.,0
0be10de9-a434-4848-bdc3-891e0a09958d,Golden Hero,Strategy,https://tse1.mm.bing.net/th/id/OIP.ZPmbOG0_0WBy3RKEJV9muQHaFR?cb=defcache2defcache=1&rs=1&pid=ImgDetMain&o=7&rm=52,https://example.com/games/golden-hero-797,TRUE,NULL,2026-01-21 05:43:13.14+00,2026-01-21 05:43:13.14+00,The ultimate Strategy experience awaits you in Golden Hero.,0
0c1da51d-6993-4bab-99d5-bb298457f297,Crystal Pilot,Puzzle,https://tse1.mm.bing.net/th/id/OIP.ZPmbOG0_0WBy3RKEJV9muQHaFR?cb=defcache2defcache=1&rs=1&pid=ImgDetMain&o=7&rm=53,https://example.com/games/crystal-pilot-70,TRUE,NULL,2026-01-21 05:43:13.14+00,2026-01-21 05:43:13.14+00,Fight your way to victory in this exciting Puzzle game featuring the legendary Pilot.,0
0c4407e2-6166-4eb1-9f25-363842572b85,Epic Pilot,Horror,https://tse1.mm.bing.net/th/id/OIP.ZPmbOG0_0WBy3RKEJV9muQHaFR?cb=defcache2defcache=1&rs=1&pid=ImgDetMain&o=7&rm=54,https://example.com/games/epic-pilot-17,TRUE,NULL,2026-01-21 05:43:13.14+00,2026-01-21 12:58:01.567+00,A masterful Horror journey where you must become the ultimate Pilot.,0
0c5707ca-eedd-4f8a-969d-7d81533e4422,Super Racer,Horror,https://tse1.mm.bing.net/th/id/OIP.ZPmbOG0_0WBy3RKEJV9muQHaFR?cb=defcache2defcache=1&rs=1&pid=ImgDetMain&o=7&rm=55,https://example.com/games/super-racer-595,TRUE,NULL,2026-01-21 05:43:13.14+00,2026-01-21 05:43:13.14+00,Manage your way to victory in this exciting Horror game featuring the legendary Racer.,0
0c5b3266-cf90-407e-b39b-2e75dc001cc1,Neon Pilot,Puzzle,https://tse1.mm.bing.net/th/id/OIP.ZPmbOG0_0WBy3RKEJV9muQHaFR?cb=defcache2defcache=1&rs=1&pid=ImgDetMain&o=7&rm=56,https://example.com/games/neon-pilot-558,TRUE,NULL,2026-01-21 05:43:13.14+00,2026-01-21 05:43:13.14+00,A masterful Puzzle journey where you must become the ultimate Pilot.,0
0cca499e-9f85-4f09-8f89-60dd4253f5e8,Dark Legend,Adventure,https://tse1.mm.bing.net/th/id/OIP.ZPmbOG0_0WBy3RKEJV9muQHaFR?cb=defcache2defcache=1&rs=1&pid=ImgDetMain&o=7&rm=57,https://example.com/games/dark-legend-928,TRUE,NULL,2026-01-21 05:43:13.14+00,2026-01-21 05:43:13.14+00,A masterful Adventure journey where you must become the ultimate Legend.,0
0cd5d88a-d890-4a58-acfa-c427b565c998,Epic Empire,Sports,https://tse1.mm.bing.net/th/id/OIP.ZPmbOG0_0WBy3RKEJV9muQHaFR?cb=defcache2defcache=1&rs=1&pid=ImgDetMain&o=7&rm=58,https://example.com/games/epic-empire-854,TRUE,NULL,2026-01-21 05:43:13.14+00,2026-01-21 05:43:13.14+00,The ultimate Sports experience awaits you in Epic Empire.,0
0ce68fc1-647a-478c-962e-f00dd3e597f5,Golden Pilot,Racing,https://tse1.mm.bing.net/th/id/OIP.ZPmbOG0_0WBy3RKEJV9muQHaFR?cb=defcache2defcache=1&rs=1&pid=ImgDetMain&o=7&rm=59,https://example.com/games/golden-pilot-152,TRUE,NULL,2026-01-21 05:43:13.14+00,2026-01-21 05:43:13.14+00,A masterful Racing journey where you must become the ultimate Pilot.,0
0d37a7c2-f979-4060-b83e-646b4cdfcb11,Furious Farm,Horror,https://tse1.mm.bing.net/th/id/OIP.ZPmbOG0_0WBy3RKEJV9muQHaFR?cb=defcache2defcache=1&rs=1&pid=ImgDetMain&o=7&rm=60,https://example.com/games/furious-farm-729,TRUE,NULL,2026-01-21 05:43:13.14+00,2026-01-21 05:43:13.14+00,Conquer your way to victory in this exciting Horror game featuring the legendary Farm.,0
0d56b8e6-490c-4716-9632-bb61b9d3b78f,Mega Racer,Puzzle,https://tse1.mm.bing.net/th/id/OIP.ZPmbOG0_0WBy3RKEJV9muQHaFR?cb=defcache2defcache=1&rs=1&pid=ImgDetMain&o=7&rm=61,https://example.com/games/mega-racer-196,TRUE,NULL,2026-01-21 05:43:13.14+00,2026-01-21 05:43:13.14+00,A masterful Puzzle journey where you must become the ultimate Racer.,0
0d83722d-2f3e-4e32-95ac-96ec1f854c67,Tiny Pilot,Strategy,https://tse1.mm.bing.net/th/id/OIP.ZPmbOG0_0WBy3RKEJV9muQHaFR?cb=defcache2defcache=1&rs=1&pid=ImgDetMain&o=7&rm=62,https://example.com/games/tiny-pilot-676,TRUE,NULL,2026-01-21 05:43:13.14+00,2026-01-21 05:43:13.14+00,The ultimate Strategy experience awaits you in Tiny Pilot.,0
0d89e28f-7756-4432-aa94-664cd4a730d0,Crystal Pilot,Puzzle,https://tse1.mm.bing.net/th/id/OIP.ZPmbOG0_0WBy3RKEJV9muQHaFR?cb=defcache2defcache=1&rs=1&pid=ImgDetMain&o=7&rm=63,https://example.com/games/crystal-pilot-597,TRUE,NULL,2026-01-21 05:43:13.14+00,2026-01-21 05:43:13.14+00,Join millions of players in this Puzzle classic focused on defend and pilots.,0
0dab77c3-70c8-4ab1-b9d0-865affe796c2,Cosmic Warrior,RPG,https://tse1.mm.bing.net/th/id/OIP.ZPmbOG0_0WBy3RKEJV9muQHaFR?cb=defcache2defcache=1&rs=1&pid=ImgDetMain&o=7&rm=64,https://example.com/games/cosmic-warrior-94,TRUE,NULL,2026-01-21 05:43:13.14+00,2026-01-21 05:43:13.14+00,Race your way to victory in this exciting RPG game featuring the legendary Warrior.,0
0def2019-c182-42a1-a547-05cda4514dcf,Medieval Pilot,Simulation,https://tse1.mm.bing.net/th/id/OIP.ZPmbOG0_0WBy3RKEJV9muQHaFR?cb=defcache2defcache=1&rs=1&pid=ImgDetMain&o=7&rm=65,https://example.com/games/medieval-pilot-573,TRUE,NULL,2026-01-21 05:43:13.14+00,2026-01-21 05:43:13.14+00,Join millions of players in this Simulation classic focused on conquer and pilots.,0
0e44bda8-570e-4494-a05d-caa355307ff9,Crystal Legend,Action,https://tse1.mm.bing.net/th/id/OIP.ZPmbOG0_0WBy3RKEJV9muQHaFR?cb=defcache2defcache=1&rs=1&pid=ImgDetMain&o=7&rm=66,https://example.com/games/crystal-legend-712,TRUE,NULL,2026-01-21 05:43:13.14+00,2026-01-21 05:43:13.14+00,Join millions of players in this Action classic focused on build and legends.,0
0ed3c3ba-343a-4c10-bb37-b3e44afdf498,Crystal Empire,Arcade,https://tse1.mm.bing.net/th/id/OIP.ZPmbOG0_0WBy3RKEJV9muQHaFR?cb=defcache2defcache=1&rs=1&pid=ImgDetMain&o=7&rm=67,https://example.com/games/crystal-empire-309,TRUE,NULL,2026-01-21 05:43:13.14+00,2026-01-21 05:43:13.14+00,A masterful Arcade journey where you must become the ultimate Empire.,0
0f03f482-7aca-4d7d-a4f1-b68154be3856,Wild Empire,Racing,https://tse1.mm.bing.net/th/id/OIP.ZPmbOG0_0WBy3RKEJV9muQHaFR?cb=defcache2defcache=1&rs=1&pid=ImgDetMain&o=7&rm=68,https://example.com/games/wild-empire-420,TRUE,NULL,2026-01-21 05:43:13.14+00,2026-01-21 05:43:13.14+00,Experience the thrill of Empire in this top-rated Racing adventure.,0
0f316754-d6f0-4774-8162-745e090d2ac3,Tiny Legend,Simulation,https://tse1.mm.bing.net/th/id/OIP.ZPmbOG0_0WBy3RKEJV9muQHaFR?cb=defcache2defcache=1&rs=1&pid=ImgDetMain&o=7&rm=69,https://example.com/games/tiny-legend-77,TRUE,NULL,2026-01-21 05:43:13.14+00,2026-01-21 05:43:13.14+00,A masterful Simulation journey where you must become the ultimate Legend.,0
0f7062d7-5bb5-4336-be3d-4cc217d48039,Mega Detective,Racing,https://tse1.mm.bing.net/th/id/OIP.ZPmbOG0_0WBy3RKEJV9muQHaFR?cb=defcache2defcache=1&rs=1&pid=ImgDetMain&o=7&rm=70,https://example.com/games/mega-detective-451,TRUE,NULL,2026-01-21 05:43:13.14+00,2026-01-21 05:43:13.14+00,The ultimate Racing experience awaits you in Mega Detective.,0
0fd56030-bcf9-4fe5-8776-19419da7712c,Crystal Robot,Strategy,https://tse1.mm.bing.net/th/id/OIP.ZPmbOG0_0WBy3RKEJV9muQHaFR?cb=defcache2defcache=1&rs=1&pid=ImgDetMain&o=7&rm=71,https://example.com/games/crystal-robot-892,TRUE,NULL,2026-01-21 05:43:13.14+00,2026-01-21 05:43:13.14+00,The ultimate Strategy experience awaits you in Crystal Robot.,0
0ffb33bc-0908-4bea-beee-549f2fe290da,Golden Legend,Action,https://tse1.mm.bing.net/th/id/OIP.ZPmbOG0_0WBy3RKEJV9muQHaFR?cb=defcache2defcache=1&rs=1&pid=ImgDetMain&o=7&rm=72,https://example.com/games/golden-legend-239,TRUE,NULL,2026-01-21 05:43:13.14+00,2026-01-21 05:43:13.14+00,Manage your way to victory in this exciting Action game featuring the legendary Legend.,0
102d2278-d795-4e79-9a7b-8bd13203ccf1,Silent Legend,Adventure,https://tse1.mm.bing.net/th/id/OIP.ZPmbOG0_0WBy3RKEJV9muQHaFR?cb=defcache2defcache=1&rs=1&pid=ImgDetMain&o=7&rm=73,https://example.com/games/silent-legend-480,TRUE,NULL,2026-01-21 05:43:13.14+00,2026-01-21 05:43:13.14+00,Solve your way to victory in this exciting Adventure game featuring the legendary Legend.,0
103d75e1-c9e7-4463-ab03-240638a89d81,Super Builder,Sports,https://tse1.mm.bing.net/th/id/OIP.ZPmbOG0_0WBy3RKEJV9muQHaFR?cb=defcache2defcache=1&rs=1&pid=ImgDetMain&o=7&rm=74,https://example.com/games/super-builder-958,TRUE,NULL,2026-01-21 05:43:13.14+00,2026-01-21 05:43:13.14+00,A masterful Sports journey where you must become the ultimate Builder.,0
103da841-ef93-4189-a779-53a0de936691,Cosmic Hero,Action,https://tse1.mm.bing.net/th/id/OIP.ZPmbOG0_0WBy3RKEJV9muQHaFR?cb=defcache2defcache=1&rs=1&pid=ImgDetMain&o=7&rm=75,https://example.com/games/cosmic-hero-119,TRUE,NULL,2026-01-21 05:43:13.14+00,2026-01-21 05:43:13.14+00,Manage your way to victory in this exciting Action game featuring the legendary Hero.,0
10521a3a-7646-44d6-a704-47f714474607,Neon Ninja,Adventure,https://tse1.mm.bing.net/th/id/OIP.ZPmbOG0_0WBy3RKEJV9muQHaFR?cb=defcache2defcache=1&rs=1&pid=ImgDetMain&o=7&rm=76,https://example.com/games/neon-ninja-73,TRUE,NULL,2026-01-21 05:43:13.14+00,2026-01-21 05:43:13.14+00,A masterful Adventure journey where you must become the ultimate Ninja.,0
1065b267-589a-402e-b3b1-3a7fe58cfd87,Dark Pilot,Strategy,https://tse1.mm.bing.net/th/id/OIP.ZPmbOG0_0WBy3RKEJV9muQHaFR?cb=defcache2defcache=1&rs=1&pid=ImgDetMain&o=7&rm=77,https://example.com/games/dark-pilot-791,TRUE,NULL,2026-01-21 05:43:13.14+00,2026-01-21 05:43:13.14+00,Build your way to victory in this exciting Strategy game featuring the legendary Pilot.,0
1080fed3-3ef1-4dc0-a6c1-5dca0f451d22,Neon Pirate,Racing,https://tse1.mm.bing.net/th/id/OIP.ZPmbOG0_0WBy3RKEJV9muQHaFR?cb=defcache2defcache=1&rs=1&pid=ImgDetMain&o=7&rm=78,https://example.com/games/neon-pirate-406,TRUE,NULL,2026-01-21 05:43:13.14+00,2026-01-21 05:43:13.14+00,The ultimate Racing experience awaits you in Neon Pirate.,0
109eab77-d687-42a6-82dd-f0abd45a27b3,Iron Dungeon,Simulation,https://tse1.mm.bing.net/th/id/OIP.ZPmbOG0_0WBy3RKEJV9muQHaFR?cb=defcache2defcache=1&rs=1&pid=ImgDetMain&o=7&rm=79,https://example.com/games/iron-dungeon-110,TRUE,NULL,2026-01-21 05:43:13.14+00,2026-01-21 05:43:13.14+00,A masterful Simulation journey where you must become the ultimate Dungeon.,0
10ff7fd7-233c-4860-8f73-3ff2cd6f2d4e,Dark Builder,Action,https://tse1.mm.bing.net/th/id/OIP.ZPmbOG0_0WBy3RKEJV9muQHaFR?cb=defcache2defcache=1&rs=1&pid=ImgDetMain&o=7&rm=80,https://example.com/games/dark-builder-687,TRUE,NULL,2026-01-21 05:43:13.14+00,2026-01-21 05:43:13.14+00,Experience the thrill of Builder in this top-rated Action adventure.,0
119d3380-d0e2-4ddb-865e-f1b477ff4ee8,Cosmic Ninja,Arcade,https://tse1.mm.bing.net/th/id/OIP.ZPmbOG0_0WBy3RKEJV9muQHaFR?cb=defcache2defcache=1&rs=1&pid=ImgDetMain&o=7&rm=81,https://example.com/games/cosmic-ninja-330,TRUE,NULL,2026-01-21 05:43:13.14+00,2026-01-21 05:43:13.14+00,Survive your way to victory in this exciting Arcade game featuring the legendary Ninja.,0
11db99d8-2ebc-4d54-9475-7a319d3b328c,Epic Pirate,Horror,https://tse1.mm.bing.net/th/id/OIP.ZPmbOG0_0WBy3RKEJV9muQHaFR?cb=defcache2defcache=1&rs=1&pid=ImgDetMain&o=7&rm=82,https://example.com/games/epic-pirate-741,TRUE,NULL,2026-01-21 05:43:13.14+00,2026-01-21 05:43:13.14+00,A masterful Horror journey where you must become the ultimate Pirate.,0
1282769b-d8b2-478d-a9d9-104034e55a0e,Epic City,Simulation,https://tse1.mm.bing.net/th/id/OIP.ZPmbOG0_0WBy3RKEJV9muQHaFR?cb=defcache2defcache=1&rs=1&pid=ImgDetMain&o=7&rm=83,https://example.com/games/epic-city-474,TRUE,NULL,2026-01-21 05:43:13.14+00,2026-01-21 05:43:13.14+00,Join millions of players in this Simulation classic focused on destroy and citys.,0
12a127c3-c59c-4488-9aa0-dc3ab31105ce,Dark Chef,Horror,https://tse1.mm.bing.net/th/id/OIP.ZPmbOG0_0WBy3RKEJV9muQHaFR?cb=defcache2defcache=1&rs=1&pid=ImgDetMain&o=7&rm=84,https://example.com/games/dark-chef-176,TRUE,NULL,2026-01-21 05:43:13.14+00,2026-01-21 05:43:13.14+00,Survive your way to victory in this exciting Horror game featuring the legendary Chef.,0
12beebb7-2c55-4ecb-9b3b-27c33fff56f2,Iron Hero,Puzzle,https://tse1.mm.bing.net/th/id/OIP.ZPmbOG0_0WBy3RKEJV9muQHaFR?cb=defcache2defcache=1&rs=1&pid=ImgDetMain&o=7&rm=85,https://example.com/games/iron-hero-185,TRUE,NULL,2026-01-21 05:43:13.14+00,2026-01-21 05:43:13.14+00,Manage your way to victory in this exciting Puzzle game featuring the legendary Hero.,0
12c11d88-e144-4612-bfad-b32bccf0ee0b,Light City,Strategy,https://tse1.mm.bing.net/th/id/OIP.ZPmbOG0_0WBy3RKEJV9muQHaFR?cb=defcache2defcache=1&rs=1&pid=ImgDetMain&o=7&rm=86,https://example.com/games/light-city-867,TRUE,NULL,2026-01-21 05:43:13.14+00,2026-01-21 05:43:13.14+00,The ultimate Strategy experience awaits you in Light City.,0
12ea57af-7519-45c3-a4f8-8a49456b9150,Tiny Pilot,Adventure,https://tse1.mm.bing.net/th/id/OIP.ZPmbOG0_0WBy3RKEJV9muQHaFR?cb=defcache2defcache=1&rs=1&pid=ImgDetMain&o=7&rm=87,https://example.com/games/tiny-pilot-678,TRUE,NULL,2026-01-21 05:43:13.14+00,2026-01-21 05:43:13.14+00,Experience the thrill of Pilot in this top-rated Adventure adventure.,0
12ee05ca-181c-4342-9542-56b75948cf2b,Medieval City,Simulation,https://tse1.mm.bing.net/th/id/OIP.ZPmbOG0_0WBy3RKEJV9muQHaFR?cb=defcache2defcache=1&rs=1&pid=ImgDetMain&o=7&rm=88,https://example.com/games/medieval-city-321,TRUE,NULL,2026-01-21 05:43:13.14+00,2026-01-21 05:43:13.14+00,The ultimate Simulation experience awaits you in Medieval City.,0
131d2c04-c7f3-42ad-afc0-1413a0248bcf,Cosmic Empire,Arcade,https://tse1.mm.bing.net/th/id/OIP.ZPmbOG0_0WBy3RKEJV9muQHaFR?cb=defcache2defcache=1&rs=1&pid=ImgDetMain&o=7&rm=89,https://example.com/games/cosmic-empire-23,TRUE,NULL,2026-01-21 05:43:13.14+00,2026-01-21 05:43:13.14+00,Experience the thrill of Empire in this top-rated Arcade adventure.,0
132dff0b-755a-4322-a88b-4dd343ce0fe0,Dark Detective,Sports,https://tse1.mm.bing.net/th/id/OIP.ZPmbOG0_0WBy3RKEJV9muQHaFR?cb=defcache2defcache=1&rs=1&pid=ImgDetMain&o=7&rm=90,https://example.com/games/dark-detective-407,TRUE,NULL,2026-01-21 05:43:13.14+00,2026-01-21 05:43:13.14+00,The ultimate Sports experience awaits you in Dark Detective.,0
13bcce66-9956-4464-beb8-eafd29d54eab,Tiny Empire,Arcade,https://tse1.mm.bing.net/th/id/OIP.ZPmbOG0_0WBy3RKEJV9muQHaFR?cb=defcache2defcache=1&rs=1&pid=ImgDetMain&o=7&rm=91,https://example.com/games/tiny-empire-156,TRUE,NULL,2026-01-21 05:43:13.14+00,2026-01-21 05:43:13.14+00,Join millions of players in this Arcade classic focused on solve and empires.,0
13e463ec-a679-48c2-818f-71f47c835d9b,Light Hero,Arcade,https://tse1.mm.bing.net/th/id/OIP.ZPmbOG0_0WBy3RKEJV9muQHaFR?cb=defcache2defcache=1&rs=1&pid=ImgDetMain&o=7&rm=92,https://example.com/games/light-hero-719,TRUE,NULL,2026-01-21 05:43:13.14+00,2026-01-21 05:43:13.14+00,The ultimate Arcade experience awaits you in Light Hero.,0
14381f8d-ea01-4ff1-ae7e-3f02285c1407,Iron Racer,Adventure,https://tse1.mm.bing.net/th/id/OIP.ZPmbOG0_0WBy3RKEJV9muQHaFR?cb=defcache2defcache=1&rs=1&pid=ImgDetMain&o=7&rm=93,https://example.com/games/iron-racer-974,TRUE,NULL,2026-01-21 05:43:13.14+00,2026-01-21 05:43:13.14+00,A masterful Adventure journey where you must become the ultimate Racer.,0
1444e43f-6cac-447f-9397-c2ab525d1176,Wild Chef,Simulation,https://tse1.mm.bing.net/th/id/OIP.ZPmbOG0_0WBy3RKEJV9muQHaFR?cb=defcache2defcache=1&rs=1&pid=ImgDetMain&o=7&rm=94,https://example.com/games/wild-chef-339,TRUE,NULL,2026-01-21 05:43:13.14+00,2026-01-21 05:43:13.14+00,The ultimate Simulation experience awaits you in Wild Chef.,0
144e4a41-915d-4b9c-8840-02a0d2f7d087,Dark City,RPG,https://tse1.mm.bing.net/th/id/OIP.ZPmbOG0_0WBy3RKEJV9muQHaFR?cb=defcache2defcache=1&rs=1&pid=ImgDetMain&o=7&rm=95,https://example.com/games/dark-city-763,TRUE,NULL,2026-01-21 05:43:13.14+00,2026-01-21 05:43:13.14+00,A masterful RPG journey where you must become the ultimate City.,0
146097a6-c038-4bed-8acb-b43a9091e3fd,Mega Zombie,Sports,https://tse1.mm.bing.net/th/id/OIP.ZPmbOG0_0WBy3RKEJV9muQHaFR?cb=defcache2defcache=1&rs=1&pid=ImgDetMain&o=7&rm=96,https://example.com/games/mega-zombie-354,TRUE,NULL,2026-01-21 05:43:13.14+00,2026-01-21 05:43:13.14+00,Conquer your way to victory in this exciting Sports game featuring the legendary Zombie.,0
1479917e-e824-48ea-ac10-0180d7ab99b9,Golden Empire,Horror,https://tse1.mm.bing.net/th/id/OIP.ZPmbOG0_0WBy3RKEJV9muQHaFR?cb=defcache2defcache=1&rs=1&pid=ImgDetMain&o=7&rm=97,https://example.com/games/golden-empire-634,TRUE,NULL,2026-01-21 05:43:13.14+00,2026-01-21 05:43:13.14+00,Manage your way to victory in this exciting Horror game featuring the legendary Empire.,0
149e9057-a80b-4abb-8497-ba3beaf72b7c,Silent Pilot,Horror,https://tse1.mm.bing.net/th/id/OIP.ZPmbOG0_0WBy3RKEJV9muQHaFR?cb=defcache2defcache=1&rs=1&pid=ImgDetMain&o=7&rm=98,https://example.com/games/silent-pilot-96,TRUE,NULL,2026-01-21 05:43:13.14+00,2026-01-21 05:43:13.14+00,Destroy your way to victory in this exciting Horror game featuring the legendary Pilot.,0
14c4a7be-d6d5-4ee3-ae7e-3c7c09bc9e0e,Tiny Chef,Arcade,https://tse1.mm.bing.net/th/id/OIP.ZPmbOG0_0WBy3RKEJV9muQHaFR?cb=defcache2defcache=1&rs=1&pid=ImgDetMain&o=7&rm=99,https://example.com/games/tiny-chef-934,TRUE,NULL,2026-01-21 05:43:13.14+00,2026-01-21 05:43:13.14+00,Defend your way to victory in this exciting Arcade game featuring the legendary Chef.,0
14ee88d0-8766-4b65-9642-bfd1ddac13c7,Golden Detective,RPG,https://tse1.mm.bing.net/th/id/OIP.ZPmbOG0_0WBy3RKEJV9muQHaFR?cb=defcache2defcache=1&rs=1&pid=ImgDetMain&o=7&rm=100,https://example.com/games/golden-detective-226,TRUE,NULL,2026-01-21 05:43:13.14+00,2026-01-21 05:43:13.14+00,A masterful RPG journey where you must become the ultimate Detective.,0
1535fe47-8b14-4ada-bfb5-80f41ba0431c,Light Detective,Adventure,https://tse1.mm.bing.net/th/id/OIP.ZPmbOG0_0WBy3RKEJV9muQHaFR?cb=defcache2defcache=1&rs=1&pid=ImgDetMain&o=7&rm=101,https://example.com/games/light-detective-302,TRUE,NULL,2026-01-21 05:43:13.14+00,2026-01-21 05:43:13.14+00,Fight your way to victory in this exciting Adventure game featuring the legendary Detective.,0
153a0fa7-b1b4-4c07-8e7d-a13a118d7a41,Tiny Hero,Simulation,https://tse1.mm.bing.net/th/id/OIP.ZPmbOG0_0WBy3RKEJV9muQHaFR?cb=defcache2defcache=1&rs=1&pid=ImgDetMain&o=7&rm=102,https://example.com/games/tiny-hero-135,TRUE,NULL,2026-01-21 05:43:13.14+00,2026-01-21 05:43:13.14+00,The ultimate Simulation experience awaits you in Tiny Hero.,0
15593a8c-697e-467c-933c-c93eecdbc37d,Crystal Detective,Simulation,https://tse1.mm.bing.net/th/id/OIP.ZPmbOG0_0WBy3RKEJV9muQHaFR?cb=defcache2defcache=1&rs=1&pid=ImgDetMain&o=7&rm=103,https://example.com/games/crystal-detective-555,TRUE,NULL,2026-01-21 05:43:13.14+00,2026-01-21 05:43:13.14+00,The ultimate Simulation experience awaits you in Crystal Detective.,0
159d2595-71b4-4d3c-9875-6f1797d9e0b8,Crystal Chef,Action,https://tse1.mm.bing.net/th/id/OIP.ZPmbOG0_0WBy3RKEJV9muQHaFR?cb=defcache2defcache=1&rs=1&pid=ImgDetMain&o=7&rm=104,https://example.com/games/crystal-chef-988,TRUE,NULL,2026-01-21 05:43:13.14+00,2026-01-21 05:43:13.14+00,A masterful Action journey where you must become the ultimate Chef.,0
15b40208-e627-4264-81a5-fec402b4902a,Crystal Builder,RPG,https://tse1.mm.bing.net/th/id/OIP.ZPmbOG0_0WBy3RKEJV9muQHaFR?cb=defcache2defcache=1&rs=1&pid=ImgDetMain&o=7&rm=105,https://example.com/games/crystal-builder-583,TRUE,NULL,2026-01-21 05:43:13.14+00,2026-01-21 05:43:13.14+00,The ultimate RPG experience awaits you in Crystal Builder.,0
15b8dd17-4431-457f-82d2-444e4c8b8b63,Mega Pilot,Arcade,https://tse1.mm.bing.net/th/id/OIP.ZPmbOG0_0WBy3RKEJV9muQHaFR?cb=defcache2defcache=1&rs=1&pid=ImgDetMain&o=7&rm=106,https://example.com/games/mega-pilot-689,TRUE,NULL,2026-01-21 05:43:13.14+00,2026-01-21 05:43:13.14+00,Experience the thrill of Pilot in this top-rated Arcade adventure.,0
15caa451-7ea3-4700-943b-7b928ab079f4,Mega Pilot,Adventure,https://tse1.mm.bing.net/th/id/OIP.ZPmbOG0_0WBy3RKEJV9muQHaFR?cb=defcache2defcache=1&rs=1&pid=ImgDetMain&o=7&rm=107,https://example.com/games/mega-pilot-227,TRUE,NULL,2026-01-21 05:43:13.14+00,2026-01-21 05:43:13.14+00,The ultimate Adventure experience awaits you in Mega Pilot.,0
1600d381-2d7c-4506-bc4f-00a3dedf5081,Wild Legend,Racing,https://tse1.mm.bing.net/th/id/OIP.ZPmbOG0_0WBy3RKEJV9muQHaFR?cb=defcache2defcache=1&rs=1&pid=ImgDetMain&o=7&rm=108,https://example.com/games/wild-legend-27,TRUE,NULL,2026-01-21 05:43:13.14+00,2026-01-21 05:43:13.14+00,Join millions of players in this Racing classic focused on defend and legends.,0
16046f12-eb88-428d-96c5-8149c9d8c6b1,Cosmic Hero,Strategy,https://tse1.mm.bing.net/th/id/OIP.ZPmbOG0_0WBy3RKEJV9muQHaFR?cb=defcache2defcache=1&rs=1&pid=ImgDetMain&o=7&rm=109,https://example.com/games/cosmic-hero-798,TRUE,NULL,2026-01-21 05:43:13.14+00,2026-01-21 05:43:13.14+00,Build your way to victory in this exciting Strategy game featuring the legendary Hero.,0
1737e75c-180d-4097-bbe7-dccc2d166061,Super Chef,Strategy,https://tse1.mm.bing.net/th/id/OIP.ZPmbOG0_0WBy3RKEJV9muQHaFR?cb=defcache2defcache=1&rs=1&pid=ImgDetMain&o=7&rm=110,https://example.com/games/super-chef-377,TRUE,NULL,2026-01-21 05:43:13.14+00,2026-01-21 05:43:13.14+00,Experience the thrill of Chef in this top-rated Strategy adventure.,0
174620af-663d-453c-a0db-2e4bb917a46c,Golden City,Racing,https://tse1.mm.bing.net/th/id/OIP.ZPmbOG0_0WBy3RKEJV9muQHaFR?cb=defcache2defcache=1&rs=1&pid=ImgDetMain&o=7&rm=111,https://example.com/games/golden-city-562,TRUE,NULL,2026-01-21 05:43:13.14+00,2026-01-21 05:43:13.14+00,Manage your way to victory in this exciting Racing game featuring the legendary City.,0
176e2ec2-b2ca-4d2d-9e0b-e520f76f8fa6,Cyber Warrior,Simulation,https://tse1.mm.bing.net/th/id/OIP.ZPmbOG0_0WBy3RKEJV9muQHaFR?cb=defcache2defcache=1&rs=1&pid=ImgDetMain&o=7&rm=112,https://example.com/games/cyber-warrior-263,TRUE,NULL,2026-01-21 05:43:13.14+00,2026-01-21 05:43:13.14+00,Experience the thrill of Warrior in this top-rated Simulation adventure.,0
179595f9-a543-4df8-b8de-f293bf69166c,Tiny Farm,Horror,https://tse1.mm.bing.net/th/id/OIP.ZPmbOG0_0WBy3RKEJV9muQHaFR?cb=defcache2defcache=1&rs=1&pid=ImgDetMain&o=7&rm=113,https://example.com/games/tiny-farm-164,TRUE,NULL,2026-01-21 05:43:13.14+00,2026-01-21 05:43:13.14+00,A masterful Horror journey where you must become the ultimate Farm.,0
17e4f749-932c-4833-a3fd-1e99c137199a,Cyber Empire,Action,https://tse1.mm.bing.net/th/id/OIP.ZPmbOG0_0WBy3RKEJV9muQHaFR?cb=defcache2defcache=1&rs=1&pid=ImgDetMain&o=7&rm=114,https://example.com/games/cyber-empire-322,TRUE,NULL,2026-01-21 05:43:13.14+00,2026-01-21 05:43:13.14+00,Join millions of players in this Action classic focused on solve and empires.,0
180c5b39-551d-4710-a264-8934e3fb8edd,Furious Hero,Puzzle,https://tse1.mm.bing.net/th/id/OIP.ZPmbOG0_0WBy3RKEJV9muQHaFR?cb=defcache2defcache=1&rs=1&pid=ImgDetMain&o=7&rm=115,https://example.com/games/furious-hero-829,TRUE,NULL,2026-01-21 05:43:13.14+00,2026-01-21 05:43:13.14+00,A masterful Puzzle journey where you must become the ultimate Hero.,0
188495ca-89f4-4068-8a78-71471c42a98b,Light Pilot,Arcade,https://tse1.mm.bing.net/th/id/OIP.ZPmbOG0_0WBy3RKEJV9muQHaFR?cb=defcache2defcache=1&rs=1&pid=ImgDetMain&o=7&rm=116,https://example.com/games/light-pilot-832,TRUE,NULL,2026-01-21 05:43:13.14+00,2026-01-21 05:43:13.14+00,Experience the thrill of Pilot in this top-rated Arcade adventure.,0
188aee5d-6ef4-4070-93a5-489df2bb6179,Super Chef,Horror,https://tse1.mm.bing.net/th/id/OIP.ZPmbOG0_0WBy3RKEJV9muQHaFR?cb=defcache2defcache=1&rs=1&pid=ImgDetMain&o=7&rm=117,https://example.com/games/super-chef-25,TRUE,NULL,2026-01-21 05:43:13.14+00,2026-01-21 05:43:13.14+00,Survive your way to victory in this exciting Horror game featuring the legendary Chef.,0
188d9610-5242-4bdd-8c55-2fdebf79844c,Epic Detective,Adventure,https://tse1.mm.bing.net/th/id/OIP.ZPmbOG0_0WBy3RKEJV9muQHaFR?cb=defcache2defcache=1&rs=1&pid=ImgDetMain&o=7&rm=118,https://example.com/games/epic-detective-483,TRUE,NULL,2026-01-21 05:43:13.14+00,2026-01-21 05:43:13.14+00,Join millions of players in this Adventure classic focused on manage and detectives.,0
18d9e5fd-60e4-4f43-9b12-10077a4f01db,Super City,Racing,https://tse1.mm.bing.net/th/id/OIP.ZPmbOG0_0WBy3RKEJV9muQHaFR?cb=defcache2defcache=1&rs=1&pid=ImgDetMain&o=7&rm=119,https://example.com/games/super-city-81,TRUE,NULL,2026-01-21 05:43:13.14+00,2026-01-21 05:43:13.14+00,The ultimate Racing experience awaits you in Super City.,0
18e64853-1f9a-49c9-a93e-6cf42b64c3c4,Mega Pilot,Action,https://tse1.mm.bing.net/th/id/OIP.ZPmbOG0_0WBy3RKEJV9muQHaFR?cb=defcache2defcache=1&rs=1&pid=ImgDetMain&o=7&rm=120,https://example.com/games/mega-pilot-785,TRUE,NULL,2026-01-21 05:43:13.14+00,2026-01-21 05:43:13.14+00,Join millions of players in this Action classic focused on manage and pilots.,0
191c7b22-0c4b-49a1-a4ec-be48a175f8c7,Crystal Pilot,Horror,https://tse1.mm.bing.net/th/id/OIP.ZPmbOG0_0WBy3RKEJV9muQHaFR?cb=defcache2defcache=1&rs=1&pid=ImgDetMain&o=7&rm=121,https://example.com/games/crystal-pilot-915,TRUE,NULL,2026-01-21 05:43:13.14+00,2026-01-21 05:43:13.14+00,Conquer your way to victory in this exciting Horror game featuring the legendary Pilot.,0
1975fe5c-d7e3-44a1-a22b-d4be1f74b574,Super Racer,Horror,https://tse1.mm.bing.net/th/id/OIP.ZPmbOG0_0WBy3RKEJV9muQHaFR?cb=defcache2defcache=1&rs=1&pid=ImgDetMain&o=7&rm=122,https://example.com/games/super-racer-563,TRUE,NULL,2026-01-21 05:43:13.14+00,2026-01-21 05:43:13.14+00,Experience the thrill of Racer in this top-rated Horror adventure.,0
197b8b6a-4bcd-447d-a05a-eedaabeadf87,Mega Zombie,Action,https://tse1.mm.bing.net/th/id/OIP.ZPmbOG0_0WBy3RKEJV9muQHaFR?cb=defcache2defcache=1&rs=1&pid=ImgDetMain&o=7&rm=123,https://example.com/games/mega-zombie-458,TRUE,NULL,2026-01-21 05:43:13.14+00,2026-01-21 05:43:13.14+00,A masterful Action journey where you must become the ultimate Zombie.,0
197cfe18-c04a-4f1a-b5af-704866127211,Light Pirate,Horror,https://tse1.mm.bing.net/th/id/OIP.ZPmbOG0_0WBy3RKEJV9muQHaFR?cb=defcache2defcache=1&rs=1&pid=ImgDetMain&o=7&rm=124,https://example.com/games/light-pirate-194,TRUE,NULL,2026-01-21 05:43:13.14+00,2026-01-21 05:43:13.14+00,Survive your way to victory in this exciting Horror game featuring the legendary Pirate.,0
19918a47-4ec3-40ea-a6e5-da06969aead6,Golden Racer,Strategy,https://tse1.mm.bing.net/th/id/OIP.ZPmbOG0_0WBy3RKEJV9muQHaFR?cb=defcache2defcache=1&rs=1&pid=ImgDetMain&o=7&rm=125,https://example.com/games/golden-racer-760,TRUE,NULL,2026-01-21 05:43:13.14+00,2026-01-21 05:43:13.14+00,Manage your way to victory in this exciting Strategy game featuring the legendary Racer.,0
19a2d15c-012a-4198-aaa8-6edefe057303,Dark Robot,Action,https://tse1.mm.bing.net/th/id/OIP.ZPmbOG0_0WBy3RKEJV9muQHaFR?cb=defcache2defcache=1&rs=1&pid=ImgDetMain&o=7&rm=126,https://example.com/games/dark-robot-35,TRUE,NULL,2026-01-21 05:43:13.14+00,2026-01-21 05:43:13.14+00,A masterful Action journey where you must become the ultimate Robot.,0
1a3f6809-becc-488d-bd10-37915a5d365b,Mega Ninja,Puzzle,https://tse1.mm.bing.net/th/id/OIP.ZPmbOG0_0WBy3RKEJV9muQHaFR?cb=defcache2defcache=1&rs=1&pid=ImgDetMain&o=7&rm=127,https://example.com/games/mega-ninja-228,TRUE,NULL,2026-01-21 05:43:13.14+00,2026-01-21 05:43:13.14+00,A masterful Puzzle journey where you must become the ultimate Ninja.,0
1a7f71ce-814a-499a-b19d-91787640065d,Iron Detective,Horror,https://tse1.mm.bing.net/th/id/OIP.ZPmbOG0_0WBy3RKEJV9muQHaFR?cb=defcache2defcache=1&rs=1&pid=ImgDetMain&o=7&rm=128,https://example.com/games/iron-detective-253,TRUE,NULL,2026-01-21 05:43:13.14+00,2026-01-21 05:43:13.14+00,A masterful Horror journey where you must become the ultimate Detective.,0
1aa20216-e6e5-414b-b349-1e8ede9d52cc,Super City,Adventure,https://tse1.mm.bing.net/th/id/OIP.ZPmbOG0_0WBy3RKEJV9muQHaFR?cb=defcache2defcache=1&rs=1&pid=ImgDetMain&o=7&rm=129,https://example.com/games/super-city-261,TRUE,NULL,2026-01-21 05:43:13.14+00,2026-01-21 05:43:13.14+00,A masterful Adventure journey where you must become the ultimate City.,0
1b65e827-a3c6-4edc-a50c-6be99584b0e1,Tiny Legend,Puzzle,https://tse1.mm.bing.net/th/id/OIP.ZPmbOG0_0WBy3RKEJV9muQHaFR?cb=defcache2defcache=1&rs=1&pid=ImgDetMain&o=7&rm=130,https://example.com/games/tiny-legend-15,TRUE,NULL,2026-01-21 05:43:13.14+00,2026-01-21 05:43:13.14+00,A masterful Puzzle journey where you must become the ultimate Legend.,0
1b7ffcf3-fb67-4344-aaf3-6c81bd08bd6a,Silent City,Adventure,https://tse1.mm.bing.net/th/id/OIP.ZPmbOG0_0WBy3RKEJV9muQHaFR?cb=defcache2defcache=1&rs=1&pid=ImgDetMain&o=7&rm=131,https://example.com/games/silent-city-421,TRUE,NULL,2026-01-21 05:43:13.14+00,2026-01-21 05:43:13.14+00,The ultimate Adventure experience awaits you in Silent City.,0
1bae455b-ac37-4c0f-857b-7529283fffa1,Super Zombie,Horror,https://tse1.mm.bing.net/th/id/OIP.ZPmbOG0_0WBy3RKEJV9muQHaFR?cb=defcache2defcache=1&rs=1&pid=ImgDetMain&o=7&rm=132,https://example.com/games/super-zombie-998,TRUE,NULL,2026-01-21 05:43:13.14+00,2026-01-21 05:43:13.14+00,Join millions of players in this Horror classic focused on manage and zombies.,0
1bebd13d-ab0f-4762-8c2d-5017050bb564,Dark Builder,Adventure,https://tse1.mm.bing.net/th/id/OIP.ZPmbOG0_0WBy3RKEJV9muQHaFR?cb=defcache2defcache=1&rs=1&pid=ImgDetMain&o=7&rm=133,https://example.com/games/dark-builder-347,TRUE,NULL,2026-01-21 05:43:13.14+00,2026-01-21 05:43:13.14+00,A masterful Adventure journey where you must become the ultimate Builder.,0
1c5c4a22-c8ac-41dc-ba82-7fe986c0bf98,Crystal Racer,Strategy,https://tse1.mm.bing.net/th/id/OIP.ZPmbOG0_0WBy3RKEJV9muQHaFR?cb=defcache2defcache=1&rs=1&pid=ImgDetMain&o=7&rm=134,https://example.com/games/crystal-racer-944,TRUE,NULL,2026-01-21 05:43:13.14+00,2026-01-21 05:43:13.14+00,The ultimate Strategy experience awaits you in Crystal Racer.,0
1c7560ec-7bde-48d5-b970-2aef29409d6d,Light Ninja,Strategy,https://tse1.mm.bing.net/th/id/OIP.ZPmbOG0_0WBy3RKEJV9muQHaFR?cb=defcache2defcache=1&rs=1&pid=ImgDetMain&o=7&rm=135,https://example.com/games/light-ninja-645,TRUE,NULL,2026-01-21 05:43:13.14+00,2026-01-21 05:43:13.14+00,Join millions of players in this Strategy classic focused on explore and ninjas.,0
1c967e6d-21fa-42ae-88de-65132a9ea574,Medieval Zombie,Strategy,https://tse1.mm.bing.net/th/id/OIP.ZPmbOG0_0WBy3RKEJV9muQHaFR?cb=defcache2defcache=1&rs=1&pid=ImgDetMain&o=7&rm=136,https://example.com/games/medieval-zombie-435,TRUE,NULL,2026-01-21 05:43:13.14+00,2026-01-21 05:43:13.14+00,Race your way to victory in this exciting Strategy game featuring the legendary Zombie.,0
1d45e44c-dcc5-4ecf-bfdb-aadce03d31df,Cosmic Pilot,Arcade,https://tse1.mm.bing.net/th/id/OIP.ZPmbOG0_0WBy3RKEJV9muQHaFR?cb=defcache2defcache=1&rs=1&pid=ImgDetMain&o=7&rm=137,https://example.com/games/cosmic-pilot-738,TRUE,NULL,2026-01-21 05:43:13.14+00,2026-01-21 05:43:13.14+00,Join millions of players in this Arcade classic focused on survive and pilots.,0
1d48baf9-777c-48bc-8f92-b7b2b934eb03,Furious Builder,Puzzle,https://tse1.mm.bing.net/th/id/OIP.ZPmbOG0_0WBy3RKEJV9muQHaFR?cb=defcache2defcache=1&rs=1&pid=ImgDetMain&o=7&rm=138,https://example.com/games/furious-builder-395,TRUE,NULL,2026-01-21 05:43:13.14+00,2026-01-21 05:43:13.14+00,Fight your way to victory in this exciting Puzzle game featuring the legendary Builder.,0
1d50cc17-92a7-412c-8465-50538056d37f,Crystal Builder,Adventure,https://tse1.mm.bing.net/th/id/OIP.ZPmbOG0_0WBy3RKEJV9muQHaFR?cb=defcache2defcache=1&rs=1&pid=ImgDetMain&o=7&rm=139,https://example.com/games/crystal-builder-598,TRUE,NULL,2026-01-21 05:43:13.14+00,2026-01-21 05:43:13.14+00,Join millions of players in this Adventure classic focused on destroy and builders.,0
1d7143bc-6856-460f-907b-c171ece63215,Wild Legend,Racing,https://tse1.mm.bing.net/th/id/OIP.ZPmbOG0_0WBy3RKEJV9muQHaFR?cb=defcache2defcache=1&rs=1&pid=ImgDetMain&o=7&rm=140,https://example.com/games/wild-legend-105,TRUE,NULL,2026-01-21 05:43:13.14+00,2026-01-21 05:43:13.14+00,The ultimate Racing experience awaits you in Wild Legend.,0
1d78d2fe-115d-4f8d-b34a-8456e16ed7c9,Light Robot,Simulation,https://tse1.mm.bing.net/th/id/OIP.ZPmbOG0_0WBy3RKEJV9muQHaFR?cb=defcache2defcache=1&rs=1&pid=ImgDetMain&o=7&rm=141,https://example.com/games/light-robot-534,TRUE,NULL,2026-01-21 05:43:13.14+00,2026-01-21 05:43:13.14+00,Destroy your way to victory in this exciting Simulation game featuring the legendary Robot.,0
1d7f89a0-8b50-48e1-ba84-903255bd4b6c,Iron Chef,RPG,https://tse1.mm.bing.net/th/id/OIP.ZPmbOG0_0WBy3RKEJV9muQHaFR?cb=defcache2defcache=1&rs=1&pid=ImgDetMain&o=7&rm=142,https://example.com/games/iron-chef-852,TRUE,NULL,2026-01-21 05:43:13.14+00,2026-01-21 05:43:13.14+00,Experience the thrill of Chef in this top-rated RPG adventure.,0
1da9bf1b-aeb2-41e9-874b-8cac4ee26db3,Medieval Hero,Action,https://tse1.mm.bing.net/th/id/OIP.ZPmbOG0_0WBy3RKEJV9muQHaFR?cb=defcache2defcache=1&rs=1&pid=ImgDetMain&o=7&rm=143,https://example.com/games/medieval-hero-605,TRUE,NULL,2026-01-21 05:43:13.14+00,2026-01-21 05:43:13.14+00,Join millions of players in this Action classic focused on destroy and heros.,0
1db6127a-4934-46fb-a6bc-1395aff38d36,Super Farm,Adventure,https://tse1.mm.bing.net/th/id/OIP.ZPmbOG0_0WBy3RKEJV9muQHaFR?cb=defcache2defcache=1&rs=1&pid=ImgDetMain&o=7&rm=144,https://example.com/games/super-farm-482,TRUE,NULL,2026-01-21 05:43:13.14+00,2026-01-21 05:43:13.14+00,Experience the thrill of Farm in this top-rated Adventure adventure.,0
1dff032b-7da0-4e39-937d-783dfb05ec0e,Crystal Warrior,Puzzle,https://tse1.mm.bing.net/th/id/OIP.ZPmbOG0_0WBy3RKEJV9muQHaFR?cb=defcache2defcache=1&rs=1&pid=ImgDetMain&o=7&rm=145,https://example.com/games/crystal-warrior-536,TRUE,NULL,2026-01-21 05:43:13.14+00,2026-01-21 05:43:13.14+00,Solve your way to victory in this exciting Puzzle game featuring the legendary Warrior.,0
1e489c02-1b41-43b1-821f-204aae88f826,Light Builder,Action,https://tse1.mm.bing.net/th/id/OIP.ZPmbOG0_0WBy3RKEJV9muQHaFR?cb=defcache2defcache=1&rs=1&pid=ImgDetMain&o=7&rm=146,https://example.com/games/light-builder-521,TRUE,NULL,2026-01-21 05:43:13.14+00,2026-01-21 05:43:13.14+00,Destroy your way to victory in this exciting Action game featuring the legendary Builder.,0
1e92963d-723b-47c9-aa77-6e640e78d64b,Cyber Chef,Arcade,https://tse1.mm.bing.net/th/id/OIP.ZPmbOG0_0WBy3RKEJV9muQHaFR?cb=defcache2defcache=1&rs=1&pid=ImgDetMain&o=7&rm=147,https://example.com/games/cyber-chef-350,TRUE,NULL,2026-01-21 05:43:13.14+00,2026-01-21 05:43:13.14+00,Join millions of players in this Arcade classic focused on fight and chefs.,0
1ec6db39-39b9-4f43-b6aa-66aaecf72835,Mega Ninja,Adventure,https://tse1.mm.bing.net/th/id/OIP.ZPmbOG0_0WBy3RKEJV9muQHaFR?cb=defcache2defcache=1&rs=1&pid=ImgDetMain&o=7&rm=148,https://example.com/games/mega-ninja-493,TRUE,NULL,2026-01-21 05:43:13.14+00,2026-01-21 05:43:13.14+00,Explore your way to victory in this exciting Adventure game featuring the legendary Ninja.,0
1ef02789-fe5f-4426-baac-a5e86cca807f,Crystal Chef,Racing,https://tse1.mm.bing.net/th/id/OIP.ZPmbOG0_0WBy3RKEJV9muQHaFR?cb=defcache2defcache=1&rs=1&pid=ImgDetMain&o=7&rm=149,https://example.com/games/crystal-chef-577,TRUE,NULL,2026-01-21 05:43:13.14+00,2026-01-21 05:43:13.14+00,Destroy your way to victory in this exciting Racing game featuring the legendary Chef.,0
1f25031c-18c0-40b0-8157-fcd943db9cfb,Mega Dungeon,Action,https://tse1.mm.bing.net/th/id/OIP.ZPmbOG0_0WBy3RKEJV9muQHaFR?cb=defcache2defcache=1&rs=1&pid=ImgDetMain&o=7&rm=150,https://example.com/games/mega-dungeon-243,TRUE,NULL,2026-01-21 05:43:13.14+00,2026-01-21 05:43:13.14+00,The ultimate Action experience awaits you in Mega Dungeon.,0
1f2afbe7-504f-4332-a04b-08191730d22d,Dark Robot,Sports,https://tse1.mm.bing.net/th/id/OIP.ZPmbOG0_0WBy3RKEJV9muQHaFR?cb=defcache2defcache=1&rs=1&pid=ImgDetMain&o=7&rm=151,https://example.com/games/dark-robot-462,TRUE,NULL,2026-01-21 05:43:13.14+00,2026-01-21 05:43:13.14+00,Explore your way to victory in this exciting Sports game featuring the legendary Robot.,0
1f4e0142-6c39-4087-a11a-3a448e25b76c,Epic Ninja,Action,https://tse1.mm.bing.net/th/id/OIP.ZPmbOG0_0WBy3RKEJV9muQHaFR?cb=defcache2defcache=1&rs=1&pid=ImgDetMain&o=7&rm=152,https://example.com/games/epic-ninja-842,TRUE,NULL,2026-01-21 05:43:13.14+00,2026-01-21 05:43:13.14+00,A masterful Action journey where you must become the ultimate Ninja.,0
1f4fe793-bd8a-4d4d-902f-8a65115f0cee,Medieval Chef,Sports,https://tse1.mm.bing.net/th/id/OIP.ZPmbOG0_0WBy3RKEJV9muQHaFR?cb=defcache2defcache=1&rs=1&pid=ImgDetMain&o=7&rm=153,https://example.com/games/medieval-chef-237,TRUE,NULL,2026-01-21 05:43:13.14+00,2026-01-21 05:43:13.14+00,A masterful Sports journey where you must become the ultimate Chef.,0
1f6db025-c43a-4bd8-9a2b-2bfe516d14b7,Light Warrior,Puzzle,https://tse1.mm.bing.net/th/id/OIP.ZPmbOG0_0WBy3RKEJV9muQHaFR?cb=defcache2defcache=1&rs=1&pid=ImgDetMain&o=7&rm=154,https://example.com/games/light-warrior-225,TRUE,NULL,2026-01-21 05:43:13.14+00,2026-01-21 05:43:13.14+00,Race your way to victory in this exciting Puzzle game featuring the legendary Warrior.,0
1fcc5aab-b81e-48fc-bbe7-22cd01f1e43c,Furious Chef,Sports,https://tse1.mm.bing.net/th/id/OIP.ZPmbOG0_0WBy3RKEJV9muQHaFR?cb=defcache2defcache=1&rs=1&pid=ImgDetMain&o=7&rm=155,https://example.com/games/furious-chef-511,TRUE,NULL,2026-01-21 05:43:13.14+00,2026-01-21 05:43:13.14+00,Destroy your way to victory in this exciting Sports game featuring the legendary Chef.,0
2084f768-5659-4f9f-8656-9dcecdc19b7a,Furious Hero,RPG,https://tse1.mm.bing.net/th/id/OIP.ZPmbOG0_0WBy3RKEJV9muQHaFR?cb=defcache2defcache=1&rs=1&pid=ImgDetMain&o=7&rm=156,https://example.com/games/furious-hero-976,TRUE,NULL,2026-01-21 05:43:13.14+00,2026-01-21 05:43:13.14+00,Build your way to victory in this exciting RPG game featuring the legendary Hero.,0
208fea62-1e04-49ee-9af5-ff0c86cc43ab,Super Warrior,Horror,https://tse1.mm.bing.net/th/id/OIP.ZPmbOG0_0WBy3RKEJV9muQHaFR?cb=defcache2defcache=1&rs=1&pid=ImgDetMain&o=7&rm=157,https://example.com/games/super-warrior-790,TRUE,NULL,2026-01-21 05:43:13.14+00,2026-01-21 05:43:13.14+00,Fight your way to victory in this exciting Horror game featuring the legendary Warrior.,0
20be2ec5-32df-44bd-b368-257addedf8ab,Mega Hero,Adventure,https://tse1.mm.bing.net/th/id/OIP.ZPmbOG0_0WBy3RKEJV9muQHaFR?cb=defcache2defcache=1&rs=1&pid=ImgDetMain&o=7&rm=158,https://example.com/games/mega-hero-633,TRUE,NULL,2026-01-21 05:43:13.14+00,2026-01-21 05:43:13.14+00,Experience the thrill of Hero in this top-rated Adventure adventure.,0
20dd7369-7874-4662-968c-880d529d16d2,Crystal Farm,Action,https://tse1.mm.bing.net/th/id/OIP.ZPmbOG0_0WBy3RKEJV9muQHaFR?cb=defcache2defcache=1&rs=1&pid=ImgDetMain&o=7&rm=159,https://example.com/games/crystal-farm-589,TRUE,NULL,2026-01-21 05:43:13.14+00,2026-01-21 05:43:13.14+00,Join millions of players in this Action classic focused on fight and farms.,0
20e340ac-264c-4d54-8840-26bea69f65df,Neon Empire,Sports,https://tse1.mm.bing.net/th/id/OIP.ZPmbOG0_0WBy3RKEJV9muQHaFR?cb=defcache2defcache=1&rs=1&pid=ImgDetMain&o=7&rm=160,https://example.com/games/neon-empire-744,TRUE,NULL,2026-01-21 05:43:13.14+00,2026-01-21 05:43:13.14+00,Conquer your way to victory in this exciting Sports game featuring the legendary Empire.,0
212e1bef-eb0f-4b06-85dd-497f314446a7,Furious Robot,RPG,https://tse1.mm.bing.net/th/id/OIP.ZPmbOG0_0WBy3RKEJV9muQHaFR?cb=defcache2defcache=1&rs=1&pid=ImgDetMain&o=7&rm=161,https://example.com/games/furious-robot-162,TRUE,NULL,2026-01-21 05:43:13.14+00,2026-01-21 05:43:13.14+00,Fight your way to victory in this exciting RPG game featuring the legendary Robot.,0
219e74b0-32df-41fb-b9cd-1da62e52c6ea,Cosmic Racer,Sports,https://tse1.mm.bing.net/th/id/OIP.ZPmbOG0_0WBy3RKEJV9muQHaFR?cb=defcache2defcache=1&rs=1&pid=ImgDetMain&o=7&rm=162,https://example.com/games/cosmic-racer-325,TRUE,NULL,2026-01-21 05:43:13.14+00,2026-01-21 05:43:13.14+00,The ultimate Sports experience awaits you in Cosmic Racer.,0
21e73954-dd62-4002-9312-016864b429ae,Neon Zombie,Adventure,https://tse1.mm.bing.net/th/id/OIP.ZPmbOG0_0WBy3RKEJV9muQHaFR?cb=defcache2defcache=1&rs=1&pid=ImgDetMain&o=7&rm=163,https://example.com/games/neon-zombie-45,TRUE,NULL,2026-01-21 05:43:13.14+00,2026-01-21 05:43:13.14+00,Join millions of players in this Adventure classic focused on solve and zombies.,0
22023570-82f8-4475-ad27-2c1ebfa4131f,Cosmic Dungeon,Adventure,https://tse1.mm.bing.net/th/id/OIP.ZPmbOG0_0WBy3RKEJV9muQHaFR?cb=defcache2defcache=1&rs=1&pid=ImgDetMain&o=7&rm=164,https://example.com/games/cosmic-dungeon-308,TRUE,NULL,2026-01-21 05:43:13.14+00,2026-01-21 05:43:13.14+00,A masterful Adventure journey where you must become the ultimate Dungeon.,0
220d1192-7018-4110-b3c5-67d8e69c9bcb,Iron Zombie,Action,https://tse1.mm.bing.net/th/id/OIP.ZPmbOG0_0WBy3RKEJV9muQHaFR?cb=defcache2defcache=1&rs=1&pid=ImgDetMain&o=7&rm=165,https://example.com/games/iron-zombie-610,TRUE,NULL,2026-01-21 05:43:13.14+00,2026-01-21 05:43:13.14+00,A masterful Action journey where you must become the ultimate Zombie.,0
222a8f54-8a31-4385-bf82-9f7b30fbd286,Wild Ninja,Adventure,https://tse1.mm.bing.net/th/id/OIP.ZPmbOG0_0WBy3RKEJV9muQHaFR?cb=defcache2defcache=1&rs=1&pid=ImgDetMain&o=7&rm=166,https://example.com/games/wild-ninja-390,TRUE,NULL,2026-01-21 05:43:13.14+00,2026-01-21 05:43:13.14+00,Join millions of players in this Adventure classic focused on fight and ninjas.,0
223c9cc8-c393-4944-89f9-bc324d93803b,Light Robot,Horror,https://tse1.mm.bing.net/th/id/OIP.ZPmbOG0_0WBy3RKEJV9muQHaFR?cb=defcache2defcache=1&rs=1&pid=ImgDetMain&o=7&rm=167,https://example.com/games/light-robot-277,TRUE,NULL,2026-01-21 05:43:13.14+00,2026-01-21 05:43:13.14+00,Solve your way to victory in this exciting Horror game featuring the legendary Robot.,0
227d91c1-b4af-4922-ad12-bf5b620cff00,Furious Empire,Adventure,https://tse1.mm.bing.net/th/id/OIP.ZPmbOG0_0WBy3RKEJV9muQHaFR?cb=defcache2defcache=1&rs=1&pid=ImgDetMain&o=7&rm=168,https://example.com/games/furious-empire-246,TRUE,NULL,2026-01-21 05:43:13.14+00,2026-01-21 05:43:13.14+00,The ultimate Adventure experience awaits you in Furious Empire.,0
2309150e-f3f9-4ef7-bb40-99d72a27a67f,Neon Zombie,Simulation,https://tse1.mm.bing.net/th/id/OIP.ZPmbOG0_0WBy3RKEJV9muQHaFR?cb=defcache2defcache=1&rs=1&pid=ImgDetMain&o=7&rm=169,https://example.com/games/neon-zombie-279,TRUE,NULL,2026-01-21 05:43:13.14+00,2026-01-21 05:43:13.14+00,Manage your way to victory in this exciting Simulation game featuring the legendary Zombie.,0
2352cfa5-02c0-41c7-ada8-604194ebf09c,Wild Empire,Sports,https://tse1.mm.bing.net/th/id/OIP.ZPmbOG0_0WBy3RKEJV9muQHaFR?cb=defcache2defcache=1&rs=1&pid=ImgDetMain&o=7&rm=170,https://example.com/games/wild-empire-780,TRUE,NULL,2026-01-21 05:43:13.14+00,2026-01-21 05:43:13.14+00,Join millions of players in this Sports classic focused on survive and empires.,0
2416a2ee-e959-40a2-81f5-95d00c78289a,Wild Ninja,Horror,https://tse1.mm.bing.net/th/id/OIP.ZPmbOG0_0WBy3RKEJV9muQHaFR?cb=defcache2defcache=1&rs=1&pid=ImgDetMain&o=7&rm=171,https://example.com/games/wild-ninja-416,TRUE,NULL,2026-01-21 05:43:13.14+00,2026-01-21 05:43:13.14+00,Join millions of players in this Horror classic focused on solve and ninjas.,0
2443a478-8110-4e36-a83a-b3a8b65825a0,Super Warrior,Simulation,https://tse1.mm.bing.net/th/id/OIP.ZPmbOG0_0WBy3RKEJV9muQHaFR?cb=defcache2defcache=1&rs=1&pid=ImgDetMain&o=7&rm=172,https://example.com/games/super-warrior-863,TRUE,NULL,2026-01-21 05:43:13.14+00,2026-01-21 05:43:13.14+00,A masterful Simulation journey where you must become the ultimate Warrior.,0
251e2c9b-791e-4710-a8b3-7040ba0e7e04,Super Ninja,Action,https://tse1.mm.bing.net/th/id/OIP.ZPmbOG0_0WBy3RKEJV9muQHaFR?cb=defcache2defcache=1&rs=1&pid=ImgDetMain&o=7&rm=173,https://example.com/games/super-ninja-704,TRUE,NULL,2026-01-21 05:43:13.14+00,2026-01-21 05:43:13.14+00,Solve your way to victory in this exciting Action game featuring the legendary Ninja.,0
25e4064a-c3d9-4064-9edf-5df410cefc76,Iron Builder,Simulation,https://tse1.mm.bing.net/th/id/OIP.ZPmbOG0_0WBy3RKEJV9muQHaFR?cb=defcache2defcache=1&rs=1&pid=ImgDetMain&o=7&rm=174,https://example.com/games/iron-builder-393,TRUE,NULL,2026-01-21 05:43:13.14+00,2026-01-21 05:43:13.14+00,Build your way to victory in this exciting Simulation game featuring the legendary Builder.,0
265e270b-ec1b-4851-b6b3-0003d289ea92,Golden Chef,Adventure,https://tse1.mm.bing.net/th/id/OIP.ZPmbOG0_0WBy3RKEJV9muQHaFR?cb=defcache2defcache=1&rs=1&pid=ImgDetMain&o=7&rm=175,https://example.com/games/golden-chef-250,TRUE,NULL,2026-01-21 05:43:13.14+00,2026-01-21 05:43:13.14+00,The ultimate Adventure experience awaits you in Golden Chef.,0
2663e94d-3db2-43a2-b707-cecaca605e9c,Dark Hero,Arcade,https://tse1.mm.bing.net/th/id/OIP.ZPmbOG0_0WBy3RKEJV9muQHaFR?cb=defcache2defcache=1&rs=1&pid=ImgDetMain&o=7&rm=176,https://example.com/games/dark-hero-771,TRUE,NULL,2026-01-21 05:43:13.14+00,2026-01-21 05:43:13.14+00,Join millions of players in this Arcade classic focused on build and heros.,0
269f4a1a-dede-4ffa-b5c3-86b6a25f620a,Tiny Pirate,Puzzle,https://tse1.mm.bing.net/th/id/OIP.ZPmbOG0_0WBy3RKEJV9muQHaFR?cb=defcache2defcache=1&rs=1&pid=ImgDetMain&o=7&rm=177,https://example.com/games/tiny-pirate-71,TRUE,NULL,2026-01-21 05:43:13.14+00,2026-01-21 05:43:13.14+00,Experience the thrill of Pirate in this top-rated Puzzle adventure.,0
26d05729-9534-422a-a6d9-42fec8201224,Cyber Hero,RPG,https://tse1.mm.bing.net/th/id/OIP.ZPmbOG0_0WBy3RKEJV9muQHaFR?cb=defcache2defcache=1&rs=1&pid=ImgDetMain&o=7&rm=178,https://example.com/games/cyber-hero-428,TRUE,NULL,2026-01-21 05:43:13.14+00,2026-01-21 05:43:13.14+00,A masterful RPG journey where you must become the ultimate Hero.,0
26fcd933-38e7-4584-a0f9-89b8e9e15cdb,Light City,Puzzle,https://tse1.mm.bing.net/th/id/OIP.ZPmbOG0_0WBy3RKEJV9muQHaFR?cb=defcache2defcache=1&rs=1&pid=ImgDetMain&o=7&rm=179,https://example.com/games/light-city-198,TRUE,NULL,2026-01-21 05:43:13.14+00,2026-01-21 05:43:13.14+00,Join millions of players in this Puzzle classic focused on build and citys.,0
276f8fa7-0d1c-4b12-ad8e-b3e5d88fd4c6,Cyber City,Action,https://tse1.mm.bing.net/th/id/OIP.ZPmbOG0_0WBy3RKEJV9muQHaFR?cb=defcache2defcache=1&rs=1&pid=ImgDetMain&o=7&rm=180,https://example.com/games/cyber-city-103,TRUE,NULL,2026-01-21 05:43:13.14+00,2026-01-21 05:43:13.14+00,Join millions of players in this Action classic focused on race and citys.,0
27820155-6e42-4cfb-95bb-810fc4c99ee1,Dark Dungeon,Horror,https://tse1.mm.bing.net/th/id/OIP.ZPmbOG0_0WBy3RKEJV9muQHaFR?cb=defcache2defcache=1&rs=1&pid=ImgDetMain&o=7&rm=181,https://example.com/games/dark-dungeon-682,TRUE,NULL,2026-01-21 05:43:13.14+00,2026-01-21 05:43:13.14+00,The ultimate Horror experience awaits you in Dark Dungeon.,0
27d5b0c6-bd8c-4acb-92a3-3c3f6168b519,Cosmic Racer,Action,https://tse1.mm.bing.net/th/id/OIP.ZPmbOG0_0WBy3RKEJV9muQHaFR?cb=defcache2defcache=1&rs=1&pid=ImgDetMain&o=7&rm=182,https://example.com/games/cosmic-racer-328,TRUE,NULL,2026-01-21 05:43:13.14+00,2026-01-21 05:43:13.14+00,A masterful Action journey where you must become the ultimate Racer.,0
27e946a4-e924-4db1-aeea-2cecc2a7da4a,Medieval Robot,Puzzle,https://tse1.mm.bing.net/th/id/OIP.ZPmbOG0_0WBy3RKEJV9muQHaFR?cb=defcache2defcache=1&rs=1&pid=ImgDetMain&o=7&rm=183,https://example.com/games/medieval-robot-873,TRUE,NULL,2026-01-21 05:43:13.14+00,2026-01-21 05:43:13.14+00,Explore your way to victory in this exciting Puzzle game featuring the legendary Robot.,0
291f6f49-d9b8-476c-9480-91792b3a8706,Silent Pirate,Puzzle,https://tse1.mm.bing.net/th/id/OIP.ZPmbOG0_0WBy3RKEJV9muQHaFR?cb=defcache2defcache=1&rs=1&pid=ImgDetMain&o=7&rm=184,https://example.com/games/silent-pirate-466,TRUE,NULL,2026-01-21 05:43:13.14+00,2026-01-21 05:43:13.14+00,A masterful Puzzle journey where you must become the ultimate Pirate.,0
295683a1-d39a-44b7-91af-d41b8b36711c,Wild Robot,Racing,https://tse1.mm.bing.net/th/id/OIP.ZPmbOG0_0WBy3RKEJV9muQHaFR?cb=defcache2defcache=1&rs=1&pid=ImgDetMain&o=7&rm=185,https://example.com/games/wild-robot-313,TRUE,NULL,2026-01-21 05:43:13.14+00,2026-01-21 05:43:13.14+00,Join millions of players in this Racing classic focused on survive and robots.,0
2973fb7a-673d-400c-ad42-96d7aad56fe5,Mega Ninja,Strategy,https://tse1.mm.bing.net/th/id/OIP.ZPmbOG0_0WBy3RKEJV9muQHaFR?cb=defcache2defcache=1&rs=1&pid=ImgDetMain&o=7&rm=186,https://example.com/games/mega-ninja-953,TRUE,NULL,2026-01-21 05:43:13.14+00,2026-01-21 05:43:13.14+00,Join millions of players in this Strategy classic focused on manage and ninjas.,0
29912e68-0f77-45de-baf7-6de64cd94ce7,Furious Ninja,Racing,https://tse1.mm.bing.net/th/id/OIP.ZPmbOG0_0WBy3RKEJV9muQHaFR?cb=defcache2defcache=1&rs=1&pid=ImgDetMain&o=7&rm=187,https://example.com/games/furious-ninja-584,TRUE,NULL,2026-01-21 05:43:13.14+00,2026-01-21 05:43:13.14+00,Solve your way to victory in this exciting Racing game featuring the legendary Ninja.,0
29e6076c-a088-44eb-b22f-5c9d1ed252b4,Medieval Builder,Horror,https://tse1.mm.bing.net/th/id/OIP.ZPmbOG0_0WBy3RKEJV9muQHaFR?cb=defcache2defcache=1&rs=1&pid=ImgDetMain&o=7&rm=188,https://example.com/games/medieval-builder-356,TRUE,NULL,2026-01-21 05:43:13.14+00,2026-01-21 05:43:13.14+00,Explore your way to victory in this exciting Horror game featuring the legendary Builder.,0
2a06c236-363b-4681-b50e-c8509d5900d5,Golden Pirate,Strategy,https://tse1.mm.bing.net/th/id/OIP.ZPmbOG0_0WBy3RKEJV9muQHaFR?cb=defcache2defcache=1&rs=1&pid=ImgDetMain&o=7&rm=189,https://example.com/games/golden-pirate-520,TRUE,NULL,2026-01-21 05:43:13.14+00,2026-01-21 05:43:13.14+00,Join millions of players in this Strategy classic focused on solve and pirates.,0
2a426143-b146-4158-b624-21e13a8a26a0,Golden Hero,Racing,https://tse1.mm.bing.net/th/id/OIP.ZPmbOG0_0WBy3RKEJV9muQHaFR?cb=defcache2defcache=1&rs=1&pid=ImgDetMain&o=7&rm=190,https://example.com/games/golden-hero-37,TRUE,NULL,2026-01-21 05:43:13.14+00,2026-01-21 05:43:13.14+00,Experience the thrill of Hero in this top-rated Racing adventure.,0
2a541aef-3b2d-4a0a-9f64-854403fc0abe,Mega Pilot,Sports,https://tse1.mm.bing.net/th/id/OIP.ZPmbOG0_0WBy3RKEJV9muQHaFR?cb=defcache2defcache=1&rs=1&pid=ImgDetMain&o=7&rm=191,https://example.com/games/mega-pilot-168,TRUE,NULL,2026-01-21 05:43:13.14+00,2026-01-21 05:43:13.14+00,Defend your way to victory in this exciting Sports game featuring the legendary Pilot.,0
2a8d963e-2b29-4b4a-932d-95e2db08507f,Dark Warrior,Puzzle,https://tse1.mm.bing.net/th/id/OIP.ZPmbOG0_0WBy3RKEJV9muQHaFR?cb=defcache2defcache=1&rs=1&pid=ImgDetMain&o=7&rm=192,https://example.com/games/dark-warrior-730,TRUE,NULL,2026-01-21 05:43:13.14+00,2026-01-21 05:43:13.14+00,A masterful Puzzle journey where you must become the ultimate Warrior.,0
2a932d6a-ef22-43ea-9ec4-859e69a821ec,Light Pirate,Adventure,https://tse1.mm.bing.net/th/id/OIP.ZPmbOG0_0WBy3RKEJV9muQHaFR?cb=defcache2defcache=1&rs=1&pid=ImgDetMain&o=7&rm=193,https://example.com/games/light-pirate-432,TRUE,NULL,2026-01-21 05:43:13.14+00,2026-01-21 05:43:13.14+00,Join millions of players in this Adventure classic focused on conquer and pirates.,0
2a97582e-ae61-4202-a939-e9bb11bc0755,Golden Hero,Action,https://tse1.mm.bing.net/th/id/OIP.ZPmbOG0_0WBy3RKEJV9muQHaFR?cb=defcache2defcache=1&rs=1&pid=ImgDetMain&o=7&rm=194,https://example.com/games/golden-hero-951,TRUE,NULL,2026-01-21 05:43:13.14+00,2026-01-21 05:43:13.14+00,The ultimate Action experience awaits you in Golden Hero.,0
2af5bb91-214a-4b58-9fae-08f4fd8c07a0,Super Hero,Adventure,https://tse1.mm.bing.net/th/id/OIP.ZPmbOG0_0WBy3RKEJV9muQHaFR?cb=defcache2defcache=1&rs=1&pid=ImgDetMain&o=7&rm=195,https://example.com/games/super-hero-860,TRUE,NULL,2026-01-21 05:43:13.14+00,2026-01-21 05:43:13.14+00,Join millions of players in this Adventure classic focused on solve and heros.,0
2b1dd5ed-4687-4fbc-b688-3e96c55da518,Furious Pirate,Adventure,https://tse1.mm.bing.net/th/id/OIP.ZPmbOG0_0WBy3RKEJV9muQHaFR?cb=defcache2defcache=1&rs=1&pid=ImgDetMain&o=7&rm=196,https://example.com/games/furious-pirate-430,TRUE,NULL,2026-01-21 05:43:13.14+00,2026-01-21 05:43:13.14+00,Experience the thrill of Pirate in this top-rated Adventure adventure.,0
2b39d526-2592-4b84-82e5-e89c468b3447,Light Farm,Action,https://tse1.mm.bing.net/th/id/OIP.ZPmbOG0_0WBy3RKEJV9muQHaFR?cb=defcache2defcache=1&rs=1&pid=ImgDetMain&o=7&rm=197,https://example.com/games/light-farm-844,TRUE,NULL,2026-01-21 05:43:13.14+00,2026-01-21 05:43:13.14+00,The ultimate Action experience awaits you in Light Farm.,0
2b50b44d-3915-464d-a65e-90f16b6fdc48,Mega Empire,Simulation,https://tse1.mm.bing.net/th/id/OIP.ZPmbOG0_0WBy3RKEJV9muQHaFR?cb=defcache2defcache=1&rs=1&pid=ImgDetMain&o=7&rm=198,https://example.com/games/mega-empire-787,TRUE,NULL,2026-01-21 05:43:13.14+00,2026-01-21 05:43:13.14+00,Experience the thrill of Empire in this top-rated Simulation adventure.,0
2be5f7ed-97c4-4bdc-b3fa-61a19671c095,Epic Ninja,Sports,https://tse1.mm.bing.net/th/id/OIP.ZPmbOG0_0WBy3RKEJV9muQHaFR?cb=defcache2defcache=1&rs=1&pid=ImgDetMain&o=7&rm=199,https://example.com/games/epic-ninja-772,TRUE,NULL,2026-01-21 05:43:13.14+00,2026-01-21 05:43:13.14+00,The ultimate Sports experience awaits you in Epic Ninja.,0
2bf6843d-37d5-406a-8c37-f300cfe83652,Neon Builder,RPG,https://tse1.mm.bing.net/th/id/OIP.ZPmbOG0_0WBy3RKEJV9muQHaFR?cb=defcache2defcache=1&rs=1&pid=ImgDetMain&o=7&rm=200,https://example.com/games/neon-builder-886,TRUE,NULL,2026-01-21 05:43:13.14+00,2026-01-21 05:43:13.14+00,The ultimate RPG experience awaits you in Neon Builder.,0
2c6e23bb-39e0-40a9-b5c2-f727199dbfba,Neon Detective,Strategy,https://tse1.mm.bing.net/th/id/OIP.ZPmbOG0_0WBy3RKEJV9muQHaFR?cb=defcache2defcache=1&rs=1&pid=ImgDetMain&o=7&rm=201,https://example.com/games/neon-detective-706,TRUE,NULL,2026-01-21 05:43:13.14+00,2026-01-21 05:43:13.14+00,Join millions of players in this Strategy classic focused on solve and detectives.,0
2cc9b4c0-1f55-4b4b-a8ad-b90d26a3f43a,Tiny Farm,Puzzle,https://tse1.mm.bing.net/th/id/OIP.ZPmbOG0_0WBy3RKEJV9muQHaFR?cb=defcache2defcache=1&rs=1&pid=ImgDetMain&o=7&rm=202,https://example.com/games/tiny-farm-661,TRUE,NULL,2026-01-21 05:43:13.14+00,2026-01-21 05:43:13.14+00,Join millions of players in this Puzzle classic focused on destroy and farms.,0
2cd631e9-33d2-49c3-8493-2da23d9f689f,Super Legend,Adventure,https://tse1.mm.bing.net/th/id/OIP.ZPmbOG0_0WBy3RKEJV9muQHaFR?cb=defcache2defcache=1&rs=1&pid=ImgDetMain&o=7&rm=203,https://example.com/games/super-legend-916,TRUE,NULL,2026-01-21 05:43:13.14+00,2026-01-21 05:43:13.14+00,The ultimate Adventure experience awaits you in Super Legend.,0
2d19b18a-f269-4291-badb-a7584880254f,Dark Racer,Adventure,https://tse1.mm.bing.net/th/id/OIP.ZPmbOG0_0WBy3RKEJV9muQHaFR?cb=defcache2defcache=1&rs=1&pid=ImgDetMain&o=7&rm=204,https://example.com/games/dark-racer-648,TRUE,NULL,2026-01-21 05:43:13.14+00,2026-01-21 05:43:13.14+00,A masterful Adventure journey where you must become the ultimate Racer.,0
2d74bf62-1697-4bce-a025-f4598d4375ec,Iron Legend,Action,https://tse1.mm.bing.net/th/id/OIP.ZPmbOG0_0WBy3RKEJV9muQHaFR?cb=defcache2defcache=1&rs=1&pid=ImgDetMain&o=7&rm=205,https://example.com/games/iron-legend-79,TRUE,NULL,2026-01-21 05:43:13.14+00,2026-01-21 05:43:13.14+00,Join millions of players in this Action classic focused on destroy and legends.,0
2f9fcea8-c06c-466c-b5f9-fe1e889bf7eb,Neon Hero,RPG,https://tse1.mm.bing.net/th/id/OIP.ZPmbOG0_0WBy3RKEJV9muQHaFR?cb=defcache2defcache=1&rs=1&pid=ImgDetMain&o=7&rm=206,https://example.com/games/neon-hero-674,TRUE,NULL,2026-01-21 05:43:13.14+00,2026-01-21 05:43:13.14+00,The ultimate RPG experience awaits you in Neon Hero.,0
3005ed81-2d77-4ba8-b8ed-becbb9d786e6,Super Dungeon,Horror,https://tse1.mm.bing.net/th/id/OIP.ZPmbOG0_0WBy3RKEJV9muQHaFR?cb=defcache2defcache=1&rs=1&pid=ImgDetMain&o=7&rm=207,https://example.com/games/super-dungeon-41,TRUE,NULL,2026-01-21 05:43:13.14+00,2026-01-21 05:43:13.14+00,Experience the thrill of Dungeon in this top-rated Horror adventure.,0
3035e83e-8fb0-4cf9-b15c-dfe954b0b3f0,Silent Farm,Horror,https://tse1.mm.bing.net/th/id/OIP.ZPmbOG0_0WBy3RKEJV9muQHaFR?cb=defcache2defcache=1&rs=1&pid=ImgDetMain&o=7&rm=208,https://example.com/games/silent-farm-578,TRUE,NULL,2026-01-21 05:43:13.14+00,2026-01-21 05:43:13.14+00,A masterful Horror journey where you must become the ultimate Farm.,0
303c4779-781b-49ba-a00a-07c7f11671a6,Cosmic Builder,Adventure,https://tse1.mm.bing.net/th/id/OIP.ZPmbOG0_0WBy3RKEJV9muQHaFR?cb=defcache2defcache=1&rs=1&pid=ImgDetMain&o=7&rm=209,https://example.com/games/cosmic-builder-788,TRUE,NULL,2026-01-21 05:43:13.14+00,2026-01-21 05:43:13.14+00,A masterful Adventure journey where you must become the ultimate Builder.,0
304e99f1-b59b-4aaa-afe4-54d0d957a260,Light Farm,Arcade,https://tse1.mm.bing.net/th/id/OIP.ZPmbOG0_0WBy3RKEJV9muQHaFR?cb=defcache2defcache=1&rs=1&pid=ImgDetMain&o=7&rm=210,https://example.com/games/light-farm-872,TRUE,NULL,2026-01-21 05:43:13.14+00,2026-01-21 05:43:13.14+00,Experience the thrill of Farm in this top-rated Arcade adventure.,0
30643f6a-18b6-410d-8dad-2f061fcfd226,Light Pirate,RPG,https://tse1.mm.bing.net/th/id/OIP.ZPmbOG0_0WBy3RKEJV9muQHaFR?cb=defcache2defcache=1&rs=1&pid=ImgDetMain&o=7&rm=211,https://example.com/games/light-pirate-924,TRUE,NULL,2026-01-21 05:43:13.14+00,2026-01-21 05:43:13.14+00,A masterful RPG journey where you must become the ultimate Pirate.,0
30c62ba3-7dc1-4286-ba6e-5230d87e486f,Epic Empire,Sports,https://tse1.mm.bing.net/th/id/OIP.ZPmbOG0_0WBy3RKEJV9muQHaFR?cb=defcache2defcache=1&rs=1&pid=ImgDetMain&o=7&rm=212,https://example.com/games/epic-empire-943,TRUE,NULL,2026-01-21 05:43:13.14+00,2026-01-21 05:43:13.14+00,Experience the thrill of Empire in this top-rated Sports adventure.,0
30e195b3-21aa-4e2d-ad9b-f89c9c189e2a,Golden City,Simulation,https://tse1.mm.bing.net/th/id/OIP.ZPmbOG0_0WBy3RKEJV9muQHaFR?cb=defcache2defcache=1&rs=1&pid=ImgDetMain&o=7&rm=213,https://example.com/games/golden-city-541,TRUE,NULL,2026-01-21 05:43:13.14+00,2026-01-21 05:43:13.14+00,A masterful Simulation journey where you must become the ultimate City.,0
30e79957-040f-45e4-94f9-f845665ec8ee,Super Ninja,Adventure,https://tse1.mm.bing.net/th/id/OIP.ZPmbOG0_0WBy3RKEJV9muQHaFR?cb=defcache2defcache=1&rs=1&pid=ImgDetMain&o=7&rm=214,https://example.com/games/super-ninja-537,TRUE,NULL,2026-01-21 05:43:13.14+00,2026-01-21 05:43:13.14+00,Experience the thrill of Ninja in this top-rated Adventure adventure.,0
30e90c42-e080-4c92-bb90-238ca250c071,Golden Zombie,Puzzle,https://tse1.mm.bing.net/th/id/OIP.ZPmbOG0_0WBy3RKEJV9muQHaFR?cb=defcache2defcache=1&rs=1&pid=ImgDetMain&o=7&rm=215,https://example.com/games/golden-zombie-607,TRUE,NULL,2026-01-21 05:43:13.14+00,2026-01-21 05:43:13.14+00,The ultimate Puzzle experience awaits you in Golden Zombie.,0
311dd1dc-710d-4544-9089-223fd6d59a4a,Iron Legend,Horror,https://tse1.mm.bing.net/th/id/OIP.ZPmbOG0_0WBy3RKEJV9muQHaFR?cb=defcache2defcache=1&rs=1&pid=ImgDetMain&o=7&rm=216,https://example.com/games/iron-legend-384,TRUE,NULL,2026-01-21 05:43:13.14+00,2026-01-21 05:43:13.14+00,The ultimate Horror experience awaits you in Iron Legend.,0
312302fd-9cf3-4849-bc76-0fbb0902514b,Iron Dungeon,Simulation,https://tse1.mm.bing.net/th/id/OIP.ZPmbOG0_0WBy3RKEJV9muQHaFR?cb=defcache2defcache=1&rs=1&pid=ImgDetMain&o=7&rm=217,https://example.com/games/iron-dungeon-272,TRUE,NULL,2026-01-21 05:43:13.14+00,2026-01-21 05:43:13.14+00,Experience the thrill of Dungeon in this top-rated Simulation adventure.,0
316693c7-651b-4eb6-bab9-cbb79417167b,Dark Empire,RPG,https://tse1.mm.bing.net/th/id/OIP.ZPmbOG0_0WBy3RKEJV9muQHaFR?cb=defcache2defcache=1&rs=1&pid=ImgDetMain&o=7&rm=218,https://example.com/games/dark-empire-400,TRUE,NULL,2026-01-21 05:43:13.14+00,2026-01-21 05:43:13.14+00,Build your way to victory in this exciting RPG game featuring the legendary Empire.,0
318b8207-d8e0-4c2b-8b17-48c25d6b6abe,Furious Racer,Racing,https://tse1.mm.bing.net/th/id/OIP.ZPmbOG0_0WBy3RKEJV9muQHaFR?cb=defcache2defcache=1&rs=1&pid=ImgDetMain&o=7&rm=219,https://example.com/games/furious-racer-981,TRUE,NULL,2026-01-21 05:43:13.14+00,2026-01-21 05:43:13.14+00,Experience the thrill of Racer in this top-rated Racing adventure.,0
31e9801b-f4a6-4c26-8159-d11f05678654,Mega Ninja,RPG,https://tse1.mm.bing.net/th/id/OIP.ZPmbOG0_0WBy3RKEJV9muQHaFR?cb=defcache2defcache=1&rs=1&pid=ImgDetMain&o=7&rm=220,https://example.com/games/mega-ninja-251,TRUE,NULL,2026-01-21 05:43:13.14+00,2026-01-21 05:43:13.14+00,Build your way to victory in this exciting RPG game featuring the legendary Ninja.,0
322fec3a-c84e-4455-88a0-bf3557f4f252,Cosmic Dungeon,RPG,https://tse1.mm.bing.net/th/id/OIP.ZPmbOG0_0WBy3RKEJV9muQHaFR?cb=defcache2defcache=1&rs=1&pid=ImgDetMain&o=7&rm=221,https://example.com/games/cosmic-dungeon-659,TRUE,NULL,2026-01-21 05:43:13.14+00,2026-01-21 05:43:13.14+00,The ultimate RPG experience awaits you in Cosmic Dungeon.,0
3231b75e-07cb-4ad9-b672-de4963b6e4cd,Epic Builder,Action,https://tse1.mm.bing.net/th/id/OIP.ZPmbOG0_0WBy3RKEJV9muQHaFR?cb=defcache2defcache=1&rs=1&pid=ImgDetMain&o=7&rm=222,https://example.com/games/epic-builder-74,TRUE,NULL,2026-01-21 05:43:13.14+00,2026-01-21 05:43:13.14+00,A masterful Action journey where you must become the ultimate Builder.,0
323762bc-691d-49b6-80dc-2218bbd2ad14,Mega Racer,Racing,https://tse1.mm.bing.net/th/id/OIP.ZPmbOG0_0WBy3RKEJV9muQHaFR?cb=defcache2defcache=1&rs=1&pid=ImgDetMain&o=7&rm=223,https://example.com/games/mega-racer-267,TRUE,NULL,2026-01-21 05:43:13.14+00,2026-01-21 05:43:13.14+00,Experience the thrill of Racer in this top-rated Racing adventure.,0
327c09ee-bd42-4f35-8b9d-e1790acd6955,Wild Pilot,Adventure,https://tse1.mm.bing.net/th/id/OIP.ZPmbOG0_0WBy3RKEJV9muQHaFR?cb=defcache2defcache=1&rs=1&pid=ImgDetMain&o=7&rm=224,https://example.com/games/wild-pilot-761,TRUE,NULL,2026-01-21 05:43:13.14+00,2026-01-21 05:43:13.14+00,The ultimate Adventure experience awaits you in Wild Pilot.,0
32c14e1f-9e30-497f-a274-157f1222d651,Dark Robot,Arcade,https://tse1.mm.bing.net/th/id/OIP.ZPmbOG0_0WBy3RKEJV9muQHaFR?cb=defcache2defcache=1&rs=1&pid=ImgDetMain&o=7&rm=225,https://example.com/games/dark-robot-67,TRUE,NULL,2026-01-21 05:43:13.14+00,2026-01-21 05:43:13.14+00,A masterful Arcade journey where you must become the ultimate Robot.,0
32f3d6e0-b947-4c75-9007-b22133e7b7e1,Medieval Chef,Action,https://tse1.mm.bing.net/th/id/OIP.ZPmbOG0_0WBy3RKEJV9muQHaFR?cb=defcache2defcache=1&rs=1&pid=ImgDetMain&o=7&rm=226,https://example.com/games/medieval-chef-841,TRUE,NULL,2026-01-21 05:43:13.14+00,2026-01-21 05:43:13.14+00,Experience the thrill of Chef in this top-rated Action adventure.,0
33013a26-152f-4b96-bff0-bbed9892cbcc,Dark Builder,Sports,https://tse1.mm.bing.net/th/id/OIP.ZPmbOG0_0WBy3RKEJV9muQHaFR?cb=defcache2defcache=1&rs=1&pid=ImgDetMain&o=7&rm=227,https://example.com/games/dark-builder-713,TRUE,NULL,2026-01-21 05:43:13.14+00,2026-01-21 05:43:13.14+00,The ultimate Sports experience awaits you in Dark Builder.,0
33178748-0865-404e-9905-3d0c822deea0,Wild Pirate,Sports,https://tse1.mm.bing.net/th/id/OIP.ZPmbOG0_0WBy3RKEJV9muQHaFR?cb=defcache2defcache=1&rs=1&pid=ImgDetMain&o=7&rm=228,https://example.com/games/wild-pirate-865,TRUE,NULL,2026-01-21 05:43:13.14+00,2026-01-21 05:43:13.14+00,A masterful Sports journey where you must become the ultimate Pirate.,0
33383c2f-b38d-4fb4-9964-46526a908631,Furious Builder,Action,https://tse1.mm.bing.net/th/id/OIP.ZPmbOG0_0WBy3RKEJV9muQHaFR?cb=defcache2defcache=1&rs=1&pid=ImgDetMain&o=7&rm=229,https://example.com/games/furious-builder-815,TRUE,NULL,2026-01-21 05:43:13.14+00,2026-01-21 05:43:13.14+00,A masterful Action journey where you must become the ultimate Builder.,0
3356e90b-b126-4f76-b130-da35a9b552f4,Furious Pilot,Sports,https://tse1.mm.bing.net/th/id/OIP.ZPmbOG0_0WBy3RKEJV9muQHaFR?cb=defcache2defcache=1&rs=1&pid=ImgDetMain&o=7&rm=230,https://example.com/games/furious-pilot-132,TRUE,NULL,2026-01-21 05:43:13.14+00,2026-01-21 05:43:13.14+00,The ultimate Sports experience awaits you in Furious Pilot.,0
33becbb6-14d3-4fe2-b7ff-6da4d0e3f7ee,Light Chef,Simulation,https://tse1.mm.bing.net/th/id/OIP.ZPmbOG0_0WBy3RKEJV9muQHaFR?cb=defcache2defcache=1&rs=1&pid=ImgDetMain&o=7&rm=231,https://example.com/games/light-chef-20,TRUE,NULL,2026-01-21 05:43:13.14+00,2026-01-21 05:43:13.14+00,Fight your way to victory in this exciting Simulation game featuring the legendary Chef.,0
345433f0-7a08-46cd-a6d1-efc81d4bfe33,Epic Ninja,Strategy,https://tse1.mm.bing.net/th/id/OIP.ZPmbOG0_0WBy3RKEJV9muQHaFR?cb=defcache2defcache=1&rs=1&pid=ImgDetMain&o=7&rm=232,https://example.com/games/epic-ninja-991,TRUE,NULL,2026-01-21 05:43:13.14+00,2026-01-21 13:38:23.607+00,A masterful Strategy journey where you must become the ultimate Ninja.,0
3486da78-b1d4-4372-879a-10e30fcf44ba,Golden Robot,Sports,https://tse1.mm.bing.net/th/id/OIP.ZPmbOG0_0WBy3RKEJV9muQHaFR?cb=defcache2defcache=1&rs=1&pid=ImgDetMain&o=7&rm=233,https://example.com/games/golden-robot-522,TRUE,NULL,2026-01-21 05:43:13.14+00,2026-01-21 05:43:13.14+00,A masterful Sports journey where you must become the ultimate Robot.,0
34dd02ac-603c-46ea-b5c1-b35a8c38249b,Mega Zombie,Puzzle,https://tse1.mm.bing.net/th/id/OIP.ZPmbOG0_0WBy3RKEJV9muQHaFR?cb=defcache2defcache=1&rs=1&pid=ImgDetMain&o=7&rm=234,https://example.com/games/mega-zombie-632,TRUE,NULL,2026-01-21 05:43:13.14+00,2026-01-21 05:43:13.14+00,Race your way to victory in this exciting Puzzle game featuring the legendary Zombie.,0
34f346fd-90b3-472c-8c55-e57161c30a90,Mega Robot,Sports,https://tse1.mm.bing.net/th/id/OIP.ZPmbOG0_0WBy3RKEJV9muQHaFR?cb=defcache2defcache=1&rs=1&pid=ImgDetMain&o=7&rm=235,https://example.com/games/mega-robot-776,TRUE,NULL,2026-01-21 05:43:13.14+00,2026-01-21 05:43:13.14+00,Conquer your way to victory in this exciting Sports game featuring the legendary Robot.,0
34f5400f-e16b-430b-b073-8516663006b6,Tiny Warrior,Strategy,https://tse1.mm.bing.net/th/id/OIP.ZPmbOG0_0WBy3RKEJV9muQHaFR?cb=defcache2defcache=1&rs=1&pid=ImgDetMain&o=7&rm=236,https://example.com/games/tiny-warrior-833,TRUE,NULL,2026-01-21 05:43:13.14+00,2026-01-21 05:43:13.14+00,A masterful Strategy journey where you must become the ultimate Warrior.,0
34f5ef21-b092-4a60-beee-4ce27477bea4,Epic Dungeon,Sports,https://tse1.mm.bing.net/th/id/OIP.ZPmbOG0_0WBy3RKEJV9muQHaFR?cb=defcache2defcache=1&rs=1&pid=ImgDetMain&o=7&rm=237,https://example.com/games/epic-dungeon-206,TRUE,NULL,2026-01-21 05:43:13.14+00,2026-01-21 05:43:13.14+00,Manage your way to victory in this exciting Sports game featuring the legendary Dungeon.,0
34fccffe-54cb-41c8-89d6-9dcd7a03e69d,Mega Dungeon,Horror,https://tse1.mm.bing.net/th/id/OIP.ZPmbOG0_0WBy3RKEJV9muQHaFR?cb=defcache2defcache=1&rs=1&pid=ImgDetMain&o=7&rm=238,https://example.com/games/mega-dungeon-12,TRUE,NULL,2026-01-21 05:43:13.14+00,2026-01-21 05:43:13.14+00,A masterful Horror journey where you must become the ultimate Dungeon.,0
352cf55a-2f7c-4636-97e7-7e802d77a976,Silent Legend,Sports,https://tse1.mm.bing.net/th/id/OIP.ZPmbOG0_0WBy3RKEJV9muQHaFR?cb=defcache2defcache=1&rs=1&pid=ImgDetMain&o=7&rm=239,https://example.com/games/silent-legend-109,TRUE,NULL,2026-01-21 05:43:13.14+00,2026-01-21 05:43:13.14+00,Solve your way to victory in this exciting Sports game featuring the legendary Legend.,0
3571f485-c699-4498-a00a-0e3b392ecc52,Cyber Pilot,Arcade,https://tse1.mm.bing.net/th/id/OIP.ZPmbOG0_0WBy3RKEJV9muQHaFR?cb=defcache2defcache=1&rs=1&pid=ImgDetMain&o=7&rm=240,https://example.com/games/cyber-pilot-124,TRUE,NULL,2026-01-21 05:43:13.14+00,2026-01-21 05:43:13.14+00,Join millions of players in this Arcade classic focused on destroy and pilots.,0
35ae8f89-e937-418a-9a05-46803dff29fb,Super Empire,RPG,https://tse1.mm.bing.net/th/id/OIP.ZPmbOG0_0WBy3RKEJV9muQHaFR?cb=defcache2defcache=1&rs=1&pid=ImgDetMain&o=7&rm=241,https://example.com/games/super-empire-969,TRUE,NULL,2026-01-21 05:43:13.14+00,2026-01-21 05:43:13.14+00,A masterful RPG journey where you must become the ultimate Empire.,0
361f6f40-7334-4293-9ccc-0a2ce2c87240,Cyber Legend,Puzzle,https://tse1.mm.bing.net/th/id/OIP.ZPmbOG0_0WBy3RKEJV9muQHaFR?cb=defcache2defcache=1&rs=1&pid=ImgDetMain&o=7&rm=242,https://example.com/games/cyber-legend-697,TRUE,NULL,2026-01-21 05:43:13.14+00,2026-01-21 05:43:13.14+00,A masterful Puzzle journey where you must become the ultimate Legend.,0
362f2cc5-08a8-4f54-af2f-7c5f1d29ee97,Dark Robot,Racing,https://tse1.mm.bing.net/th/id/OIP.ZPmbOG0_0WBy3RKEJV9muQHaFR?cb=defcache2defcache=1&rs=1&pid=ImgDetMain&o=7&rm=243,https://example.com/games/dark-robot-214,TRUE,NULL,2026-01-21 05:43:13.14+00,2026-01-21 05:43:13.14+00,Join millions of players in this Racing classic focused on build and robots.,0
371e0351-0dda-4a15-8aa0-84aeb3429816,Crystal Empire,Puzzle,https://tse1.mm.bing.net/th/id/OIP.ZPmbOG0_0WBy3RKEJV9muQHaFR?cb=defcache2defcache=1&rs=1&pid=ImgDetMain&o=7&rm=244,https://example.com/games/crystal-empire-21,TRUE,NULL,2026-01-21 05:43:13.14+00,2026-01-21 05:43:13.14+00,A masterful Puzzle journey where you must become the ultimate Empire.,0
37592f24-0df9-4db5-8fa1-d2cf778b43db,Epic Hero,Adventure,https://tse1.mm.bing.net/th/id/OIP.ZPmbOG0_0WBy3RKEJV9muQHaFR?cb=defcache2defcache=1&rs=1&pid=ImgDetMain&o=7&rm=245,https://example.com/games/epic-hero-557,TRUE,NULL,2026-01-21 05:43:13.14+00,2026-01-21 05:43:13.14+00,Experience the thrill of Hero in this top-rated Adventure adventure.,0
3769bbb7-15a8-4a13-bfee-105d76a2166e,Cosmic Pirate,Adventure,https://tse1.mm.bing.net/th/id/OIP.ZPmbOG0_0WBy3RKEJV9muQHaFR?cb=defcache2defcache=1&rs=1&pid=ImgDetMain&o=7&rm=246,https://example.com/games/cosmic-pirate-518,TRUE,NULL,2026-01-21 05:43:13.14+00,2026-01-21 05:43:13.14+00,Fight your way to victory in this exciting Adventure game featuring the legendary Pirate.,0
37a8c962-5739-4d56-91f5-52a3f504cb89,Epic Hero,Horror,https://tse1.mm.bing.net/th/id/OIP.ZPmbOG0_0WBy3RKEJV9muQHaFR?cb=defcache2defcache=1&rs=1&pid=ImgDetMain&o=7&rm=247,https://example.com/games/epic-hero-693,TRUE,NULL,2026-01-21 05:43:13.14+00,2026-01-21 05:43:13.14+00,Join millions of players in this Horror classic focused on destroy and heros.,0
383021f4-db8d-4b58-ab04-98e13d85d373,Iron Farm,Strategy,https://tse1.mm.bing.net/th/id/OIP.ZPmbOG0_0WBy3RKEJV9muQHaFR?cb=defcache2defcache=1&rs=1&pid=ImgDetMain&o=7&rm=248,https://example.com/games/iron-farm-733,TRUE,NULL,2026-01-21 05:43:13.14+00,2026-01-21 05:43:13.14+00,Join millions of players in this Strategy classic focused on explore and farms.,0
3869fbed-9163-486f-b181-d42f8dcdd434,Mega Pirate,Simulation,https://tse1.mm.bing.net/th/id/OIP.ZPmbOG0_0WBy3RKEJV9muQHaFR?cb=defcache2defcache=1&rs=1&pid=ImgDetMain&o=7&rm=249,https://example.com/games/mega-pirate-436,TRUE,NULL,2026-01-21 05:43:13.14+00,2026-01-21 05:43:13.14+00,The ultimate Simulation experience awaits you in Mega Pirate.,0
388362e1-8f9d-40f1-90e5-c715d90f6a61,Cosmic City,Arcade,https://tse1.mm.bing.net/th/id/OIP.ZPmbOG0_0WBy3RKEJV9muQHaFR?cb=defcache2defcache=1&rs=1&pid=ImgDetMain&o=7&rm=250,https://example.com/games/cosmic-city-572,TRUE,NULL,2026-01-21 05:43:13.14+00,2026-01-21 05:43:13.14+00,Experience the thrill of City in this top-rated Arcade adventure.,0
394dc700-cd23-4bba-bded-ab8cdd819420,Golden City,Adventure,https://tse1.mm.bing.net/th/id/OIP.ZPmbOG0_0WBy3RKEJV9muQHaFR?cb=defcache2defcache=1&rs=1&pid=ImgDetMain&o=7&rm=251,https://example.com/games/golden-city-83,TRUE,NULL,2026-01-21 05:43:13.14+00,2026-01-21 05:43:13.14+00,Experience the thrill of City in this top-rated Adventure adventure.,0
39e111e1-6817-4510-aeb1-9fb25499527f,Cyber Farm,Sports,https://tse1.mm.bing.net/th/id/OIP.ZPmbOG0_0WBy3RKEJV9muQHaFR?cb=defcache2defcache=1&rs=1&pid=ImgDetMain&o=7&rm=252,https://example.com/games/cyber-farm-359,TRUE,NULL,2026-01-21 05:43:13.14+00,2026-01-21 05:43:13.14+00,The ultimate Sports experience awaits you in Cyber Farm.,0
3a0bf40d-6ddb-416b-99bc-b977268bb8b0,Cyber Legend,Adventure,https://tse1.mm.bing.net/th/id/OIP.ZPmbOG0_0WBy3RKEJV9muQHaFR?cb=defcache2defcache=1&rs=1&pid=ImgDetMain&o=7&rm=253,https://example.com/games/cyber-legend-293,TRUE,NULL,2026-01-21 05:43:13.14+00,2026-01-21 05:43:13.14+00,A masterful Adventure journey where you must become the ultimate Legend.,0
3a1aa7cd-fb1a-4cb2-8ee2-d3f47ff2cd1e,Furious Farm,Simulation,https://tse1.mm.bing.net/th/id/OIP.ZPmbOG0_0WBy3RKEJV9muQHaFR?cb=defcache2defcache=1&rs=1&pid=ImgDetMain&o=7&rm=254,https://example.com/games/furious-farm-796,TRUE,NULL,2026-01-21 05:43:13.14+00,2026-01-21 05:43:13.14+00,The ultimate Simulation experience awaits you in Furious Farm.,0
3a665498-0326-4e40-9c31-6357aac9702c,Mega Builder,Racing,https://tse1.mm.bing.net/th/id/OIP.ZPmbOG0_0WBy3RKEJV9muQHaFR?cb=defcache2defcache=1&rs=1&pid=ImgDetMain&o=7&rm=255,https://example.com/games/mega-builder-890,TRUE,NULL,2026-01-21 05:43:13.14+00,2026-01-21 05:43:13.14+00,Explore your way to victory in this exciting Racing game featuring the legendary Builder.,0
3a9ff3bb-b878-4f60-8b80-9d2e14136bdd,Silent Legend,Horror,https://tse1.mm.bing.net/th/id/OIP.ZPmbOG0_0WBy3RKEJV9muQHaFR?cb=defcache2defcache=1&rs=1&pid=ImgDetMain&o=7&rm=256,https://example.com/games/silent-legend-235,TRUE,NULL,2026-01-21 05:43:13.14+00,2026-01-21 05:43:13.14+00,A masterful Horror journey where you must become the ultimate Legend.,0
3aa3726e-aa01-434d-989a-65779f58222d,Epic Robot,Sports,https://tse1.mm.bing.net/th/id/OIP.ZPmbOG0_0WBy3RKEJV9muQHaFR?cb=defcache2defcache=1&rs=1&pid=ImgDetMain&o=7&rm=257,https://example.com/games/epic-robot-282,TRUE,NULL,2026-01-21 05:43:13.14+00,2026-01-21 05:43:13.14+00,A masterful Sports journey where you must become the ultimate Robot.,0
3aa3b026-190f-44f0-84b3-688b39912294,Cosmic Builder,Racing,https://tse1.mm.bing.net/th/id/OIP.ZPmbOG0_0WBy3RKEJV9muQHaFR?cb=defcache2defcache=1&rs=1&pid=ImgDetMain&o=7&rm=258,https://example.com/games/cosmic-builder-914,TRUE,NULL,2026-01-21 05:43:13.14+00,2026-01-21 05:43:13.14+00,The ultimate Racing experience awaits you in Cosmic Builder.,0
3ae8ec6a-6150-444b-9ea7-eab7ab413d7b,Medieval Robot,Simulation,https://tse1.mm.bing.net/th/id/OIP.ZPmbOG0_0WBy3RKEJV9muQHaFR?cb=defcache2defcache=1&rs=1&pid=ImgDetMain&o=7&rm=259,https://example.com/games/medieval-robot-255,TRUE,NULL,2026-01-21 05:43:13.14+00,2026-01-21 05:43:13.14+00,A masterful Simulation journey where you must become the ultimate Robot.,0
3b7c88fa-5114-423d-9fd1-4351637a01d4,Iron Farm,Sports,https://tse1.mm.bing.net/th/id/OIP.ZPmbOG0_0WBy3RKEJV9muQHaFR?cb=defcache2defcache=1&rs=1&pid=ImgDetMain&o=7&rm=260,https://example.com/games/iron-farm-768,TRUE,NULL,2026-01-21 05:43:13.14+00,2026-01-21 05:43:13.14+00,Experience the thrill of Farm in this top-rated Sports adventure.,0
3bf584c0-2825-49b3-951d-8a090a477032,Silent Dungeon,RPG,https://tse1.mm.bing.net/th/id/OIP.ZPmbOG0_0WBy3RKEJV9muQHaFR?cb=defcache2defcache=1&rs=1&pid=ImgDetMain&o=7&rm=261,https://example.com/games/silent-dungeon-464,TRUE,NULL,2026-01-21 05:43:13.14+00,2026-01-21 05:43:13.14+00,Explore your way to victory in this exciting RPG game featuring the legendary Dungeon.,0
3c1ed104-2d7a-41d8-95ed-994055dea301,Crystal Robot,Sports,https://tse1.mm.bing.net/th/id/OIP.ZPmbOG0_0WBy3RKEJV9muQHaFR?cb=defcache2defcache=1&rs=1&pid=ImgDetMain&o=7&rm=262,https://example.com/games/crystal-robot-773,TRUE,NULL,2026-01-21 05:43:13.14+00,2026-01-21 05:43:13.14+00,Experience the thrill of Robot in this top-rated Sports adventure.,0
3c3ec8be-de9b-4029-aefd-fed1ae1826e7,Dark Hero,Arcade,https://tse1.mm.bing.net/th/id/OIP.ZPmbOG0_0WBy3RKEJV9muQHaFR?cb=defcache2defcache=1&rs=1&pid=ImgDetMain&o=7&rm=263,https://example.com/games/dark-hero-720,TRUE,NULL,2026-01-21 05:43:13.14+00,2026-01-21 05:43:13.14+00,Join millions of players in this Arcade classic focused on fight and heros.,0
3cd72188-81bf-429a-a370-a907cfdef023,Tiny Hero,RPG,https://tse1.mm.bing.net/th/id/OIP.ZPmbOG0_0WBy3RKEJV9muQHaFR?cb=defcache2defcache=1&rs=1&pid=ImgDetMain&o=7&rm=264,https://example.com/games/tiny-hero-582,TRUE,NULL,2026-01-21 05:43:13.14+00,2026-01-21 05:43:13.14+00,Fight your way to victory in this exciting RPG game featuring the legendary Hero.,0
3ce2e929-3e17-4f90-a358-ca2bcb22a9e6,Iron Hero,Sports,https://tse1.mm.bing.net/th/id/OIP.ZPmbOG0_0WBy3RKEJV9muQHaFR?cb=defcache2defcache=1&rs=1&pid=ImgDetMain&o=7&rm=265,https://example.com/games/iron-hero-65,TRUE,NULL,2026-01-21 05:43:13.14+00,2026-01-21 05:43:13.14+00,The ultimate Sports experience awaits you in Iron Hero.,0
3ce83178-c57e-42f9-a74a-2428c8d15eb0,Silent Legend,Arcade,https://tse1.mm.bing.net/th/id/OIP.ZPmbOG0_0WBy3RKEJV9muQHaFR?cb=defcache2defcache=1&rs=1&pid=ImgDetMain&o=7&rm=266,https://example.com/games/silent-legend-931,TRUE,NULL,2026-01-21 05:43:13.14+00,2026-01-21 05:43:13.14+00,Join millions of players in this Arcade classic focused on survive and legends.,0
3cedcaea-fa91-4be7-99f3-6f25fe272680,Wild Dungeon,Simulation,https://tse1.mm.bing.net/th/id/OIP.ZPmbOG0_0WBy3RKEJV9muQHaFR?cb=defcache2defcache=1&rs=1&pid=ImgDetMain&o=7&rm=267,https://example.com/games/wild-dungeon-318,TRUE,NULL,2026-01-21 05:43:13.14+00,2026-01-21 05:43:13.14+00,The ultimate Simulation experience awaits you in Wild Dungeon.,0
3d00c39e-0a95-4ced-a1c2-9c7245a3c8c8,Cyber Dungeon,Racing,https://tse1.mm.bing.net/th/id/OIP.ZPmbOG0_0WBy3RKEJV9muQHaFR?cb=defcache2defcache=1&rs=1&pid=ImgDetMain&o=7&rm=268,https://example.com/games/cyber-dungeon-688,TRUE,NULL,2026-01-21 05:43:13.14+00,2026-01-21 05:43:13.14+00,Defend your way to victory in this exciting Racing game featuring the legendary Dungeon.,0
3d04829f-4a3f-4730-b785-2d63f141c4d7,Tiny Hero,Arcade,https://tse1.mm.bing.net/th/id/OIP.ZPmbOG0_0WBy3RKEJV9muQHaFR?cb=defcache2defcache=1&rs=1&pid=ImgDetMain&o=7&rm=269,https://example.com/games/tiny-hero-16,TRUE,NULL,2026-01-21 05:43:13.14+00,2026-01-21 05:43:13.14+00,The ultimate Arcade experience awaits you in Tiny Hero.,0
3d0810f6-916b-447d-a2ed-f97a1810d3dd,Tiny Dungeon,RPG,https://tse1.mm.bing.net/th/id/OIP.ZPmbOG0_0WBy3RKEJV9muQHaFR?cb=defcache2defcache=1&rs=1&pid=ImgDetMain&o=7&rm=270,https://example.com/games/tiny-dungeon-463,TRUE,NULL,2026-01-21 05:43:13.14+00,2026-01-21 05:43:13.14+00,A masterful RPG journey where you must become the ultimate Dungeon.,0
3d373096-40bf-4349-8e5d-03cd17739489,Crystal Racer,Strategy,https://tse1.mm.bing.net/th/id/OIP.ZPmbOG0_0WBy3RKEJV9muQHaFR?cb=defcache2defcache=1&rs=1&pid=ImgDetMain&o=7&rm=271,https://example.com/games/crystal-racer-338,TRUE,NULL,2026-01-21 05:43:13.14+00,2026-01-21 05:43:13.14+00,Join millions of players in this Strategy classic focused on manage and racers.,0
3d684536-045d-49b1-8940-bf259bb144c2,Golden Warrior,Sports,https://tse1.mm.bing.net/th/id/OIP.ZPmbOG0_0WBy3RKEJV9muQHaFR?cb=defcache2defcache=1&rs=1&pid=ImgDetMain&o=7&rm=272,https://example.com/games/golden-warrior-413,TRUE,NULL,2026-01-21 05:43:13.14+00,2026-01-21 05:43:13.14+00,A masterful Sports journey where you must become the ultimate Warrior.,0
3e077266-60d2-470b-8d62-01b4528580ad,Mega Warrior,Adventure,https://tse1.mm.bing.net/th/id/OIP.ZPmbOG0_0WBy3RKEJV9muQHaFR?cb=defcache2defcache=1&rs=1&pid=ImgDetMain&o=7&rm=273,https://example.com/games/mega-warrior-921,TRUE,NULL,2026-01-21 05:43:13.14+00,2026-01-21 05:43:13.14+00,A masterful Adventure journey where you must become the ultimate Warrior.,0
3e08f888-339d-4de3-a7dc-8c0efc185b1d,Golden Detective,Action,https://tse1.mm.bing.net/th/id/OIP.ZPmbOG0_0WBy3RKEJV9muQHaFR?cb=defcache2defcache=1&rs=1&pid=ImgDetMain&o=7&rm=274,https://example.com/games/golden-detective-171,TRUE,NULL,2026-01-21 05:43:13.14+00,2026-01-21 05:43:13.14+00,The ultimate Action experience awaits you in Golden Detective.,0
3e49ad2f-32fc-42cf-9a6b-34907ef12888,Light Pilot,Adventure,https://tse1.mm.bing.net/th/id/OIP.ZPmbOG0_0WBy3RKEJV9muQHaFR?cb=defcache2defcache=1&rs=1&pid=ImgDetMain&o=7&rm=275,https://example.com/games/light-pilot-782,TRUE,NULL,2026-01-21 05:43:13.14+00,2026-01-21 05:43:13.14+00,The ultimate Adventure experience awaits you in Light Pilot.,0
3e6dc615-b33c-4ccd-b647-f32142d14bf2,Cyber Pilot,Adventure,https://tse1.mm.bing.net/th/id/OIP.ZPmbOG0_0WBy3RKEJV9muQHaFR?cb=defcache2defcache=1&rs=1&pid=ImgDetMain&o=7&rm=276,https://example.com/games/cyber-pilot-186,TRUE,NULL,2026-01-21 05:43:13.14+00,2026-01-21 05:43:13.14+00,Join millions of players in this Adventure classic focused on defend and pilots.,0
3ec1ac61-d504-4729-a8f0-4d9bcacb0532,Furious Racer,Action,https://tse1.mm.bing.net/th/id/OIP.ZPmbOG0_0WBy3RKEJV9muQHaFR?cb=defcache2defcache=1&rs=1&pid=ImgDetMain&o=7&rm=277,https://example.com/games/furious-racer-381,TRUE,NULL,2026-01-21 05:43:13.14+00,2026-01-21 05:43:13.14+00,The ultimate Action experience awaits you in Furious Racer.,0
3efc68ed-2f4c-48d5-8906-e79de0294936,Light Zombie,Action,https://tse1.mm.bing.net/th/id/OIP.ZPmbOG0_0WBy3RKEJV9muQHaFR?cb=defcache2defcache=1&rs=1&pid=ImgDetMain&o=7&rm=278,https://example.com/games/light-zombie-50,TRUE,NULL,2026-01-21 05:43:13.14+00,2026-01-21 05:43:13.14+00,Experience the thrill of Zombie in this top-rated Action adventure.,0
3f6f9489-3084-4842-adcf-72d57ecfecc1,Super Racer,Adventure,https://tse1.mm.bing.net/th/id/OIP.ZPmbOG0_0WBy3RKEJV9muQHaFR?cb=defcache2defcache=1&rs=1&pid=ImgDetMain&o=7&rm=279,https://example.com/games/super-racer-649,TRUE,NULL,2026-01-21 05:43:13.14+00,2026-01-21 05:43:13.14+00,The ultimate Adventure experience awaits you in Super Racer.,0
3ffd8956-48e4-4137-ae25-1d27e08c45ff,Furious Zombie,Arcade,https://tse1.mm.bing.net/th/id/OIP.ZPmbOG0_0WBy3RKEJV9muQHaFR?cb=defcache2defcache=1&rs=1&pid=ImgDetMain&o=7&rm=280,https://example.com/games/furious-zombie-312,TRUE,NULL,2026-01-21 05:43:13.14+00,2026-01-21 05:43:13.14+00,The ultimate Arcade experience awaits you in Furious Zombie.,0
402171f9-5cb8-4cba-a0c0-49e6fd7d9239,Light Empire,Sports,https://tse1.mm.bing.net/th/id/OIP.ZPmbOG0_0WBy3RKEJV9muQHaFR?cb=defcache2defcache=1&rs=1&pid=ImgDetMain&o=7&rm=281,https://example.com/games/light-empire-620,TRUE,NULL,2026-01-21 05:43:13.14+00,2026-01-21 05:43:13.14+00,Survive your way to victory in this exciting Sports game featuring the legendary Empire.,0
40359c4d-2632-4727-ba02-631cfa6a2f11,Mega Chef,Sports,https://tse1.mm.bing.net/th/id/OIP.ZPmbOG0_0WBy3RKEJV9muQHaFR?cb=defcache2defcache=1&rs=1&pid=ImgDetMain&o=7&rm=282,https://example.com/games/mega-chef-276,TRUE,NULL,2026-01-21 05:43:13.14+00,2026-01-21 05:43:13.14+00,A masterful Sports journey where you must become the ultimate Chef.,0
403d4514-f587-485a-bd64-50d45178d048,Cyber Pilot,Simulation,https://tse1.mm.bing.net/th/id/OIP.ZPmbOG0_0WBy3RKEJV9muQHaFR?cb=defcache2defcache=1&rs=1&pid=ImgDetMain&o=7&rm=283,https://example.com/games/cyber-pilot-955,TRUE,NULL,2026-01-21 05:43:13.14+00,2026-01-21 05:43:13.14+00,Experience the thrill of Pilot in this top-rated Simulation adventure.,0
40435acc-524e-4952-a7e9-3a47b1f55c64,Crystal Ninja,Sports,https://tse1.mm.bing.net/th/id/OIP.ZPmbOG0_0WBy3RKEJV9muQHaFR?cb=defcache2defcache=1&rs=1&pid=ImgDetMain&o=7&rm=284,https://example.com/games/crystal-ninja-341,TRUE,NULL,2026-01-21 05:43:13.14+00,2026-01-21 05:43:13.14+00,Experience the thrill of Ninja in this top-rated Sports adventure.,0
40783e9a-7f81-4960-accd-05171ba5cae7,Super Robot,Arcade,https://tse1.mm.bing.net/th/id/OIP.ZPmbOG0_0WBy3RKEJV9muQHaFR?cb=defcache2defcache=1&rs=1&pid=ImgDetMain&o=7&rm=285,https://example.com/games/super-robot-657,TRUE,NULL,2026-01-21 05:43:13.14+00,2026-01-21 05:43:13.14+00,Fight your way to victory in this exciting Arcade game featuring the legendary Robot.,0
416bc115-8a92-4573-b476-bacc8c6e1386,Dark Ninja,Simulation,https://tse1.mm.bing.net/th/id/OIP.ZPmbOG0_0WBy3RKEJV9muQHaFR?cb=defcache2defcache=1&rs=1&pid=ImgDetMain&o=7&rm=286,https://example.com/games/dark-ninja-959,TRUE,NULL,2026-01-21 05:43:13.14+00,2026-01-21 05:43:13.14+00,The ultimate Simulation experience awaits you in Dark Ninja.,0
417cde49-57ca-4272-b663-3b3426b847c3,Furious Pirate,RPG,https://tse1.mm.bing.net/th/id/OIP.ZPmbOG0_0WBy3RKEJV9muQHaFR?cb=defcache2defcache=1&rs=1&pid=ImgDetMain&o=7&rm=287,https://example.com/games/furious-pirate-794,TRUE,NULL,2026-01-21 05:43:13.14+00,2026-01-21 05:43:13.14+00,Join millions of players in this RPG classic focused on solve and pirates.,0
41a173c2-e37f-48f9-a7bf-f95bc7cd515c,Tiny Robot,Racing,https://tse1.mm.bing.net/th/id/OIP.ZPmbOG0_0WBy3RKEJV9muQHaFR?cb=defcache2defcache=1&rs=1&pid=ImgDetMain&o=7&rm=288,https://example.com/games/tiny-robot-726,TRUE,NULL,2026-01-21 05:43:13.14+00,2026-01-21 05:43:13.14+00,Solve your way to victory in this exciting Racing game featuring the legendary Robot.,0
41a8996c-f233-459b-8bbb-e248ba0c7c01,Iron Ninja,RPG,https://tse1.mm.bing.net/th/id/OIP.ZPmbOG0_0WBy3RKEJV9muQHaFR?cb=defcache2defcache=1&rs=1&pid=ImgDetMain&o=7&rm=289,https://example.com/games/iron-ninja-1000,TRUE,NULL,2026-01-21 05:43:13.14+00,2026-01-21 12:59:19.756+00,Experience the thrill of Ninja in this top-rated RPG adventure.,0
41acc1b1-3476-476d-b00a-d2a6f1264ebc,Mega Chef,Simulation,https://tse1.mm.bing.net/th/id/OIP.ZPmbOG0_0WBy3RKEJV9muQHaFR?cb=defcache2defcache=1&rs=1&pid=ImgDetMain&o=7&rm=290,https://example.com/games/mega-chef-61,TRUE,NULL,2026-01-21 05:43:13.14+00,2026-01-21 05:43:13.14+00,Join millions of players in this Simulation classic focused on defend and chefs.,0
4210689f-455e-46ba-aa09-43bb81aea02f,Medieval Empire,Puzzle,https://tse1.mm.bing.net/th/id/OIP.ZPmbOG0_0WBy3RKEJV9muQHaFR?cb=defcache2defcache=1&rs=1&pid=ImgDetMain&o=7&rm=291,https://example.com/games/medieval-empire-107,TRUE,NULL,2026-01-21 05:43:13.14+00,2026-01-21 05:43:13.14+00,Join millions of players in this Puzzle classic focused on build and empires.,0
42189b08-896f-4e1f-b6cf-a9699a9fdf3d,Wild Ninja,Puzzle,https://tse1.mm.bing.net/th/id/OIP.ZPmbOG0_0WBy3RKEJV9muQHaFR?cb=defcache2defcache=1&rs=1&pid=ImgDetMain&o=7&rm=292,https://example.com/games/wild-ninja-177,TRUE,NULL,2026-01-21 05:43:13.14+00,2026-01-21 05:43:13.14+00,Fight your way to victory in this exciting Puzzle game featuring the legendary Ninja.,0
421c1fe1-abe3-49e6-9ae4-d2de96e381e8,Iron Robot,Racing,https://tse1.mm.bing.net/th/id/OIP.ZPmbOG0_0WBy3RKEJV9muQHaFR?cb=defcache2defcache=1&rs=1&pid=ImgDetMain&o=7&rm=293,https://example.com/games/iron-robot-806,TRUE,NULL,2026-01-21 05:43:13.14+00,2026-01-21 05:43:13.14+00,Join millions of players in this Racing classic focused on race and robots.,0
421cb0dc-c4cd-465d-ab5e-e6c5297741ee,Light Pirate,Adventure,https://tse1.mm.bing.net/th/id/OIP.ZPmbOG0_0WBy3RKEJV9muQHaFR?cb=defcache2defcache=1&rs=1&pid=ImgDetMain&o=7&rm=294,https://example.com/games/light-pirate-764,TRUE,NULL,2026-01-21 05:43:13.14+00,2026-01-21 05:43:13.14+00,Destroy your way to victory in this exciting Adventure game featuring the legendary Pirate.,0
42647de7-27c2-48eb-b9cf-6de303dc8da2,Tiny City,Arcade,https://tse1.mm.bing.net/th/id/OIP.ZPmbOG0_0WBy3RKEJV9muQHaFR?cb=defcache2defcache=1&rs=1&pid=ImgDetMain&o=7&rm=295,https://example.com/games/tiny-city-539,TRUE,NULL,2026-01-21 05:43:13.14+00,2026-01-21 05:43:13.14+00,Experience the thrill of City in this top-rated Arcade adventure.,0
42bf1c0c-c406-40d4-9337-6ce73ff4a607,Neon Legend,Arcade,https://tse1.mm.bing.net/th/id/OIP.ZPmbOG0_0WBy3RKEJV9muQHaFR?cb=defcache2defcache=1&rs=1&pid=ImgDetMain&o=7&rm=296,https://example.com/games/neon-legend-736,TRUE,NULL,2026-01-21 05:43:13.14+00,2026-01-21 05:43:13.14+00,Join millions of players in this Arcade classic focused on destroy and legends.,0
42ca670d-a4b9-4de8-b60d-9d72f0323cb8,Crystal Ninja,Simulation,https://tse1.mm.bing.net/th/id/OIP.ZPmbOG0_0WBy3RKEJV9muQHaFR?cb=defcache2defcache=1&rs=1&pid=ImgDetMain&o=7&rm=297,https://example.com/games/crystal-ninja-551,TRUE,NULL,2026-01-21 05:43:13.14+00,2026-01-21 05:43:13.14+00,Experience the thrill of Ninja in this top-rated Simulation adventure.,0
42ce5d2e-a042-4be5-981a-3a5452aeccf2,Light Ninja,Horror,https://tse1.mm.bing.net/th/id/OIP.ZPmbOG0_0WBy3RKEJV9muQHaFR?cb=defcache2defcache=1&rs=1&pid=ImgDetMain&o=7&rm=298,https://example.com/games/light-ninja-134,TRUE,NULL,2026-01-21 05:43:13.14+00,2026-01-21 05:43:13.14+00,Join millions of players in this Horror classic focused on survive and ninjas.,0
42e8edf6-a4a8-45bd-8042-e3a63231582a,Iron Chef,RPG,https://tse1.mm.bing.net/th/id/OIP.ZPmbOG0_0WBy3RKEJV9muQHaFR?cb=defcache2defcache=1&rs=1&pid=ImgDetMain&o=7&rm=299,https://example.com/games/iron-chef-907,TRUE,NULL,2026-01-21 05:43:13.14+00,2026-01-21 05:43:13.14+00,The ultimate RPG experience awaits you in Iron Chef.,0
4301beec-f8b6-44dc-baef-2791f96cb85b,Dark Detective,Arcade,https://tse1.mm.bing.net/th/id/OIP.ZPmbOG0_0WBy3RKEJV9muQHaFR?cb=defcache2defcache=1&rs=1&pid=ImgDetMain&o=7&rm=300,https://example.com/games/dark-detective-180,TRUE,NULL,2026-01-21 05:43:13.14+00,2026-01-21 05:43:13.14+00,Experience the thrill of Detective in this top-rated Arcade adventure.,0
4351d69a-df88-475f-b1f8-310041f47b10,Cosmic Warrior,Puzzle,https://tse1.mm.bing.net/th/id/OIP.ZPmbOG0_0WBy3RKEJV9muQHaFR?cb=defcache2defcache=1&rs=1&pid=ImgDetMain&o=7&rm=301,https://example.com/games/cosmic-warrior-205,TRUE,NULL,2026-01-21 05:43:13.14+00,2026-01-21 05:43:13.14+00,A masterful Puzzle journey where you must become the ultimate Warrior.,0
43581804-6309-4afc-b167-a9c299019580,Silent Chef,Simulation,https://tse1.mm.bing.net/th/id/OIP.ZPmbOG0_0WBy3RKEJV9muQHaFR?cb=defcache2defcache=1&rs=1&pid=ImgDetMain&o=7&rm=302,https://example.com/games/silent-chef-669,TRUE,NULL,2026-01-21 05:43:13.14+00,2026-01-21 05:43:13.14+00,Experience the thrill of Chef in this top-rated Simulation adventure.,0
43716577-ff73-4274-9c14-e3caa6c4f758,Wild Empire,Simulation,https://tse1.mm.bing.net/th/id/OIP.ZPmbOG0_0WBy3RKEJV9muQHaFR?cb=defcache2defcache=1&rs=1&pid=ImgDetMain&o=7&rm=303,https://example.com/games/wild-empire-857,TRUE,NULL,2026-01-21 05:43:13.14+00,2026-01-21 05:43:13.14+00,Join millions of players in this Simulation classic focused on conquer and empires.,0
43e64ac6-b816-4058-bc19-384f1eb0b318,Iron Detective,Action,https://tse1.mm.bing.net/th/id/OIP.ZPmbOG0_0WBy3RKEJV9muQHaFR?cb=defcache2defcache=1&rs=1&pid=ImgDetMain&o=7&rm=304,https://example.com/games/iron-detective-820,TRUE,NULL,2026-01-21 05:43:13.14+00,2026-01-21 05:43:13.14+00,The ultimate Action experience awaits you in Iron Detective.,0
43ee05c0-9b43-4290-997d-1c1bab06835f,Cosmic Robot,Sports,https://tse1.mm.bing.net/th/id/OIP.ZPmbOG0_0WBy3RKEJV9muQHaFR?cb=defcache2defcache=1&rs=1&pid=ImgDetMain&o=7&rm=305,https://example.com/games/cosmic-robot-949,TRUE,NULL,2026-01-21 05:43:13.14+00,2026-01-21 05:43:13.14+00,Manage your way to victory in this exciting Sports game featuring the legendary Robot.,0
43efa272-d589-4f97-a08a-c1f760060a83,Golden Warrior,Arcade,https://tse1.mm.bing.net/th/id/OIP.ZPmbOG0_0WBy3RKEJV9muQHaFR?cb=defcache2defcache=1&rs=1&pid=ImgDetMain&o=7&rm=306,https://example.com/games/golden-warrior-112,TRUE,NULL,2026-01-21 05:43:13.14+00,2026-01-21 05:43:13.14+00,A masterful Arcade journey where you must become the ultimate Warrior.,0
44a2df40-2c9c-4625-8149-67cec2ba8da2,Crystal Pilot,Action,https://tse1.mm.bing.net/th/id/OIP.ZPmbOG0_0WBy3RKEJV9muQHaFR?cb=defcache2defcache=1&rs=1&pid=ImgDetMain&o=7&rm=307,https://example.com/games/crystal-pilot-694,TRUE,NULL,2026-01-21 05:43:13.14+00,2026-01-21 05:43:13.14+00,Fight your way to victory in this exciting Action game featuring the legendary Pilot.,0
45078ea8-9d27-4794-aa20-2540ec60653a,Light Builder,Adventure,https://tse1.mm.bing.net/th/id/OIP.ZPmbOG0_0WBy3RKEJV9muQHaFR?cb=defcache2defcache=1&rs=1&pid=ImgDetMain&o=7&rm=308,https://example.com/games/light-builder-756,TRUE,NULL,2026-01-21 05:43:13.14+00,2026-01-21 05:43:13.14+00,Join millions of players in this Adventure classic focused on survive and builders.,0
45109ad1-1d29-4858-b7e0-e63acd08bd23,Silent Legend,Adventure,https://tse1.mm.bing.net/th/id/OIP.ZPmbOG0_0WBy3RKEJV9muQHaFR?cb=defcache2defcache=1&rs=1&pid=ImgDetMain&o=7&rm=309,https://example.com/games/silent-legend-504,TRUE,NULL,2026-01-21 05:43:13.14+00,2026-01-21 05:43:13.14+00,Experience the thrill of Legend in this top-rated Adventure adventure.,0
451da258-f8fc-44ba-bc3c-9d3ca25530fb,Cyber Dungeon,Puzzle,https://tse1.mm.bing.net/th/id/OIP.ZPmbOG0_0WBy3RKEJV9muQHaFR?cb=defcache2defcache=1&rs=1&pid=ImgDetMain&o=7&rm=310,https://example.com/games/cyber-dungeon-793,TRUE,NULL,2026-01-21 05:43:13.14+00,2026-01-21 05:43:13.14+00,Join millions of players in this Puzzle classic focused on conquer and dungeons.,0
455c5480-4582-45de-aec0-a0b71563ac08,Neon Builder,RPG,https://tse1.mm.bing.net/th/id/OIP.ZPmbOG0_0WBy3RKEJV9muQHaFR?cb=defcache2defcache=1&rs=1&pid=ImgDetMain&o=7&rm=311,https://example.com/games/neon-builder-767,TRUE,NULL,2026-01-21 05:43:13.14+00,2026-01-21 05:43:13.14+00,Join millions of players in this RPG classic focused on survive and builders.,0
455ffefe-ba16-4ea2-9e76-ddfd2888ef04,Light Builder,Action,https://tse1.mm.bing.net/th/id/OIP.ZPmbOG0_0WBy3RKEJV9muQHaFR?cb=defcache2defcache=1&rs=1&pid=ImgDetMain&o=7&rm=312,https://example.com/games/light-builder-265,TRUE,NULL,2026-01-21 05:43:13.14+00,2026-01-21 05:43:13.14+00,Join millions of players in this Action classic focused on survive and builders.,0
45643903-ea1a-4041-b7ec-f50cece72174,Crystal Warrior,Sports,https://tse1.mm.bing.net/th/id/OIP.ZPmbOG0_0WBy3RKEJV9muQHaFR?cb=defcache2defcache=1&rs=1&pid=ImgDetMain&o=7&rm=313,https://example.com/games/crystal-warrior-851,TRUE,NULL,2026-01-21 05:43:13.14+00,2026-01-21 05:43:13.14+00,Experience the thrill of Warrior in this top-rated Sports adventure.,0
4597b47f-5135-46ee-a6d4-4ad443e5a3b0,Furious Builder,Arcade,https://tse1.mm.bing.net/th/id/OIP.ZPmbOG0_0WBy3RKEJV9muQHaFR?cb=defcache2defcache=1&rs=1&pid=ImgDetMain&o=7&rm=314,https://example.com/games/furious-builder-662,TRUE,NULL,2026-01-21 05:43:13.14+00,2026-01-21 05:43:13.14+00,Experience the thrill of Builder in this top-rated Arcade adventure.,0
45b6a522-43c7-458d-ba62-2e42cf6373b4,Furious Farm,Action,https://tse1.mm.bing.net/th/id/OIP.ZPmbOG0_0WBy3RKEJV9muQHaFR?cb=defcache2defcache=1&rs=1&pid=ImgDetMain&o=7&rm=315,https://example.com/games/furious-farm-4,TRUE,NULL,2026-01-21 05:43:13.14+00,2026-01-21 12:57:50.65+00,The ultimate Action experience awaits you in Furious Farm.,0
46d86482-25ac-47e3-9f77-d143d5846a59,Dark Zombie,Racing,https://tse1.mm.bing.net/th/id/OIP.ZPmbOG0_0WBy3RKEJV9muQHaFR?cb=defcache2defcache=1&rs=1&pid=ImgDetMain&o=7&rm=316,https://example.com/games/dark-zombie-725,TRUE,NULL,2026-01-21 05:43:13.14+00,2026-01-21 05:43:13.14+00,A masterful Racing journey where you must become the ultimate Zombie.,0
46eab034-bcd2-4049-9870-9691798ef22e,Wild Zombie,Racing,https://tse1.mm.bing.net/th/id/OIP.ZPmbOG0_0WBy3RKEJV9muQHaFR?cb=defcache2defcache=1&rs=1&pid=ImgDetMain&o=7&rm=317,https://example.com/games/wild-zombie-769,TRUE,NULL,2026-01-21 05:43:13.14+00,2026-01-21 05:43:13.14+00,A masterful Racing journey where you must become the ultimate Zombie.,0
46eeea36-bf8c-43ae-b69c-15d0d33d7f1b,Furious Racer,Puzzle,https://tse1.mm.bing.net/th/id/OIP.ZPmbOG0_0WBy3RKEJV9muQHaFR?cb=defcache2defcache=1&rs=1&pid=ImgDetMain&o=7&rm=318,https://example.com/games/furious-racer-591,TRUE,NULL,2026-01-21 05:43:13.14+00,2026-01-21 05:43:13.14+00,Experience the thrill of Racer in this top-rated Puzzle adventure.,0
473ee1dd-b166-42c5-a1c7-35136ec86389,Furious Empire,Simulation,https://tse1.mm.bing.net/th/id/OIP.ZPmbOG0_0WBy3RKEJV9muQHaFR?cb=defcache2defcache=1&rs=1&pid=ImgDetMain&o=7&rm=319,https://example.com/games/furious-empire-715,TRUE,NULL,2026-01-21 05:43:13.14+00,2026-01-21 05:43:13.14+00,Join millions of players in this Simulation classic focused on conquer and empires.,0
48db27a4-01d3-4acb-b90d-b18751e23f2d,Furious Chef,Action,https://tse1.mm.bing.net/th/id/OIP.ZPmbOG0_0WBy3RKEJV9muQHaFR?cb=defcache2defcache=1&rs=1&pid=ImgDetMain&o=7&rm=320,https://example.com/games/furious-chef-960,TRUE,NULL,2026-01-21 05:43:13.14+00,2026-01-21 05:43:13.14+00,A masterful Action journey where you must become the ultimate Chef.,0
490aaa1e-2984-4a71-b382-8e21c7887b76,Cyber Empire,Strategy,https://tse1.mm.bing.net/th/id/OIP.ZPmbOG0_0WBy3RKEJV9muQHaFR?cb=defcache2defcache=1&rs=1&pid=ImgDetMain&o=7&rm=321,https://example.com/games/cyber-empire-241,TRUE,NULL,2026-01-21 05:43:13.14+00,2026-01-21 13:39:08.48+00,Destroy your way to victory in this exciting Strategy game featuring the legendary Empire.,0
49b763fe-b86b-45d9-a7b8-74f356273c70,Wild Empire,RPG,https://tse1.mm.bing.net/th/id/OIP.ZPmbOG0_0WBy3RKEJV9muQHaFR?cb=defcache2defcache=1&rs=1&pid=ImgDetMain&o=7&rm=322,https://example.com/games/wild-empire-527,TRUE,NULL,2026-01-21 05:43:13.14+00,2026-01-21 05:43:13.14+00,Conquer your way to victory in this exciting RPG game featuring the legendary Empire.,0
49f6252c-2bd0-4d20-8b65-35a2d0b2bd69,Medieval Warrior,Sports,https://tse1.mm.bing.net/th/id/OIP.ZPmbOG0_0WBy3RKEJV9muQHaFR?cb=defcache2defcache=1&rs=1&pid=ImgDetMain&o=7&rm=323,https://example.com/games/medieval-warrior-78,TRUE,NULL,2026-01-21 05:43:13.14+00,2026-01-21 05:43:13.14+00,Experience the thrill of Warrior in this top-rated Sports adventure.,0
4a8c8094-43c9-40d5-821e-da54420e7e9a,Neon Racer,Adventure,https://tse1.mm.bing.net/th/id/OIP.ZPmbOG0_0WBy3RKEJV9muQHaFR?cb=defcache2defcache=1&rs=1&pid=ImgDetMain&o=7&rm=324,https://example.com/games/neon-racer-163,TRUE,NULL,2026-01-21 05:43:13.14+00,2026-01-21 05:43:13.14+00,The ultimate Adventure experience awaits you in Neon Racer.,0
4ab8cd10-23b5-48c7-8b6b-81671e7e2b47,Golden Ninja,Puzzle,https://tse1.mm.bing.net/th/id/OIP.ZPmbOG0_0WBy3RKEJV9muQHaFR?cb=defcache2defcache=1&rs=1&pid=ImgDetMain&o=7&rm=325,https://example.com/games/golden-ninja-305,TRUE,NULL,2026-01-21 05:43:13.14+00,2026-01-21 05:43:13.14+00,Join millions of players in this Puzzle classic focused on build and ninjas.,0
4ad27a38-c2cc-4deb-ac2a-9ae3d9153573,Tiny City,Action,https://tse1.mm.bing.net/th/id/OIP.ZPmbOG0_0WBy3RKEJV9muQHaFR?cb=defcache2defcache=1&rs=1&pid=ImgDetMain&o=7&rm=326,https://example.com/games/tiny-city-525,TRUE,NULL,2026-01-21 05:43:13.14+00,2026-01-21 05:43:13.14+00,Join millions of players in this Action classic focused on explore and citys.,0
4aefb276-7fa2-4eb9-a763-62d73faa5d4d,Dark Farm,Simulation,https://tse1.mm.bing.net/th/id/OIP.ZPmbOG0_0WBy3RKEJV9muQHaFR?cb=defcache2defcache=1&rs=1&pid=ImgDetMain&o=7&rm=327,https://example.com/games/dark-farm-140,TRUE,NULL,2026-01-21 05:43:13.14+00,2026-01-21 05:43:13.14+00,The ultimate Simulation experience awaits you in Dark Farm.,0
4b047b67-360e-4bcd-a76f-9d5b49cf87b9,Medieval Racer,Sports,https://tse1.mm.bing.net/th/id/OIP.ZPmbOG0_0WBy3RKEJV9muQHaFR?cb=defcache2defcache=1&rs=1&pid=ImgDetMain&o=7&rm=328,https://example.com/games/medieval-racer-417,TRUE,NULL,2026-01-21 05:43:13.14+00,2026-01-21 05:43:13.14+00,The ultimate Sports experience awaits you in Medieval Racer.,0
4b156c35-cd8a-4673-b817-81905f45cb4c,Silent Hero,Sports,https://tse1.mm.bing.net/th/id/OIP.ZPmbOG0_0WBy3RKEJV9muQHaFR?cb=defcache2defcache=1&rs=1&pid=ImgDetMain&o=7&rm=329,https://example.com/games/silent-hero-258,TRUE,NULL,2026-01-21 05:43:13.14+00,2026-01-21 05:43:13.14+00,The ultimate Sports experience awaits you in Silent Hero.,0
4b66201a-cac1-4dff-b6c2-7ca353c5f802,Golden Detective,Action,https://tse1.mm.bing.net/th/id/OIP.ZPmbOG0_0WBy3RKEJV9muQHaFR?cb=defcache2defcache=1&rs=1&pid=ImgDetMain&o=7&rm=330,https://example.com/games/golden-detective-897,TRUE,NULL,2026-01-21 05:43:13.14+00,2026-01-21 05:43:13.14+00,The ultimate Action experience awaits you in Golden Detective.,0
4ba7438b-77ca-4fac-a868-cc45b811d2fc,Crystal Chef,Action,https://tse1.mm.bing.net/th/id/OIP.ZPmbOG0_0WBy3RKEJV9muQHaFR?cb=defcache2defcache=1&rs=1&pid=ImgDetMain&o=7&rm=331,https://example.com/games/crystal-chef-789,TRUE,NULL,2026-01-21 05:43:13.14+00,2026-01-21 05:43:13.14+00,Join millions of players in this Action classic focused on fight and chefs.,0
4c8aa9df-041e-4444-866b-d7ff3583c387,Furious City,Racing,https://tse1.mm.bing.net/th/id/OIP.ZPmbOG0_0WBy3RKEJV9muQHaFR?cb=defcache2defcache=1&rs=1&pid=ImgDetMain&o=7&rm=332,https://example.com/games/furious-city-472,TRUE,NULL,2026-01-21 05:43:13.14+00,2026-01-21 05:43:13.14+00,The ultimate Racing experience awaits you in Furious City.,0
4cb557a1-8a05-4440-957d-f43a48be10f5,Mega Empire,Arcade,https://tse1.mm.bing.net/th/id/OIP.ZPmbOG0_0WBy3RKEJV9muQHaFR?cb=defcache2defcache=1&rs=1&pid=ImgDetMain&o=7&rm=333,https://example.com/games/mega-empire-286,TRUE,NULL,2026-01-21 05:43:13.14+00,2026-01-21 05:43:13.14+00,The ultimate Arcade experience awaits you in Mega Empire.,0
4d158dab-fddd-4315-a0e0-6c6d340916e6,Wild Zombie,RPG,https://tse1.mm.bing.net/th/id/OIP.ZPmbOG0_0WBy3RKEJV9muQHaFR?cb=defcache2defcache=1&rs=1&pid=ImgDetMain&o=7&rm=334,https://example.com/games/wild-zombie-675,TRUE,NULL,2026-01-21 05:43:13.14+00,2026-01-21 05:43:13.14+00,A masterful RPG journey where you must become the ultimate Zombie.,0
4d3c0a35-c0da-42f1-bc9a-505f918bb69e,Medieval Dungeon,Strategy,https://tse1.mm.bing.net/th/id/OIP.ZPmbOG0_0WBy3RKEJV9muQHaFR?cb=defcache2defcache=1&rs=1&pid=ImgDetMain&o=7&rm=335,https://example.com/games/medieval-dungeon-604,TRUE,NULL,2026-01-21 05:43:13.14+00,2026-01-21 05:43:13.14+00,A masterful Strategy journey where you must become the ultimate Dungeon.,0
4e61600f-ffb3-4786-828a-b1dc1b300f8e,Wild Chef,Puzzle,https://tse1.mm.bing.net/th/id/OIP.ZPmbOG0_0WBy3RKEJV9muQHaFR?cb=defcache2defcache=1&rs=1&pid=ImgDetMain&o=7&rm=336,https://example.com/games/wild-chef-429,TRUE,NULL,2026-01-21 05:43:13.14+00,2026-01-21 05:43:13.14+00,Experience the thrill of Chef in this top-rated Puzzle adventure.,0
4ea5120b-a631-429e-ae98-59ed597264f1,Cosmic Detective,Sports,https://tse1.mm.bing.net/th/id/OIP.ZPmbOG0_0WBy3RKEJV9muQHaFR?cb=defcache2defcache=1&rs=1&pid=ImgDetMain&o=7&rm=337,https://example.com/games/cosmic-detective-848,TRUE,NULL,2026-01-21 05:43:13.14+00,2026-01-21 05:43:13.14+00,A masterful Sports journey where you must become the ultimate Detective.,0
4ec11ddf-905d-4d3f-9500-681ceb083df2,Furious Pirate,Arcade,https://tse1.mm.bing.net/th/id/OIP.ZPmbOG0_0WBy3RKEJV9muQHaFR?cb=defcache2defcache=1&rs=1&pid=ImgDetMain&o=7&rm=338,https://example.com/games/furious-pirate-399,TRUE,NULL,2026-01-21 05:43:13.14+00,2026-01-21 05:43:13.14+00,Destroy your way to victory in this exciting Arcade game featuring the legendary Pirate.,0
4ed569a5-6173-40f4-8e0b-f7a4f4ff6702,Cosmic Chef,Strategy,https://tse1.mm.bing.net/th/id/OIP.ZPmbOG0_0WBy3RKEJV9muQHaFR?cb=defcache2defcache=1&rs=1&pid=ImgDetMain&o=7&rm=339,https://example.com/games/cosmic-chef-779,TRUE,NULL,2026-01-21 05:43:13.14+00,2026-01-21 05:43:13.14+00,Join millions of players in this Strategy classic focused on explore and chefs.,0
4f5edc5e-1b41-4a9a-88e8-e6b37e511fe8,Mega Pirate,RPG,https://tse1.mm.bing.net/th/id/OIP.ZPmbOG0_0WBy3RKEJV9muQHaFR?cb=defcache2defcache=1&rs=1&pid=ImgDetMain&o=7&rm=340,https://example.com/games/mega-pirate-396,TRUE,NULL,2026-01-21 05:43:13.14+00,2026-01-21 05:43:13.14+00,Join millions of players in this RPG classic focused on solve and pirates.,0
4f638f7d-5a80-4343-8dd4-9b6d260e34c5,Iron Pirate,Strategy,https://tse1.mm.bing.net/th/id/OIP.ZPmbOG0_0WBy3RKEJV9muQHaFR?cb=defcache2defcache=1&rs=1&pid=ImgDetMain&o=7&rm=341,https://example.com/games/iron-pirate-624,TRUE,NULL,2026-01-21 05:43:13.14+00,2026-01-21 05:43:13.14+00,Join millions of players in this Strategy classic focused on conquer and pirates.,0
4f8a8bcc-3210-4e16-8bd6-949b3a56204c,Crystal Empire,Arcade,https://tse1.mm.bing.net/th/id/OIP.ZPmbOG0_0WBy3RKEJV9muQHaFR?cb=defcache2defcache=1&rs=1&pid=ImgDetMain&o=7&rm=342,https://example.com/games/crystal-empire-755,TRUE,NULL,2026-01-21 05:43:13.14+00,2026-01-21 05:43:13.14+00,Survive your way to victory in this exciting Arcade game featuring the legendary Empire.,0
4fdefa72-d6ba-4284-bdbe-4231dc1070b4,Iron Empire,Racing,https://tse1.mm.bing.net/th/id/OIP.ZPmbOG0_0WBy3RKEJV9muQHaFR?cb=defcache2defcache=1&rs=1&pid=ImgDetMain&o=7&rm=343,https://example.com/games/iron-empire-301,TRUE,NULL,2026-01-21 05:43:13.14+00,2026-01-21 05:43:13.14+00,Join millions of players in this Racing classic focused on solve and empires.,0
503de465-de7c-4039-a3e0-3b7193216c94,Golden Detective,Simulation,https://tse1.mm.bing.net/th/id/OIP.ZPmbOG0_0WBy3RKEJV9muQHaFR?cb=defcache2defcache=1&rs=1&pid=ImgDetMain&o=7&rm=344,https://example.com/games/golden-detective-207,TRUE,NULL,2026-01-21 05:43:13.14+00,2026-01-21 05:43:13.14+00,A masterful Simulation journey where you must become the ultimate Detective.,0
50dfba9f-207b-4a67-aa83-69a2fed9a0fa,Light Detective,RPG,https://tse1.mm.bing.net/th/id/OIP.ZPmbOG0_0WBy3RKEJV9muQHaFR?cb=defcache2defcache=1&rs=1&pid=ImgDetMain&o=7&rm=345,https://example.com/games/light-detective-978,TRUE,NULL,2026-01-21 05:43:13.14+00,2026-01-21 05:43:13.14+00,Manage your way to victory in this exciting RPG game featuring the legendary Detective.,0
50efbc29-6de9-4dfd-a986-969529900881,Cosmic Chef,RPG,https://tse1.mm.bing.net/th/id/OIP.ZPmbOG0_0WBy3RKEJV9muQHaFR?cb=defcache2defcache=1&rs=1&pid=ImgDetMain&o=7&rm=346,https://example.com/games/cosmic-chef-142,TRUE,NULL,2026-01-21 05:43:13.14+00,2026-01-21 05:43:13.14+00,A masterful RPG journey where you must become the ultimate Chef.,0
510fd6f7-d579-4234-b71e-d20c05e420ce,Mega Detective,Action,https://tse1.mm.bing.net/th/id/OIP.ZPmbOG0_0WBy3RKEJV9muQHaFR?cb=defcache2defcache=1&rs=1&pid=ImgDetMain&o=7&rm=347,https://example.com/games/mega-detective-986,TRUE,NULL,2026-01-21 05:43:13.14+00,2026-01-21 12:59:13.396+00,Join millions of players in this Action classic focused on race and detectives.,0
51683925-7bee-4534-b404-c080cfd77e2b,Tiny Detective,Horror,https://tse1.mm.bing.net/th/id/OIP.ZPmbOG0_0WBy3RKEJV9muQHaFR?cb=defcache2defcache=1&rs=1&pid=ImgDetMain&o=7&rm=348,https://example.com/games/tiny-detective-859,TRUE,NULL,2026-01-21 05:43:13.14+00,2026-01-21 05:43:13.14+00,Join millions of players in this Horror classic focused on destroy and detectives.,0
51b0fe15-ac76-45c4-a256-89af035a7b59,Light City,Action,https://tse1.mm.bing.net/th/id/OIP.ZPmbOG0_0WBy3RKEJV9muQHaFR?cb=defcache2defcache=1&rs=1&pid=ImgDetMain&o=7&rm=349,https://example.com/games/light-city-42,TRUE,NULL,2026-01-21 05:43:13.14+00,2026-01-21 05:43:13.14+00,Join millions of players in this Action classic focused on manage and citys.,0
5214e149-508d-44c1-ba42-adc0a7ce8316,Neon City,Adventure,https://tse1.mm.bing.net/th/id/OIP.ZPmbOG0_0WBy3RKEJV9muQHaFR?cb=defcache2defcache=1&rs=1&pid=ImgDetMain&o=7&rm=350,https://example.com/games/neon-city-666,TRUE,NULL,2026-01-21 05:43:13.14+00,2026-01-21 05:43:13.14+00,Experience the thrill of City in this top-rated Adventure adventure.,0
5235b58c-e053-482e-8517-7ca0fa2fa959,Mega Farm,Action,https://tse1.mm.bing.net/th/id/OIP.ZPmbOG0_0WBy3RKEJV9muQHaFR?cb=defcache2defcache=1&rs=1&pid=ImgDetMain&o=7&rm=351,https://example.com/games/mega-farm-637,TRUE,NULL,2026-01-21 05:43:13.14+00,2026-01-21 05:43:13.14+00,The ultimate Action experience awaits you in Mega Farm.,0
524578d9-e259-44ed-b21d-483e8746bb26,Golden Racer,Action,https://tse1.mm.bing.net/th/id/OIP.ZPmbOG0_0WBy3RKEJV9muQHaFR?cb=defcache2defcache=1&rs=1&pid=ImgDetMain&o=7&rm=352,https://example.com/games/golden-racer-449,TRUE,NULL,2026-01-21 05:43:13.14+00,2026-01-21 05:43:13.14+00,Experience the thrill of Racer in this top-rated Action adventure.,0
52547b9b-3416-4a5d-91f2-7ced077f8f26,Epic Chef,Strategy,https://tse1.mm.bing.net/th/id/OIP.ZPmbOG0_0WBy3RKEJV9muQHaFR?cb=defcache2defcache=1&rs=1&pid=ImgDetMain&o=7&rm=353,https://example.com/games/epic-chef-553,TRUE,NULL,2026-01-21 05:43:13.14+00,2026-01-21 05:43:13.14+00,A masterful Strategy journey where you must become the ultimate Chef.,0
525fb873-5d7b-4c1b-80b7-084597b712cb,Cosmic Empire,Action,https://tse1.mm.bing.net/th/id/OIP.ZPmbOG0_0WBy3RKEJV9muQHaFR?cb=defcache2defcache=1&rs=1&pid=ImgDetMain&o=7&rm=354,https://example.com/games/cosmic-empire-157,TRUE,NULL,2026-01-21 05:43:13.14+00,2026-01-21 05:43:13.14+00,Manage your way to victory in this exciting Action game featuring the legendary Empire.,0
52ebff87-56b1-4225-8ca8-36f224d63657,Golden Builder,RPG,https://tse1.mm.bing.net/th/id/OIP.ZPmbOG0_0WBy3RKEJV9muQHaFR?cb=defcache2defcache=1&rs=1&pid=ImgDetMain&o=7&rm=355,https://example.com/games/golden-builder-357,TRUE,NULL,2026-01-21 05:43:13.14+00,2026-01-21 05:43:13.14+00,The ultimate RPG experience awaits you in Golden Builder.,0
53152b7b-9131-4548-bc9a-0bb2a77e5a4c,Mega Ninja,Horror,https://tse1.mm.bing.net/th/id/OIP.ZPmbOG0_0WBy3RKEJV9muQHaFR?cb=defcache2defcache=1&rs=1&pid=ImgDetMain&o=7&rm=356,https://example.com/games/mega-ninja-55,TRUE,NULL,2026-01-21 05:43:13.14+00,2026-01-21 05:43:13.14+00,Explore your way to victory in this exciting Horror game featuring the legendary Ninja.,0
53a681d6-a15e-496c-a5f0-f12463841ae3,Mega Zombie,Racing,https://tse1.mm.bing.net/th/id/OIP.ZPmbOG0_0WBy3RKEJV9muQHaFR?cb=defcache2defcache=1&rs=1&pid=ImgDetMain&o=7&rm=357,https://example.com/games/mega-zombie-18,TRUE,NULL,2026-01-21 05:43:13.14+00,2026-01-21 05:43:13.14+00,Join millions of players in this Racing classic focused on survive and zombies.,0
5450f15b-0834-4f71-bcb1-b2308f0ce128,Tiny Chef,Horror,https://tse1.mm.bing.net/th/id/OIP.ZPmbOG0_0WBy3RKEJV9muQHaFR?cb=defcache2defcache=1&rs=1&pid=ImgDetMain&o=7&rm=358,https://example.com/games/tiny-chef-810,TRUE,NULL,2026-01-21 05:43:13.14+00,2026-01-21 05:43:13.14+00,The ultimate Horror experience awaits you in Tiny Chef.,0
547126c5-e94a-4420-86b3-13b797f70953,Light Zombie,RPG,https://tse1.mm.bing.net/th/id/OIP.ZPmbOG0_0WBy3RKEJV9muQHaFR?cb=defcache2defcache=1&rs=1&pid=ImgDetMain&o=7&rm=359,https://example.com/games/light-zombie-299,TRUE,NULL,2026-01-21 05:43:13.14+00,2026-01-21 05:43:13.14+00,A masterful RPG journey where you must become the ultimate Zombie.,0
55647956-118a-4792-8a1e-ba4a46430d74,Light Builder,Puzzle,https://tse1.mm.bing.net/th/id/OIP.ZPmbOG0_0WBy3RKEJV9muQHaFR?cb=defcache2defcache=1&rs=1&pid=ImgDetMain&o=7&rm=360,https://example.com/games/light-builder-757,TRUE,NULL,2026-01-21 05:43:13.14+00,2026-01-21 05:43:13.14+00,A masterful Puzzle journey where you must become the ultimate Builder.,0
55961b3c-934c-4179-9417-45c8b45fc6de,Tiny Zombie,Simulation,https://tse1.mm.bing.net/th/id/OIP.ZPmbOG0_0WBy3RKEJV9muQHaFR?cb=defcache2defcache=1&rs=1&pid=ImgDetMain&o=7&rm=361,https://example.com/games/tiny-zombie-111,TRUE,NULL,2026-01-21 05:43:13.14+00,2026-01-21 05:43:13.14+00,A masterful Simulation journey where you must become the ultimate Zombie.,0
55a872ae-a293-42c6-b814-384e05580994,Mega Ninja,Simulation,https://tse1.mm.bing.net/th/id/OIP.ZPmbOG0_0WBy3RKEJV9muQHaFR?cb=defcache2defcache=1&rs=1&pid=ImgDetMain&o=7&rm=362,https://example.com/games/mega-ninja-990,TRUE,NULL,2026-01-21 05:43:13.14+00,2026-01-21 05:43:13.14+00,Destroy your way to victory in this exciting Simulation game featuring the legendary Ninja.,0
55b70c5b-5464-44ff-894e-c56755466e86,Medieval Hero,Puzzle,https://tse1.mm.bing.net/th/id/OIP.ZPmbOG0_0WBy3RKEJV9muQHaFR?cb=defcache2defcache=1&rs=1&pid=ImgDetMain&o=7&rm=363,https://example.com/games/medieval-hero-408,TRUE,NULL,2026-01-21 05:43:13.14+00,2026-01-21 05:43:13.14+00,Experience the thrill of Hero in this top-rated Puzzle adventure.,0
56a78c60-7ece-4d20-a68d-2f226d61e471,Mega Dungeon,Strategy,https://tse1.mm.bing.net/th/id/OIP.ZPmbOG0_0WBy3RKEJV9muQHaFR?cb=defcache2defcache=1&rs=1&pid=ImgDetMain&o=7&rm=364,https://example.com/games/mega-dungeon-240,TRUE,NULL,2026-01-21 05:43:13.14+00,2026-01-21 13:39:08.48+00,Fight your way to victory in this exciting Strategy game featuring the legendary Dungeon.,0
56ec53c5-188e-4bbc-8c63-aa4f7419b5ec,Light City,Horror,https://tse1.mm.bing.net/th/id/OIP.ZPmbOG0_0WBy3RKEJV9muQHaFR?cb=defcache2defcache=1&rs=1&pid=ImgDetMain&o=7&rm=365,https://example.com/games/light-city-385,TRUE,NULL,2026-01-21 05:43:13.14+00,2026-01-21 05:43:13.14+00,Experience the thrill of City in this top-rated Horror adventure.,0
57451213-3084-411b-8b44-fdd5461821a0,Dark Pirate,Puzzle,https://tse1.mm.bing.net/th/id/OIP.ZPmbOG0_0WBy3RKEJV9muQHaFR?cb=defcache2defcache=1&rs=1&pid=ImgDetMain&o=7&rm=366,https://example.com/games/dark-pirate-423,TRUE,NULL,2026-01-21 05:43:13.14+00,2026-01-21 05:43:13.14+00,Manage your way to victory in this exciting Puzzle game featuring the legendary Pirate.,0
5760f7f5-94d9-47a0-89ab-89f7ebb04dc4,Super Racer,Sports,https://tse1.mm.bing.net/th/id/OIP.ZPmbOG0_0WBy3RKEJV9muQHaFR?cb=defcache2defcache=1&rs=1&pid=ImgDetMain&o=7&rm=367,https://example.com/games/super-racer-513,TRUE,NULL,2026-01-21 05:43:13.14+00,2026-01-21 05:43:13.14+00,The ultimate Sports experience awaits you in Super Racer.,0
57996deb-e6e4-4cdd-ab9e-48efde714a44,Cyber Hero,Arcade,https://tse1.mm.bing.net/th/id/OIP.ZPmbOG0_0WBy3RKEJV9muQHaFR?cb=defcache2defcache=1&rs=1&pid=ImgDetMain&o=7&rm=368,https://example.com/games/cyber-hero-526,TRUE,NULL,2026-01-21 05:43:13.14+00,2026-01-21 05:43:13.14+00,A masterful Arcade journey where you must become the ultimate Hero.,0
57abe321-bcf5-42a8-87c2-4fa92b2131d7,Dark City,Puzzle,https://tse1.mm.bing.net/th/id/OIP.ZPmbOG0_0WBy3RKEJV9muQHaFR?cb=defcache2defcache=1&rs=1&pid=ImgDetMain&o=7&rm=369,https://example.com/games/dark-city-621,TRUE,NULL,2026-01-21 05:43:13.14+00,2026-01-21 05:43:13.14+00,The ultimate Puzzle experience awaits you in Dark City.,0
5800415e-a59d-4766-8524-cef87eeb5ab0,Wild Farm,Horror,https://tse1.mm.bing.net/th/id/OIP.ZPmbOG0_0WBy3RKEJV9muQHaFR?cb=defcache2defcache=1&rs=1&pid=ImgDetMain&o=7&rm=370,https://example.com/games/wild-farm-968,TRUE,NULL,2026-01-21 05:43:13.14+00,2026-01-21 05:43:13.14+00,The ultimate Horror experience awaits you in Wild Farm.,0
5818fba3-2519-45b9-b722-888720cb6bad,Light Builder,Sports,https://tse1.mm.bing.net/th/id/OIP.ZPmbOG0_0WBy3RKEJV9muQHaFR?cb=defcache2defcache=1&rs=1&pid=ImgDetMain&o=7&rm=371,https://example.com/games/light-builder-30,TRUE,NULL,2026-01-21 05:43:13.14+00,2026-01-21 05:43:13.14+00,The ultimate Sports experience awaits you in Light Builder.,0
58443ac3-e2ff-4671-8007-141d41e1a66b,Silent Warrior,Simulation,https://tse1.mm.bing.net/th/id/OIP.ZPmbOG0_0WBy3RKEJV9muQHaFR?cb=defcache2defcache=1&rs=1&pid=ImgDetMain&o=7&rm=372,https://example.com/games/silent-warrior-160,TRUE,NULL,2026-01-21 05:43:13.14+00,2026-01-21 05:43:13.14+00,Explore your way to victory in this exciting Simulation game featuring the legendary Warrior.,0
58470448-46cc-4c0a-9931-3fa36c8265a9,Light Warrior,Arcade,https://tse1.mm.bing.net/th/id/OIP.ZPmbOG0_0WBy3RKEJV9muQHaFR?cb=defcache2defcache=1&rs=1&pid=ImgDetMain&o=7&rm=373,https://example.com/games/light-warrior-940,TRUE,NULL,2026-01-21 05:43:13.14+00,2026-01-21 05:43:13.14+00,The ultimate Arcade experience awaits you in Light Warrior.,0
5855ad4c-4b9a-4110-910b-e4c65a3bd810,Epic Pilot,Puzzle,https://tse1.mm.bing.net/th/id/OIP.ZPmbOG0_0WBy3RKEJV9muQHaFR?cb=defcache2defcache=1&rs=1&pid=ImgDetMain&o=7&rm=374,https://example.com/games/epic-pilot-650,TRUE,NULL,2026-01-21 05:43:13.14+00,2026-01-21 05:43:13.14+00,Experience the thrill of Pilot in this top-rated Puzzle adventure.,0
5857cdd1-b5b7-4471-a6d4-6e75859579ee,Super Detective,Racing,https://tse1.mm.bing.net/th/id/OIP.ZPmbOG0_0WBy3RKEJV9muQHaFR?cb=defcache2defcache=1&rs=1&pid=ImgDetMain&o=7&rm=375,https://example.com/games/super-detective-529,TRUE,NULL,2026-01-21 05:43:13.14+00,2026-01-21 05:43:13.14+00,Fight your way to victory in this exciting Racing game featuring the legendary Detective.,0
58a26c67-cccd-415e-9a84-32c1263c3b54,Iron Builder,Strategy,https://tse1.mm.bing.net/th/id/OIP.ZPmbOG0_0WBy3RKEJV9muQHaFR?cb=defcache2defcache=1&rs=1&pid=ImgDetMain&o=7&rm=376,https://example.com/games/iron-builder-146,TRUE,NULL,2026-01-21 05:43:13.14+00,2026-01-21 13:39:08.48+00,Experience the thrill of Builder in this top-rated Strategy adventure.,0
58dfd2e1-72e8-45a2-8c17-c4fb784e32a1,Super City,Horror,https://tse1.mm.bing.net/th/id/OIP.ZPmbOG0_0WBy3RKEJV9muQHaFR?cb=defcache2defcache=1&rs=1&pid=ImgDetMain&o=7&rm=377,https://example.com/games/super-city-877,TRUE,NULL,2026-01-21 05:43:13.14+00,2026-01-21 05:43:13.14+00,Conquer your way to victory in this exciting Horror game featuring the legendary City.,0
5917a93d-f886-44ee-84d6-34d5ddd1f8fc,Silent Zombie,Arcade,https://tse1.mm.bing.net/th/id/OIP.ZPmbOG0_0WBy3RKEJV9muQHaFR?cb=defcache2defcache=1&rs=1&pid=ImgDetMain&o=7&rm=378,https://example.com/games/silent-zombie-917,TRUE,NULL,2026-01-21 05:43:13.14+00,2026-01-21 05:43:13.14+00,Join millions of players in this Arcade classic focused on destroy and zombies.,0
59715799-6cb9-4d75-9be5-ee2b530f77b4,Dark Pirate,Arcade,https://tse1.mm.bing.net/th/id/OIP.ZPmbOG0_0WBy3RKEJV9muQHaFR?cb=defcache2defcache=1&rs=1&pid=ImgDetMain&o=7&rm=379,https://example.com/games/dark-pirate-57,TRUE,NULL,2026-01-21 05:43:13.14+00,2026-01-21 05:43:13.14+00,The ultimate Arcade experience awaits you in Dark Pirate.,0
599b188f-0e86-4c90-aea8-363e015f126c,Silent Pirate,RPG,https://tse1.mm.bing.net/th/id/OIP.ZPmbOG0_0WBy3RKEJV9muQHaFR?cb=defcache2defcache=1&rs=1&pid=ImgDetMain&o=7&rm=380,https://example.com/games/silent-pirate-490,TRUE,NULL,2026-01-21 05:43:13.14+00,2026-01-21 05:43:13.14+00,The ultimate RPG experience awaits you in Silent Pirate.,0
59f5156a-7efd-43c2-973f-4560b54bd565,Iron Empire,Sports,https://tse1.mm.bing.net/th/id/OIP.ZPmbOG0_0WBy3RKEJV9muQHaFR?cb=defcache2defcache=1&rs=1&pid=ImgDetMain&o=7&rm=381,https://example.com/games/iron-empire-469,TRUE,NULL,2026-01-21 05:43:13.14+00,2026-01-21 05:43:13.14+00,Destroy your way to victory in this exciting Sports game featuring the legendary Empire.,0
5a3755ef-3f37-4e41-a4de-b63080bc96ae,Dark Zombie,Arcade,https://tse1.mm.bing.net/th/id/OIP.ZPmbOG0_0WBy3RKEJV9muQHaFR?cb=defcache2defcache=1&rs=1&pid=ImgDetMain&o=7&rm=382,https://example.com/games/dark-zombie-596,TRUE,NULL,2026-01-21 05:43:13.14+00,2026-01-21 05:43:13.14+00,The ultimate Arcade experience awaits you in Dark Zombie.,0
5a599766-19b2-46c0-b878-f5e47642599d,Tiny Racer,Puzzle,https://tse1.mm.bing.net/th/id/OIP.ZPmbOG0_0WBy3RKEJV9muQHaFR?cb=defcache2defcache=1&rs=1&pid=ImgDetMain&o=7&rm=383,https://example.com/games/tiny-racer-731,TRUE,NULL,2026-01-21 05:43:13.14+00,2026-01-21 05:43:13.14+00,Manage your way to victory in this exciting Puzzle game featuring the legendary Racer.,0
5af249bf-b93e-4b8b-85d4-2ac1e60dcbdf,Silent Builder,RPG,https://tse1.mm.bing.net/th/id/OIP.ZPmbOG0_0WBy3RKEJV9muQHaFR?cb=defcache2defcache=1&rs=1&pid=ImgDetMain&o=7&rm=384,https://example.com/games/silent-builder-843,TRUE,NULL,2026-01-21 05:43:13.14+00,2026-01-21 05:43:13.14+00,Experience the thrill of Builder in this top-rated RPG adventure.,0
5b131740-3adf-4cea-8a8d-0f431f654710,Cyber City,Strategy,https://tse1.mm.bing.net/th/id/OIP.ZPmbOG0_0WBy3RKEJV9muQHaFR?cb=defcache2defcache=1&rs=1&pid=ImgDetMain&o=7&rm=385,https://example.com/games/cyber-city-700,TRUE,NULL,2026-01-21 05:43:13.14+00,2026-01-21 05:43:13.14+00,A masterful Strategy journey where you must become the ultimate City.,0
5b306346-67ea-40d9-b34d-827324de6177,Golden Hero,Sports,https://tse1.mm.bing.net/th/id/OIP.ZPmbOG0_0WBy3RKEJV9muQHaFR?cb=defcache2defcache=1&rs=1&pid=ImgDetMain&o=7&rm=386,https://example.com/games/golden-hero-298,TRUE,NULL,2026-01-21 05:43:13.14+00,2026-01-21 05:43:13.14+00,Join millions of players in this Sports classic focused on destroy and heros.,0
5b47a93d-2edf-4c9f-b456-cd0a330a74ac,Iron Zombie,Horror,https://tse1.mm.bing.net/th/id/OIP.ZPmbOG0_0WBy3RKEJV9muQHaFR?cb=defcache2defcache=1&rs=1&pid=ImgDetMain&o=7&rm=387,https://example.com/games/iron-zombie-106,TRUE,NULL,2026-01-21 05:43:13.14+00,2026-01-21 05:43:13.14+00,A masterful Horror journey where you must become the ultimate Zombie.,0
5bb559e0-05df-42c8-8ec3-68516033bd0b,Wild Legend,Sports,https://tse1.mm.bing.net/th/id/OIP.ZPmbOG0_0WBy3RKEJV9muQHaFR?cb=defcache2defcache=1&rs=1&pid=ImgDetMain&o=7&rm=388,https://example.com/games/wild-legend-742,TRUE,NULL,2026-01-21 05:43:13.14+00,2026-01-21 05:43:13.14+00,A masterful Sports journey where you must become the ultimate Legend.,0
5c3d9c8c-26d3-4d7f-8380-c954aae7087f,Crystal Builder,Horror,https://tse1.mm.bing.net/th/id/OIP.ZPmbOG0_0WBy3RKEJV9muQHaFR?cb=defcache2defcache=1&rs=1&pid=ImgDetMain&o=7&rm=389,https://example.com/games/crystal-builder-475,TRUE,NULL,2026-01-21 05:43:13.14+00,2026-01-21 05:43:13.14+00,The ultimate Horror experience awaits you in Crystal Builder.,0
5c685818-e3e2-4c5b-a4a7-219620b2202e,Epic Robot,Sports,https://tse1.mm.bing.net/th/id/OIP.ZPmbOG0_0WBy3RKEJV9muQHaFR?cb=defcache2defcache=1&rs=1&pid=ImgDetMain&o=7&rm=390,https://example.com/games/epic-robot-942,TRUE,NULL,2026-01-21 05:43:13.14+00,2026-01-21 05:43:13.14+00,A masterful Sports journey where you must become the ultimate Robot.,0
5c8f21a4-664b-4ceb-8566-1506d99ce021,Golden Legend,Horror,https://tse1.mm.bing.net/th/id/OIP.ZPmbOG0_0WBy3RKEJV9muQHaFR?cb=defcache2defcache=1&rs=1&pid=ImgDetMain&o=7&rm=391,https://example.com/games/golden-legend-626,TRUE,NULL,2026-01-21 05:43:13.14+00,2026-01-21 05:43:13.14+00,Defend your way to victory in this exciting Horror game featuring the legendary Legend.,0
5cbcbd3a-cf18-4239-9c69-ef31a0918935,Cosmic Hero,Arcade,https://tse1.mm.bing.net/th/id/OIP.ZPmbOG0_0WBy3RKEJV9muQHaFR?cb=defcache2defcache=1&rs=1&pid=ImgDetMain&o=7&rm=392,https://example.com/games/cosmic-hero-54,TRUE,NULL,2026-01-21 05:43:13.14+00,2026-01-21 05:43:13.14+00,The ultimate Arcade experience awaits you in Cosmic Hero.,0
5cbf8ca1-8b44-4bb2-b06c-8eee08015b5b,Silent Hero,Puzzle,https://tse1.mm.bing.net/th/id/OIP.ZPmbOG0_0WBy3RKEJV9muQHaFR?cb=defcache2defcache=1&rs=1&pid=ImgDetMain&o=7&rm=393,https://example.com/games/silent-hero-123,TRUE,NULL,2026-01-21 05:43:13.14+00,2026-01-21 05:43:13.14+00,The ultimate Puzzle experience awaits you in Silent Hero.,0
5cd9de65-1767-41d1-b136-63c9870dd846,Silent Legend,RPG,https://tse1.mm.bing.net/th/id/OIP.ZPmbOG0_0WBy3RKEJV9muQHaFR?cb=defcache2defcache=1&rs=1&pid=ImgDetMain&o=7&rm=394,https://example.com/games/silent-legend-861,TRUE,NULL,2026-01-21 05:43:13.14+00,2026-01-21 05:43:13.14+00,Survive your way to victory in this exciting RPG game featuring the legendary Legend.,0
5ce3d6ff-817c-4934-866e-54285e60fd4c,Silent Zombie,Sports,https://tse1.mm.bing.net/th/id/OIP.ZPmbOG0_0WBy3RKEJV9muQHaFR?cb=defcache2defcache=1&rs=1&pid=ImgDetMain&o=7&rm=395,https://example.com/games/silent-zombie-996,TRUE,NULL,2026-01-21 05:43:13.14+00,2026-01-21 05:43:13.14+00,A masterful Sports journey where you must become the ultimate Zombie.,0
5ced835d-ce9e-4392-bfc1-03145c5f9f8d,Neon Robot,Arcade,https://tse1.mm.bing.net/th/id/OIP.ZPmbOG0_0WBy3RKEJV9muQHaFR?cb=defcache2defcache=1&rs=1&pid=ImgDetMain&o=7&rm=396,https://example.com/games/neon-robot-627,TRUE,NULL,2026-01-21 05:43:13.14+00,2026-01-21 05:43:13.14+00,Experience the thrill of Robot in this top-rated Arcade adventure.,0
5d205d14-3479-47c0-9c33-595fcf29faa6,Super Farm,RPG,https://tse1.mm.bing.net/th/id/OIP.ZPmbOG0_0WBy3RKEJV9muQHaFR?cb=defcache2defcache=1&rs=1&pid=ImgDetMain&o=7&rm=397,https://example.com/games/super-farm-838,TRUE,NULL,2026-01-21 05:43:13.14+00,2026-01-21 05:43:13.14+00,The ultimate RPG experience awaits you in Super Farm.,0
5d302cc2-ae5a-4f8c-affd-73a648bfabda,Dark Robot,RPG,https://tse1.mm.bing.net/th/id/OIP.ZPmbOG0_0WBy3RKEJV9muQHaFR?cb=defcache2defcache=1&rs=1&pid=ImgDetMain&o=7&rm=398,https://example.com/games/dark-robot-433,TRUE,NULL,2026-01-21 05:43:13.14+00,2026-01-21 05:43:13.14+00,Conquer your way to victory in this exciting RPG game featuring the legendary Robot.,0
5dc4a98c-7713-4b9d-bcc3-5a23d45ddd05,Dark Hero,Horror,https://tse1.mm.bing.net/th/id/OIP.ZPmbOG0_0WBy3RKEJV9muQHaFR?cb=defcache2defcache=1&rs=1&pid=ImgDetMain&o=7&rm=399,https://example.com/games/dark-hero-365,TRUE,NULL,2026-01-21 05:43:13.14+00,2026-01-21 05:43:13.14+00,A masterful Horror journey where you must become the ultimate Hero.,0
5dcdc93f-7195-4823-b95d-9df71d8fb63b,Silent City,RPG,https://tse1.mm.bing.net/th/id/OIP.ZPmbOG0_0WBy3RKEJV9muQHaFR?cb=defcache2defcache=1&rs=1&pid=ImgDetMain&o=7&rm=400,https://example.com/games/silent-city-150,TRUE,NULL,2026-01-21 05:43:13.14+00,2026-01-21 05:43:13.14+00,The ultimate RPG experience awaits you in Silent City.,0
5e1ecee5-fd90-4913-bfec-9b2d4d2eea3a,Neon Builder,Strategy,https://tse1.mm.bing.net/th/id/OIP.ZPmbOG0_0WBy3RKEJV9muQHaFR?cb=defcache2defcache=1&rs=1&pid=ImgDetMain&o=7&rm=401,https://example.com/games/neon-builder-825,TRUE,NULL,2026-01-21 05:43:13.14+00,2026-01-21 05:43:13.14+00,Join millions of players in this Strategy classic focused on solve and builders.,0
5e3c222c-3784-4727-a281-254f3343f446,Golden Chef,Sports,https://tse1.mm.bing.net/th/id/OIP.ZPmbOG0_0WBy3RKEJV9muQHaFR?cb=defcache2defcache=1&rs=1&pid=ImgDetMain&o=7&rm=402,https://example.com/games/golden-chef-722,TRUE,NULL,2026-01-21 05:43:13.14+00,2026-01-21 05:43:13.14+00,Build your way to victory in this exciting Sports game featuring the legendary Chef.,0
5e9f9d7a-57f8-4fa2-9b65-88a0a2706839,Furious Builder,Action,https://tse1.mm.bing.net/th/id/OIP.ZPmbOG0_0WBy3RKEJV9muQHaFR?cb=defcache2defcache=1&rs=1&pid=ImgDetMain&o=7&rm=403,https://example.com/games/furious-builder-93,TRUE,NULL,2026-01-21 05:43:13.14+00,2026-01-21 05:43:13.14+00,A masterful Action journey where you must become the ultimate Builder.,0
5ebb6cdd-3042-4ed7-8d65-f288167f8760,Golden Legend,Puzzle,https://tse1.mm.bing.net/th/id/OIP.ZPmbOG0_0WBy3RKEJV9muQHaFR?cb=defcache2defcache=1&rs=1&pid=ImgDetMain&o=7&rm=404,https://example.com/games/golden-legend-262,TRUE,NULL,2026-01-21 05:43:13.14+00,2026-01-21 05:43:13.14+00,A masterful Puzzle journey where you must become the ultimate Legend.,0
5ec97795-6980-4171-bda0-740464cc1af7,Wild Racer,Adventure,https://tse1.mm.bing.net/th/id/OIP.ZPmbOG0_0WBy3RKEJV9muQHaFR?cb=defcache2defcache=1&rs=1&pid=ImgDetMain&o=7&rm=405,https://example.com/games/wild-racer-336,TRUE,NULL,2026-01-21 05:43:13.14+00,2026-01-21 05:43:13.14+00,A masterful Adventure journey where you must become the ultimate Racer.,0
5f2442eb-e392-47be-8069-422209a38b7e,Furious Empire,Strategy,https://tse1.mm.bing.net/th/id/OIP.ZPmbOG0_0WBy3RKEJV9muQHaFR?cb=defcache2defcache=1&rs=1&pid=ImgDetMain&o=7&rm=406,https://example.com/games/furious-empire-155,TRUE,NULL,2026-01-21 05:43:13.14+00,2026-01-21 13:39:08.48+00,The ultimate Strategy experience awaits you in Furious Empire.,0
5f2e4526-d2ac-42c0-9c87-8dfdced9f936,Iron Pilot,Arcade,https://tse1.mm.bing.net/th/id/OIP.ZPmbOG0_0WBy3RKEJV9muQHaFR?cb=defcache2defcache=1&rs=1&pid=ImgDetMain&o=7&rm=407,https://example.com/games/iron-pilot-201,TRUE,NULL,2026-01-21 05:43:13.14+00,2026-01-21 05:43:13.14+00,Experience the thrill of Pilot in this top-rated Arcade adventure.,0
5f7a86dc-d2bc-4b6d-a1bf-532f3de7eabb,Cyber Dungeon,RPG,https://tse1.mm.bing.net/th/id/OIP.ZPmbOG0_0WBy3RKEJV9muQHaFR?cb=defcache2defcache=1&rs=1&pid=ImgDetMain&o=7&rm=408,https://example.com/games/cyber-dungeon-671,TRUE,NULL,2026-01-21 05:43:13.14+00,2026-01-21 05:43:13.14+00,Conquer your way to victory in this exciting RPG game featuring the legendary Dungeon.,0
5fba3f2c-beaf-4e05-bc8d-5479bdd9f326,Epic Pilot,Puzzle,https://tse1.mm.bing.net/th/id/OIP.ZPmbOG0_0WBy3RKEJV9muQHaFR?cb=defcache2defcache=1&rs=1&pid=ImgDetMain&o=7&rm=409,https://example.com/games/epic-pilot-14,TRUE,NULL,2026-01-21 05:43:13.14+00,2026-01-21 05:43:13.14+00,A masterful Puzzle journey where you must become the ultimate Pilot.,0
5fd35c50-125e-454e-9a7e-23985cdb5fe1,Tiny Zombie,Action,https://tse1.mm.bing.net/th/id/OIP.ZPmbOG0_0WBy3RKEJV9muQHaFR?cb=defcache2defcache=1&rs=1&pid=ImgDetMain&o=7&rm=410,https://example.com/games/tiny-zombie-799,TRUE,NULL,2026-01-21 05:43:13.14+00,2026-01-21 05:43:13.14+00,The ultimate Action experience awaits you in Tiny Zombie.,0
6018c5a9-de03-42fa-b25f-c7dac7b7aa72,Tiny Detective,Arcade,https://tse1.mm.bing.net/th/id/OIP.ZPmbOG0_0WBy3RKEJV9muQHaFR?cb=defcache2defcache=1&rs=1&pid=ImgDetMain&o=7&rm=411,https://example.com/games/tiny-detective-870,TRUE,NULL,2026-01-21 05:43:13.14+00,2026-01-21 05:43:13.14+00,Destroy your way to victory in this exciting Arcade game featuring the legendary Detective.,0
603c37e1-bfb8-4840-a838-29ffdde6af07,Mega Robot,Puzzle,https://tse1.mm.bing.net/th/id/OIP.ZPmbOG0_0WBy3RKEJV9muQHaFR?cb=defcache2defcache=1&rs=1&pid=ImgDetMain&o=7&rm=412,https://example.com/games/mega-robot-219,TRUE,NULL,2026-01-21 05:43:13.14+00,2026-01-21 05:43:13.14+00,A masterful Puzzle journey where you must become the ultimate Robot.,0
6044e6ae-93af-46f9-bb15-31f4e8b1aa83,Tiny Robot,Strategy,https://tse1.mm.bing.net/th/id/OIP.ZPmbOG0_0WBy3RKEJV9muQHaFR?cb=defcache2defcache=1&rs=1&pid=ImgDetMain&o=7&rm=413,https://example.com/games/tiny-robot-190,TRUE,NULL,2026-01-21 05:43:13.14+00,2026-01-21 13:39:08.48+00,Join millions of players in this Strategy classic focused on build and robots.,0
606caa40-4dca-44d4-b07d-777c82d7831e,Mega Robot,Action,https://tse1.mm.bing.net/th/id/OIP.ZPmbOG0_0WBy3RKEJV9muQHaFR?cb=defcache2defcache=1&rs=1&pid=ImgDetMain&o=7&rm=414,https://example.com/games/mega-robot-887,TRUE,NULL,2026-01-21 05:43:13.14+00,2026-01-21 05:43:13.14+00,The ultimate Action experience awaits you in Mega Robot.,0
60df4d1a-57b7-4d13-aa8e-0d41e4b099b4,Cyber Builder,Racing,https://tse1.mm.bing.net/th/id/OIP.ZPmbOG0_0WBy3RKEJV9muQHaFR?cb=defcache2defcache=1&rs=1&pid=ImgDetMain&o=7&rm=415,https://example.com/games/cyber-builder-905,TRUE,NULL,2026-01-21 05:43:13.14+00,2026-01-21 05:43:13.14+00,A masterful Racing journey where you must become the ultimate Builder.,0
60e8ca8d-1223-4738-9a5d-d5931c785d56,Silent Pirate,Adventure,https://tse1.mm.bing.net/th/id/OIP.ZPmbOG0_0WBy3RKEJV9muQHaFR?cb=defcache2defcache=1&rs=1&pid=ImgDetMain&o=7&rm=416,https://example.com/games/silent-pirate-698,TRUE,NULL,2026-01-21 05:43:13.14+00,2026-01-21 05:43:13.14+00,Join millions of players in this Adventure classic focused on defend and pirates.,0
6113ece9-4ac7-4a30-bac1-f77154c5ae88,Crystal Ninja,Strategy,https://tse1.mm.bing.net/th/id/OIP.ZPmbOG0_0WBy3RKEJV9muQHaFR?cb=defcache2defcache=1&rs=1&pid=ImgDetMain&o=7&rm=417,https://example.com/games/crystal-ninja-19,TRUE,NULL,2026-01-21 05:43:13.14+00,2026-01-21 13:38:23.607+00,A masterful Strategy journey where you must become the ultimate Ninja.,0
616a692e-c7d7-4758-9b71-2407c8b8766d,Golden City,Strategy,https://tse1.mm.bing.net/th/id/OIP.ZPmbOG0_0WBy3RKEJV9muQHaFR?cb=defcache2defcache=1&rs=1&pid=ImgDetMain&o=7&rm=418,https://example.com/games/golden-city-323,TRUE,NULL,2026-01-21 05:43:13.14+00,2026-01-21 05:43:13.14+00,A masterful Strategy journey where you must become the ultimate City.,0
61b3df54-4e6c-41f4-bd21-0bdb5c0a62be,Iron Racer,Adventure,https://tse1.mm.bing.net/th/id/OIP.ZPmbOG0_0WBy3RKEJV9muQHaFR?cb=defcache2defcache=1&rs=1&pid=ImgDetMain&o=7&rm=419,https://example.com/games/iron-racer-891,TRUE,NULL,2026-01-21 05:43:13.14+00,2026-01-21 05:43:13.14+00,Join millions of players in this Adventure classic focused on defend and racers.,0
61d472de-9faf-453f-ace1-e8f8f54c7bf3,Furious Warrior,Puzzle,https://tse1.mm.bing.net/th/id/OIP.ZPmbOG0_0WBy3RKEJV9muQHaFR?cb=defcache2defcache=1&rs=1&pid=ImgDetMain&o=7&rm=420,https://example.com/games/furious-warrior-249,TRUE,NULL,2026-01-21 05:43:13.14+00,2026-01-21 05:43:13.14+00,The ultimate Puzzle experience awaits you in Furious Warrior.,0
61f8fdfc-aa26-4052-8551-a6e3184c533f,Iron Robot,Strategy,https://tse1.mm.bing.net/th/id/OIP.ZPmbOG0_0WBy3RKEJV9muQHaFR?cb=defcache2defcache=1&rs=1&pid=ImgDetMain&o=7&rm=421,https://example.com/games/iron-robot-869,TRUE,NULL,2026-01-21 05:43:13.14+00,2026-01-21 05:43:13.14+00,Join millions of players in this Strategy classic focused on conquer and robots.,0
620d4f00-cf53-4218-8699-bdd25419933b,Super Ninja,Adventure,https://tse1.mm.bing.net/th/id/OIP.ZPmbOG0_0WBy3RKEJV9muQHaFR?cb=defcache2defcache=1&rs=1&pid=ImgDetMain&o=7&rm=422,https://example.com/games/super-ninja-40,TRUE,NULL,2026-01-21 05:43:13.14+00,2026-01-21 05:43:13.14+00,Join millions of players in this Adventure classic focused on manage and ninjas.,0
62781e6e-8859-4f87-81ef-941e5d5d12cc,Crystal Builder,Puzzle,https://tse1.mm.bing.net/th/id/OIP.ZPmbOG0_0WBy3RKEJV9muQHaFR?cb=defcache2defcache=1&rs=1&pid=ImgDetMain&o=7&rm=423,https://example.com/games/crystal-builder-847,TRUE,NULL,2026-01-21 05:43:13.14+00,2026-01-21 05:43:13.14+00,Experience the thrill of Builder in this top-rated Puzzle adventure.,0
6283709b-739a-4249-9e70-14b97cce0313,Light Racer,Horror,https://tse1.mm.bing.net/th/id/OIP.ZPmbOG0_0WBy3RKEJV9muQHaFR?cb=defcache2defcache=1&rs=1&pid=ImgDetMain&o=7&rm=424,https://example.com/games/light-racer-850,TRUE,NULL,2026-01-21 05:43:13.14+00,2026-01-21 05:43:13.14+00,Join millions of players in this Horror classic focused on solve and racers.,0
62bfb306-16ac-4ed6-b64b-95954775e9d2,Medieval Detective,Simulation,https://tse1.mm.bing.net/th/id/OIP.ZPmbOG0_0WBy3RKEJV9muQHaFR?cb=defcache2defcache=1&rs=1&pid=ImgDetMain&o=7&rm=425,https://example.com/games/medieval-detective-500,TRUE,NULL,2026-01-21 05:43:13.14+00,2026-01-21 05:43:13.14+00,A masterful Simulation journey where you must become the ultimate Detective.,0
6335d03e-4053-474f-9dc7-3773b593efd6,Golden Legend,Simulation,https://tse1.mm.bing.net/th/id/OIP.ZPmbOG0_0WBy3RKEJV9muQHaFR?cb=defcache2defcache=1&rs=1&pid=ImgDetMain&o=7&rm=426,https://example.com/games/golden-legend-364,TRUE,NULL,2026-01-21 05:43:13.14+00,2026-01-21 05:43:13.14+00,The ultimate Simulation experience awaits you in Golden Legend.,0
638d02d1-4837-4d87-bbf1-d1f65e5c6430,Furious Ninja,Adventure,https://tse1.mm.bing.net/th/id/OIP.ZPmbOG0_0WBy3RKEJV9muQHaFR?cb=defcache2defcache=1&rs=1&pid=ImgDetMain&o=7&rm=427,https://example.com/games/furious-ninja-7,TRUE,2026-01-21 07:02:58.939+00,2026-01-21 05:43:13.14+00,2026-01-21 07:02:58.948+00,Experience the thrill of Ninja in this top-rated Adventure adventure.,0
641f83c0-08c7-4a8d-8995-fea320d4b501,Light Pilot,Simulation,https://tse1.mm.bing.net/th/id/OIP.ZPmbOG0_0WBy3RKEJV9muQHaFR?cb=defcache2defcache=1&rs=1&pid=ImgDetMain&o=7&rm=428,https://example.com/games/light-pilot-599,TRUE,NULL,2026-01-21 05:43:13.14+00,2026-01-21 05:43:13.14+00,Join millions of players in this Simulation classic focused on fight and pilots.,0
64406e3c-38c9-4fe6-9e42-5be00ff670f5,Crystal Hero,Horror,https://tse1.mm.bing.net/th/id/OIP.ZPmbOG0_0WBy3RKEJV9muQHaFR?cb=defcache2defcache=1&rs=1&pid=ImgDetMain&o=7&rm=429,https://example.com/games/crystal-hero-950,TRUE,NULL,2026-01-21 05:43:13.14+00,2026-01-21 05:43:13.14+00,Build your way to victory in this exciting Horror game featuring the legendary Hero.,0
6518837e-680a-4b52-9a12-85370fb4392b,Iron Racer,Simulation,https://tse1.mm.bing.net/th/id/OIP.ZPmbOG0_0WBy3RKEJV9muQHaFR?cb=defcache2defcache=1&rs=1&pid=ImgDetMain&o=7&rm=430,https://example.com/games/iron-racer-391,TRUE,NULL,2026-01-21 05:43:13.14+00,2026-01-21 05:43:13.14+00,Join millions of players in this Simulation classic focused on build and racers.,0
65268e1f-4f73-4253-974a-a90e7160e089,Silent Zombie,Arcade,https://tse1.mm.bing.net/th/id/OIP.ZPmbOG0_0WBy3RKEJV9muQHaFR?cb=defcache2defcache=1&rs=1&pid=ImgDetMain&o=7&rm=431,https://example.com/games/silent-zombie-337,TRUE,NULL,2026-01-21 05:43:13.14+00,2026-01-21 05:43:13.14+00,Solve your way to victory in this exciting Arcade game featuring the legendary Zombie.,0
656c1104-daae-4940-9397-25bf03176277,Light Racer,Adventure,https://tse1.mm.bing.net/th/id/OIP.ZPmbOG0_0WBy3RKEJV9muQHaFR?cb=defcache2defcache=1&rs=1&pid=ImgDetMain&o=7&rm=432,https://example.com/games/light-racer-453,TRUE,NULL,2026-01-21 05:43:13.14+00,2026-01-21 05:43:13.14+00,The ultimate Adventure experience awaits you in Light Racer.,0
65b04fab-1a76-46de-ab5e-6d960ff99125,Light Ninja,Puzzle,https://tse1.mm.bing.net/th/id/OIP.ZPmbOG0_0WBy3RKEJV9muQHaFR?cb=defcache2defcache=1&rs=1&pid=ImgDetMain&o=7&rm=433,https://example.com/games/light-ninja-531,TRUE,NULL,2026-01-21 05:43:13.14+00,2026-01-21 05:43:13.14+00,A masterful Puzzle journey where you must become the ultimate Ninja.,0
65e03ad0-9a6f-4b88-b10d-91fb873846ae,Iron Warrior,Sports,https://tse1.mm.bing.net/th/id/OIP.ZPmbOG0_0WBy3RKEJV9muQHaFR?cb=defcache2defcache=1&rs=1&pid=ImgDetMain&o=7&rm=434,https://example.com/games/iron-warrior-443,TRUE,NULL,2026-01-21 05:43:13.14+00,2026-01-21 05:43:13.14+00,The ultimate Sports experience awaits you in Iron Warrior.,0
667b4393-99ca-4384-b974-0fd70072490a,Super Robot,Strategy,https://tse1.mm.bing.net/th/id/OIP.ZPmbOG0_0WBy3RKEJV9muQHaFR?cb=defcache2defcache=1&rs=1&pid=ImgDetMain&o=7&rm=435,https://example.com/games/super-robot-3,TRUE,NULL,2026-01-21 05:43:13.14+00,2026-01-21 13:38:23.607+00,The ultimate Strategy experience awaits you in Super Robot.,0
668df10e-4750-4004-8cc4-940f31be0959,Furious Pilot,Puzzle,https://tse1.mm.bing.net/th/id/OIP.ZPmbOG0_0WBy3RKEJV9muQHaFR?cb=defcache2defcache=1&rs=1&pid=ImgDetMain&o=7&rm=436,https://example.com/games/furious-pilot-987,TRUE,NULL,2026-01-21 05:43:13.14+00,2026-01-21 05:43:13.14+00,Experience the thrill of Pilot in this top-rated Puzzle adventure.,0
6817bd91-5bbc-4b8f-9176-d32a0b3560ba,Epic Robot,RPG,https://tse1.mm.bing.net/th/id/OIP.ZPmbOG0_0WBy3RKEJV9muQHaFR?cb=defcache2defcache=1&rs=1&pid=ImgDetMain&o=7&rm=437,https://example.com/games/epic-robot-29,TRUE,NULL,2026-01-21 05:43:13.14+00,2026-01-21 05:43:13.14+00,A masterful RPG journey where you must become the ultimate Robot.,0
686ae35a-1fb6-4b14-ad70-73749ff04da3,Cyber Detective,Simulation,https://tse1.mm.bing.net/th/id/OIP.ZPmbOG0_0WBy3RKEJV9muQHaFR?cb=defcache2defcache=1&rs=1&pid=ImgDetMain&o=7&rm=438,https://example.com/games/cyber-detective-351,TRUE,NULL,2026-01-21 05:43:13.14+00,2026-01-21 05:43:13.14+00,Solve your way to victory in this exciting Simulation game featuring the legendary Detective.,0
68a39774-cf79-41b7-a6df-26dd746849ad,Medieval Legend,Horror,https://tse1.mm.bing.net/th/id/OIP.ZPmbOG0_0WBy3RKEJV9muQHaFR?cb=defcache2defcache=1&rs=1&pid=ImgDetMain&o=7&rm=439,https://example.com/games/medieval-legend-369,TRUE,NULL,2026-01-21 05:43:13.14+00,2026-01-21 05:43:13.14+00,Experience the thrill of Legend in this top-rated Horror adventure.,0
68fc5320-3f1f-4669-94e9-6a5b61f5889c,Super Chef,Simulation,https://tse1.mm.bing.net/th/id/OIP.ZPmbOG0_0WBy3RKEJV9muQHaFR?cb=defcache2defcache=1&rs=1&pid=ImgDetMain&o=7&rm=440,https://example.com/games/super-chef-918,TRUE,NULL,2026-01-21 05:43:13.14+00,2026-01-21 05:43:13.14+00,Join millions of players in this Simulation classic focused on conquer and chefs.,0
69667f85-a7df-44d9-be93-9b81806f0095,Medieval Chef,Sports,https://tse1.mm.bing.net/th/id/OIP.ZPmbOG0_0WBy3RKEJV9muQHaFR?cb=defcache2defcache=1&rs=1&pid=ImgDetMain&o=7&rm=441,https://example.com/games/medieval-chef-617,TRUE,NULL,2026-01-21 05:43:13.14+00,2026-01-21 05:43:13.14+00,A masterful Sports journey where you must become the ultimate Chef.,0
69fd84bd-778d-44d9-a92a-4fad69028908,Furious Racer,Horror,https://tse1.mm.bing.net/th/id/OIP.ZPmbOG0_0WBy3RKEJV9muQHaFR?cb=defcache2defcache=1&rs=1&pid=ImgDetMain&o=7&rm=442,https://example.com/games/furious-racer-144,TRUE,NULL,2026-01-21 05:43:13.14+00,2026-01-21 05:43:13.14+00,Experience the thrill of Racer in this top-rated Horror adventure.,0
6a11ddcd-fd21-424f-abbc-b40a1f9543c7,Cyber Warrior,Puzzle,https://tse1.mm.bing.net/th/id/OIP.ZPmbOG0_0WBy3RKEJV9muQHaFR?cb=defcache2defcache=1&rs=1&pid=ImgDetMain&o=7&rm=443,https://example.com/games/cyber-warrior-879,TRUE,NULL,2026-01-21 05:43:13.14+00,2026-01-21 05:43:13.14+00,Experience the thrill of Warrior in this top-rated Puzzle adventure.,0
6a483a07-6e34-49ef-8179-2a8c32d32638,Cyber Empire,Sports,https://tse1.mm.bing.net/th/id/OIP.ZPmbOG0_0WBy3RKEJV9muQHaFR?cb=defcache2defcache=1&rs=1&pid=ImgDetMain&o=7&rm=444,https://example.com/games/cyber-empire-87,TRUE,NULL,2026-01-21 05:43:13.14+00,2026-01-21 05:43:13.14+00,Explore your way to victory in this exciting Sports game featuring the legendary Empire.,0
6a7ed000-074a-4e14-b56f-5f553fc4da2c,Iron Dungeon,Arcade,https://tse1.mm.bing.net/th/id/OIP.ZPmbOG0_0WBy3RKEJV9muQHaFR?cb=defcache2defcache=1&rs=1&pid=ImgDetMain&o=7&rm=445,https://example.com/games/iron-dungeon-612,TRUE,NULL,2026-01-21 05:43:13.14+00,2026-01-21 05:43:13.14+00,The ultimate Arcade experience awaits you in Iron Dungeon.,0
6ab24d1e-75ce-45d1-ad27-71202c6654be,Cosmic Warrior,Puzzle,https://tse1.mm.bing.net/th/id/OIP.ZPmbOG0_0WBy3RKEJV9muQHaFR?cb=defcache2defcache=1&rs=1&pid=ImgDetMain&o=7&rm=446,https://example.com/games/cosmic-warrior-31,TRUE,NULL,2026-01-21 05:43:13.14+00,2026-01-21 05:43:13.14+00,The ultimate Puzzle experience awaits you in Cosmic Warrior.,0
6ae06df3-0b9a-4ba1-a840-ddd5b8ed5bd7,Neon Dungeon,Simulation,https://tse1.mm.bing.net/th/id/OIP.ZPmbOG0_0WBy3RKEJV9muQHaFR?cb=defcache2defcache=1&rs=1&pid=ImgDetMain&o=7&rm=447,https://example.com/games/neon-dungeon-568,TRUE,NULL,2026-01-21 05:43:13.14+00,2026-01-21 05:43:13.14+00,Join millions of players in this Simulation classic focused on race and dungeons.,0
6b554bae-2064-45f9-b0c3-499d58814135,Wild Empire,Sports,https://tse1.mm.bing.net/th/id/OIP.ZPmbOG0_0WBy3RKEJV9muQHaFR?cb=defcache2defcache=1&rs=1&pid=ImgDetMain&o=7&rm=448,https://example.com/games/wild-empire-893,TRUE,NULL,2026-01-21 05:43:13.14+00,2026-01-21 05:43:13.14+00,The ultimate Sports experience awaits you in Wild Empire.,0
6b98bed5-f592-448a-869d-182a1aa7474c,Light Builder,Arcade,https://tse1.mm.bing.net/th/id/OIP.ZPmbOG0_0WBy3RKEJV9muQHaFR?cb=defcache2defcache=1&rs=1&pid=ImgDetMain&o=7&rm=449,https://example.com/games/light-builder-961,TRUE,NULL,2026-01-21 05:43:13.14+00,2026-01-21 05:43:13.14+00,Join millions of players in this Arcade classic focused on manage and builders.,0
6c9bd549-c3d9-4674-9d5a-4b1b58f90c94,Super Dungeon,RPG,https://tse1.mm.bing.net/th/id/OIP.ZPmbOG0_0WBy3RKEJV9muQHaFR?cb=defcache2defcache=1&rs=1&pid=ImgDetMain&o=7&rm=450,https://example.com/games/super-dungeon-503,TRUE,NULL,2026-01-21 05:43:13.14+00,2026-01-21 05:43:13.14+00,Join millions of players in this RPG classic focused on fight and dungeons.,0
6cb180ec-0ff6-4ce6-81ae-1f7e324f7d35,Furious Empire,RPG,https://tse1.mm.bing.net/th/id/OIP.ZPmbOG0_0WBy3RKEJV9muQHaFR?cb=defcache2defcache=1&rs=1&pid=ImgDetMain&o=7&rm=451,https://example.com/games/furious-empire-495,TRUE,NULL,2026-01-21 05:43:13.14+00,2026-01-21 05:43:13.14+00,Join millions of players in this RPG classic focused on solve and empires.,0
6ce43e5d-8e9c-49cf-9038-fcbfd7f28e6d,Super Builder,Puzzle,https://tse1.mm.bing.net/th/id/OIP.ZPmbOG0_0WBy3RKEJV9muQHaFR?cb=defcache2defcache=1&rs=1&pid=ImgDetMain&o=7&rm=452,https://example.com/games/super-builder-608,TRUE,NULL,2026-01-21 05:43:13.14+00,2026-01-21 05:43:13.14+00,Survive your way to victory in this exciting Puzzle game featuring the legendary Builder.,0
6d0e8849-b4dc-47b5-a940-9ba363c1ed97,Super Ninja,Puzzle,https://tse1.mm.bing.net/th/id/OIP.ZPmbOG0_0WBy3RKEJV9muQHaFR?cb=defcache2defcache=1&rs=1&pid=ImgDetMain&o=7&rm=453,https://example.com/games/super-ninja-613,TRUE,NULL,2026-01-21 05:43:13.14+00,2026-01-21 05:43:13.14+00,Manage your way to victory in this exciting Puzzle game featuring the legendary Ninja.,0
6d17de16-5763-43de-87e0-a8900c2031e5,Light Zombie,Sports,https://tse1.mm.bing.net/th/id/OIP.ZPmbOG0_0WBy3RKEJV9muQHaFR?cb=defcache2defcache=1&rs=1&pid=ImgDetMain&o=7&rm=454,https://example.com/games/light-zombie-223,TRUE,NULL,2026-01-21 05:43:13.14+00,2026-01-21 05:43:13.14+00,A masterful Sports journey where you must become the ultimate Zombie.,0
6d5da551-4b51-4a96-b6b6-63dcd9b27b87,Dark Warrior,Adventure,https://tse1.mm.bing.net/th/id/OIP.ZPmbOG0_0WBy3RKEJV9muQHaFR?cb=defcache2defcache=1&rs=1&pid=ImgDetMain&o=7&rm=455,https://example.com/games/dark-warrior-559,TRUE,NULL,2026-01-21 05:43:13.14+00,2026-01-21 05:43:13.14+00,A masterful Adventure journey where you must become the ultimate Warrior.,0
6de9fcc2-eb65-439a-8a44-ae47e46c7d59,Cosmic Pirate,Simulation,https://tse1.mm.bing.net/th/id/OIP.ZPmbOG0_0WBy3RKEJV9muQHaFR?cb=defcache2defcache=1&rs=1&pid=ImgDetMain&o=7&rm=456,https://example.com/games/cosmic-pirate-703,TRUE,NULL,2026-01-21 05:43:13.14+00,2026-01-21 05:43:13.14+00,Explore your way to victory in this exciting Simulation game featuring the legendary Pirate.,0
6e091c15-922d-4c6d-9936-db90bfbfdf08,Furious Warrior,Racing,https://tse1.mm.bing.net/th/id/OIP.ZPmbOG0_0WBy3RKEJV9muQHaFR?cb=defcache2defcache=1&rs=1&pid=ImgDetMain&o=7&rm=457,https://example.com/games/furious-warrior-758,TRUE,NULL,2026-01-21 05:43:13.14+00,2026-01-21 05:43:13.14+00,Experience the thrill of Warrior in this top-rated Racing adventure.,0
6e151e05-ec9f-4c6e-ba10-1b50760f024d,Crystal Zombie,Strategy,https://tse1.mm.bing.net/th/id/OIP.ZPmbOG0_0WBy3RKEJV9muQHaFR?cb=defcache2defcache=1&rs=1&pid=ImgDetMain&o=7&rm=458,https://example.com/games/crystal-zombie-256,TRUE,NULL,2026-01-21 05:43:13.14+00,2026-01-21 05:43:13.14+00,The ultimate Strategy experience awaits you in Crystal Zombie.,0
6e3774f8-2ded-4e13-8edd-913d73f0cd0a,Cosmic City,Adventure,https://tse1.mm.bing.net/th/id/OIP.ZPmbOG0_0WBy3RKEJV9muQHaFR?cb=defcache2defcache=1&rs=1&pid=ImgDetMain&o=7&rm=459,https://example.com/games/cosmic-city-638,TRUE,NULL,2026-01-21 05:43:13.14+00,2026-01-21 05:43:13.14+00,The ultimate Adventure experience awaits you in Cosmic City.,0
6e5c28fe-2409-4919-8712-4353907d14fa,Epic City,Arcade,https://tse1.mm.bing.net/th/id/OIP.ZPmbOG0_0WBy3RKEJV9muQHaFR?cb=defcache2defcache=1&rs=1&pid=ImgDetMain&o=7&rm=460,https://example.com/games/epic-city-952,TRUE,NULL,2026-01-21 05:43:13.14+00,2026-01-21 05:43:13.14+00,Join millions of players in this Arcade classic focused on explore and citys.,0
6ebc915b-0c3c-4a03-a23b-bccaa2247fd6,Mega Hero,Arcade,https://tse1.mm.bing.net/th/id/OIP.ZPmbOG0_0WBy3RKEJV9muQHaFR?cb=defcache2defcache=1&rs=1&pid=ImgDetMain&o=7&rm=461,https://example.com/games/mega-hero-247,TRUE,NULL,2026-01-21 05:43:13.14+00,2026-01-21 05:43:13.14+00,The ultimate Arcade experience awaits you in Mega Hero.,0
6ebe4311-e2ad-4d40-8423-30d726f99361,Iron Racer,Racing,https://tse1.mm.bing.net/th/id/OIP.ZPmbOG0_0WBy3RKEJV9muQHaFR?cb=defcache2defcache=1&rs=1&pid=ImgDetMain&o=7&rm=462,https://example.com/games/iron-racer-884,TRUE,NULL,2026-01-21 05:43:13.14+00,2026-01-21 05:43:13.14+00,The ultimate Racing experience awaits you in Iron Racer.,0
6ed8e84e-767a-42ff-8b3c-ae37ae96db47,Light Dungeon,Simulation,https://tse1.mm.bing.net/th/id/OIP.ZPmbOG0_0WBy3RKEJV9muQHaFR?cb=defcache2defcache=1&rs=1&pid=ImgDetMain&o=7&rm=463,https://example.com/games/light-dungeon-348,TRUE,NULL,2026-01-21 05:43:13.14+00,2026-01-21 05:43:13.14+00,Survive your way to victory in this exciting Simulation game featuring the legendary Dungeon.,0
6eea008e-f465-487f-b22c-fcb75033020e,Light Pirate,Action,https://tse1.mm.bing.net/th/id/OIP.ZPmbOG0_0WBy3RKEJV9muQHaFR?cb=defcache2defcache=1&rs=1&pid=ImgDetMain&o=7&rm=464,https://example.com/games/light-pirate-906,TRUE,NULL,2026-01-21 05:43:13.14+00,2026-01-21 05:43:13.14+00,The ultimate Action experience awaits you in Light Pirate.,0
6f392544-6145-4608-abf3-2717289d2856,Dark Warrior,Arcade,https://tse1.mm.bing.net/th/id/OIP.ZPmbOG0_0WBy3RKEJV9muQHaFR?cb=defcache2defcache=1&rs=1&pid=ImgDetMain&o=7&rm=465,https://example.com/games/dark-warrior-183,TRUE,NULL,2026-01-21 05:43:13.14+00,2026-01-21 05:43:13.14+00,Join millions of players in this Arcade classic focused on build and warriors.,0
6f994c66-c1f9-49b8-8a62-f21e49a9cc46,Neon City,Sports,https://tse1.mm.bing.net/th/id/OIP.ZPmbOG0_0WBy3RKEJV9muQHaFR?cb=defcache2defcache=1&rs=1&pid=ImgDetMain&o=7&rm=466,https://example.com/games/neon-city-656,TRUE,NULL,2026-01-21 05:43:13.14+00,2026-01-21 05:43:13.14+00,Experience the thrill of City in this top-rated Sports adventure.,0
6f9f6e48-209f-4f8c-9392-03fface9b50b,Crystal Builder,Sports,https://tse1.mm.bing.net/th/id/OIP.ZPmbOG0_0WBy3RKEJV9muQHaFR?cb=defcache2defcache=1&rs=1&pid=ImgDetMain&o=7&rm=467,https://example.com/games/crystal-builder-679,TRUE,NULL,2026-01-21 05:43:13.14+00,2026-01-21 05:43:13.14+00,Experience the thrill of Builder in this top-rated Sports adventure.,0
6fc8d0a8-aa14-4a67-b0eb-b131e0f105f8,Super Legend,Puzzle,https://tse1.mm.bing.net/th/id/OIP.ZPmbOG0_0WBy3RKEJV9muQHaFR?cb=defcache2defcache=1&rs=1&pid=ImgDetMain&o=7&rm=468,https://example.com/games/super-legend-218,TRUE,NULL,2026-01-21 05:43:13.14+00,2026-01-21 05:43:13.14+00,Solve your way to victory in this exciting Puzzle game featuring the legendary Legend.,0
6fccfe9f-fd1a-48e4-9970-8565fec465b7,Super Chef,Sports,https://tse1.mm.bing.net/th/id/OIP.ZPmbOG0_0WBy3RKEJV9muQHaFR?cb=defcache2defcache=1&rs=1&pid=ImgDetMain&o=7&rm=469,https://example.com/games/super-chef-516,TRUE,NULL,2026-01-21 05:43:13.14+00,2026-01-21 05:43:13.14+00,Join millions of players in this Sports classic focused on conquer and chefs.,0
7044261b-08c4-433c-ba7c-c48f4bc9ad4a,Dark Pilot,Strategy,https://tse1.mm.bing.net/th/id/OIP.ZPmbOG0_0WBy3RKEJV9muQHaFR?cb=defcache2defcache=1&rs=1&pid=ImgDetMain&o=7&rm=470,https://example.com/games/dark-pilot-814,TRUE,NULL,2026-01-21 05:43:13.14+00,2026-01-21 05:43:13.14+00,The ultimate Strategy experience awaits you in Dark Pilot.,0
704c1332-f4a1-4d57-8ad1-6682d2e64c04,Dark Pilot,Sports,https://tse1.mm.bing.net/th/id/OIP.ZPmbOG0_0WBy3RKEJV9muQHaFR?cb=defcache2defcache=1&rs=1&pid=ImgDetMain&o=7&rm=471,https://example.com/games/dark-pilot-200,TRUE,NULL,2026-01-21 05:43:13.14+00,2026-01-21 05:43:13.14+00,The ultimate Sports experience awaits you in Dark Pilot.,0
706e0a21-ed35-4ea9-818e-05df1ddb73b8,Medieval Robot,Racing,https://tse1.mm.bing.net/th/id/OIP.ZPmbOG0_0WBy3RKEJV9muQHaFR?cb=defcache2defcache=1&rs=1&pid=ImgDetMain&o=7&rm=472,https://example.com/games/medieval-robot-304,TRUE,NULL,2026-01-21 05:43:13.14+00,2026-01-21 05:43:13.14+00,The ultimate Racing experience awaits you in Medieval Robot.,0
707695f9-424a-42af-ab7a-d90560980559,Medieval Legend,RPG,https://tse1.mm.bing.net/th/id/OIP.ZPmbOG0_0WBy3RKEJV9muQHaFR?cb=defcache2defcache=1&rs=1&pid=ImgDetMain&o=7&rm=473,https://example.com/games/medieval-legend-509,TRUE,NULL,2026-01-21 05:43:13.14+00,2026-01-21 05:43:13.14+00,A masterful RPG journey where you must become the ultimate Legend.,0
707e830b-9bd6-47ff-b2f8-4a02fc499a9c,Tiny Dungeon,Action,https://tse1.mm.bing.net/th/id/OIP.ZPmbOG0_0WBy3RKEJV9muQHaFR?cb=defcache2defcache=1&rs=1&pid=ImgDetMain&o=7&rm=474,https://example.com/games/tiny-dungeon-994,TRUE,NULL,2026-01-21 05:43:13.14+00,2026-01-21 05:43:13.14+00,Join millions of players in this Action classic focused on solve and dungeons.,0
70f55e3f-3cd5-49c5-abbd-0c539a0fe1af,Crystal Zombie,Horror,https://tse1.mm.bing.net/th/id/OIP.ZPmbOG0_0WBy3RKEJV9muQHaFR?cb=defcache2defcache=1&rs=1&pid=ImgDetMain&o=7&rm=475,https://example.com/games/crystal-zombie-379,TRUE,NULL,2026-01-21 05:43:13.14+00,2026-01-21 05:43:13.14+00,Fight your way to victory in this exciting Horror game featuring the legendary Zombie.,0
714405bd-f208-4144-bcdb-450791fd3d2c,Super Builder,Horror,https://tse1.mm.bing.net/th/id/OIP.ZPmbOG0_0WBy3RKEJV9muQHaFR?cb=defcache2defcache=1&rs=1&pid=ImgDetMain&o=7&rm=476,https://example.com/games/super-builder-181,TRUE,NULL,2026-01-21 05:43:13.14+00,2026-01-21 05:43:13.14+00,Destroy your way to victory in this exciting Horror game featuring the legendary Builder.,0
721318b1-6708-4730-a63f-a33bb2fdfb36,Cyber Builder,Adventure,https://tse1.mm.bing.net/th/id/OIP.ZPmbOG0_0WBy3RKEJV9muQHaFR?cb=defcache2defcache=1&rs=1&pid=ImgDetMain&o=7&rm=477,https://example.com/games/cyber-builder-269,TRUE,NULL,2026-01-21 05:43:13.14+00,2026-01-21 05:43:13.14+00,The ultimate Adventure experience awaits you in Cyber Builder.,0
724bf7b6-bd79-46ee-8ddf-9a5337962ff1,Super Dungeon,Simulation,https://tse1.mm.bing.net/th/id/OIP.ZPmbOG0_0WBy3RKEJV9muQHaFR?cb=defcache2defcache=1&rs=1&pid=ImgDetMain&o=7&rm=478,https://example.com/games/super-dungeon-530,TRUE,NULL,2026-01-21 05:43:13.14+00,2026-01-21 05:43:13.14+00,The ultimate Simulation experience awaits you in Super Dungeon.,0
72936a18-6c33-42f0-9343-95ab5d074f9a,Furious Racer,Arcade,https://tse1.mm.bing.net/th/id/OIP.ZPmbOG0_0WBy3RKEJV9muQHaFR?cb=defcache2defcache=1&rs=1&pid=ImgDetMain&o=7&rm=479,https://example.com/games/furious-racer-523,TRUE,NULL,2026-01-21 05:43:13.14+00,2026-01-21 05:43:13.14+00,Destroy your way to victory in this exciting Arcade game featuring the legendary Racer.,0
72d0d1e1-a87e-4c6b-80d0-ed91ab1f727d,Dark Warrior,Racing,https://tse1.mm.bing.net/th/id/OIP.ZPmbOG0_0WBy3RKEJV9muQHaFR?cb=defcache2defcache=1&rs=1&pid=ImgDetMain&o=7&rm=480,https://example.com/games/dark-warrior-691,TRUE,NULL,2026-01-21 05:43:13.14+00,2026-01-21 05:43:13.14+00,A masterful Racing journey where you must become the ultimate Warrior.,0
72ff0642-e6e6-4450-9d43-4da009fd0ba6,Wild Legend,Sports,https://tse1.mm.bing.net/th/id/OIP.ZPmbOG0_0WBy3RKEJV9muQHaFR?cb=defcache2defcache=1&rs=1&pid=ImgDetMain&o=7&rm=481,https://example.com/games/wild-legend-592,TRUE,NULL,2026-01-21 05:43:13.14+00,2026-01-21 05:43:13.14+00,Destroy your way to victory in this exciting Sports game featuring the legendary Legend.,0
7306aa4f-7e51-473f-bf63-20fe7bf0b771,Furious Builder,Racing,https://tse1.mm.bing.net/th/id/OIP.ZPmbOG0_0WBy3RKEJV9muQHaFR?cb=defcache2defcache=1&rs=1&pid=ImgDetMain&o=7&rm=482,https://example.com/games/furious-builder-603,TRUE,NULL,2026-01-21 05:43:13.14+00,2026-01-21 05:43:13.14+00,A masterful Racing journey where you must become the ultimate Builder.,0
731ef447-9e98-4016-b539-b4e01b5093da,Silent Racer,Simulation,https://tse1.mm.bing.net/th/id/OIP.ZPmbOG0_0WBy3RKEJV9muQHaFR?cb=defcache2defcache=1&rs=1&pid=ImgDetMain&o=7&rm=483,https://example.com/games/silent-racer-882,TRUE,NULL,2026-01-21 05:43:13.14+00,2026-01-21 05:43:13.14+00,Join millions of players in this Simulation classic focused on defend and racers.,0
733ccceb-b350-4f99-ba7e-788fb909498a,Silent Zombie,Puzzle,https://tse1.mm.bing.net/th/id/OIP.ZPmbOG0_0WBy3RKEJV9muQHaFR?cb=defcache2defcache=1&rs=1&pid=ImgDetMain&o=7&rm=484,https://example.com/games/silent-zombie-973,TRUE,NULL,2026-01-21 05:43:13.14+00,2026-01-21 05:43:13.14+00,The ultimate Puzzle experience awaits you in Silent Zombie.,0
7370e786-06a9-4065-ad49-385910abbab1,Golden Detective,Puzzle,https://tse1.mm.bing.net/th/id/OIP.ZPmbOG0_0WBy3RKEJV9muQHaFR?cb=defcache2defcache=1&rs=1&pid=ImgDetMain&o=7&rm=485,https://example.com/games/golden-detective-641,TRUE,NULL,2026-01-21 05:43:13.14+00,2026-01-21 05:43:13.14+00,Experience the thrill of Detective in this top-rated Puzzle adventure.,0
738ec466-eaea-43be-8ebd-423c04d4fae4,Dark Ninja,Simulation,https://tse1.mm.bing.net/th/id/OIP.ZPmbOG0_0WBy3RKEJV9muQHaFR?cb=defcache2defcache=1&rs=1&pid=ImgDetMain&o=7&rm=486,https://example.com/games/dark-ninja-427,TRUE,NULL,2026-01-21 05:43:13.14+00,2026-01-21 05:43:13.14+00,Build your way to victory in this exciting Simulation game featuring the legendary Ninja.,0
73958c46-5e65-42a7-b141-c15365a31e00,Super Robot,Sports,https://tse1.mm.bing.net/th/id/OIP.ZPmbOG0_0WBy3RKEJV9muQHaFR?cb=defcache2defcache=1&rs=1&pid=ImgDetMain&o=7&rm=487,https://example.com/games/super-robot-284,TRUE,NULL,2026-01-21 05:43:13.14+00,2026-01-21 05:43:13.14+00,Experience the thrill of Robot in this top-rated Sports adventure.,0
7426963c-59ca-4d38-8047-abb0c35ba637,Wild Pirate,Adventure,https://tse1.mm.bing.net/th/id/OIP.ZPmbOG0_0WBy3RKEJV9muQHaFR?cb=defcache2defcache=1&rs=1&pid=ImgDetMain&o=7&rm=488,https://example.com/games/wild-pirate-139,TRUE,NULL,2026-01-21 05:43:13.14+00,2026-01-21 05:43:13.14+00,Experience the thrill of Pirate in this top-rated Adventure adventure.,0
742b4f96-259a-4433-8457-b85f3e162afd,Cosmic Legend,Racing,https://tse1.mm.bing.net/th/id/OIP.ZPmbOG0_0WBy3RKEJV9muQHaFR?cb=defcache2defcache=1&rs=1&pid=ImgDetMain&o=7&rm=489,https://example.com/games/cosmic-legend-625,TRUE,NULL,2026-01-21 05:43:13.14+00,2026-01-21 05:43:13.14+00,Experience the thrill of Legend in this top-rated Racing adventure.,0
742d70c1-f265-4aca-8593-8a7db70175bd,Golden City,Racing,https://tse1.mm.bing.net/th/id/OIP.ZPmbOG0_0WBy3RKEJV9muQHaFR?cb=defcache2defcache=1&rs=1&pid=ImgDetMain&o=7&rm=490,https://example.com/games/golden-city-835,TRUE,NULL,2026-01-21 05:43:13.14+00,2026-01-21 05:43:13.14+00,Experience the thrill of City in this top-rated Racing adventure.,0
743699cc-6f9d-4070-a461-7e1aef335eaf,Cosmic Hero,Horror,https://tse1.mm.bing.net/th/id/OIP.ZPmbOG0_0WBy3RKEJV9muQHaFR?cb=defcache2defcache=1&rs=1&pid=ImgDetMain&o=7&rm=491,https://example.com/games/cosmic-hero-489,TRUE,NULL,2026-01-21 05:43:13.14+00,2026-01-21 05:43:13.14+00,The ultimate Horror experience awaits you in Cosmic Hero.,0
746175fe-f00d-4b6a-b7ab-2b0cb2f914d9,Iron Chef,Simulation,https://tse1.mm.bing.net/th/id/OIP.ZPmbOG0_0WBy3RKEJV9muQHaFR?cb=defcache2defcache=1&rs=1&pid=ImgDetMain&o=7&rm=492,https://example.com/games/iron-chef-487,TRUE,NULL,2026-01-21 05:43:13.14+00,2026-01-21 05:43:13.14+00,Race your way to victory in this exciting Simulation game featuring the legendary Chef.,0
747d591f-1336-4cb5-a73e-09530c94f414,Super Warrior,Simulation,https://tse1.mm.bing.net/th/id/OIP.ZPmbOG0_0WBy3RKEJV9muQHaFR?cb=defcache2defcache=1&rs=1&pid=ImgDetMain&o=7&rm=493,https://example.com/games/super-warrior-484,TRUE,NULL,2026-01-21 05:43:13.14+00,2026-01-21 05:43:13.14+00,Experience the thrill of Warrior in this top-rated Simulation adventure.,0
7490c1a0-9bc9-40a8-8de5-cdcca78b9b41,Silent Detective,Horror,https://tse1.mm.bing.net/th/id/OIP.ZPmbOG0_0WBy3RKEJV9muQHaFR?cb=defcache2defcache=1&rs=1&pid=ImgDetMain&o=7&rm=494,https://example.com/games/silent-detective-153,TRUE,NULL,2026-01-21 05:43:13.14+00,2026-01-21 05:43:13.14+00,The ultimate Horror experience awaits you in Silent Detective.,0
7516c3d3-8fcf-4b25-b96a-311490c4715d,Cyber Racer,Sports,https://tse1.mm.bing.net/th/id/OIP.ZPmbOG0_0WBy3RKEJV9muQHaFR?cb=defcache2defcache=1&rs=1&pid=ImgDetMain&o=7&rm=495,https://example.com/games/cyber-racer-766,TRUE,NULL,2026-01-21 05:43:13.14+00,2026-01-21 05:43:13.14+00,Experience the thrill of Racer in this top-rated Sports adventure.,0
75396d1d-c2c1-4616-bdf3-3859b1d42da5,Medieval Ninja,Sports,https://tse1.mm.bing.net/th/id/OIP.ZPmbOG0_0WBy3RKEJV9muQHaFR?cb=defcache2defcache=1&rs=1&pid=ImgDetMain&o=7&rm=496,https://example.com/games/medieval-ninja-147,TRUE,NULL,2026-01-21 05:43:13.14+00,2026-01-21 05:43:13.14+00,Fight your way to victory in this exciting Sports game featuring the legendary Ninja.,0
7552b697-d839-402b-bf3e-c417661f7bed,Super Pirate,Simulation,https://tse1.mm.bing.net/th/id/OIP.ZPmbOG0_0WBy3RKEJV9muQHaFR?cb=defcache2defcache=1&rs=1&pid=ImgDetMain&o=7&rm=497,https://example.com/games/super-pirate-268,TRUE,NULL,2026-01-21 05:43:13.14+00,2026-01-21 05:43:13.14+00,A masterful Simulation journey where you must become the ultimate Pirate.,0
7579d04c-54b1-47ba-9c7c-7537aeec05e7,Neon Dungeon,Simulation,https://tse1.mm.bing.net/th/id/OIP.ZPmbOG0_0WBy3RKEJV9muQHaFR?cb=defcache2defcache=1&rs=1&pid=ImgDetMain&o=7&rm=498,https://example.com/games/neon-dungeon-425,TRUE,NULL,2026-01-21 05:43:13.14+00,2026-01-21 05:43:13.14+00,Experience the thrill of Dungeon in this top-rated Simulation adventure.,0
760c671d-9ecb-4d8c-9aa4-8600d3148ca9,Golden Chef,Racing,https://tse1.mm.bing.net/th/id/OIP.ZPmbOG0_0WBy3RKEJV9muQHaFR?cb=defcache2defcache=1&rs=1&pid=ImgDetMain&o=7&rm=499,https://example.com/games/golden-chef-141,TRUE,NULL,2026-01-21 05:43:13.14+00,2026-01-21 05:43:13.14+00,Experience the thrill of Chef in this top-rated Racing adventure.,0
760d93d9-60d1-48e6-bdf1-db2be7134e8f,Light Zombie,Horror,https://tse1.mm.bing.net/th/id/OIP.ZPmbOG0_0WBy3RKEJV9muQHaFR?cb=defcache2defcache=1&rs=1&pid=ImgDetMain&o=7&rm=500,https://example.com/games/light-zombie-465,TRUE,NULL,2026-01-21 05:43:13.14+00,2026-01-21 05:43:13.14+00,Survive your way to victory in this exciting Horror game featuring the legendary Zombie.,0
7698f707-1e8a-4d6c-ae45-97829c65417f,Light Robot,Puzzle,https://tse1.mm.bing.net/th/id/OIP.ZPmbOG0_0WBy3RKEJV9muQHaFR?cb=defcache2defcache=1&rs=1&pid=ImgDetMain&o=7&rm=501,https://example.com/games/light-robot-774,TRUE,NULL,2026-01-21 05:43:13.14+00,2026-01-21 05:43:13.14+00,Join millions of players in this Puzzle classic focused on solve and robots.,0
76e0259f-6036-4d4d-b4af-f6633c57b35b,Dark Dungeon,RPG,https://tse1.mm.bing.net/th/id/OIP.ZPmbOG0_0WBy3RKEJV9muQHaFR?cb=defcache2defcache=1&rs=1&pid=ImgDetMain&o=7&rm=502,https://example.com/games/dark-dungeon-145,TRUE,NULL,2026-01-21 05:43:13.14+00,2026-01-21 05:43:13.14+00,Experience the thrill of Dungeon in this top-rated RPG adventure.,0
7712d9a5-c121-46a3-9d3f-97971edd5924,Crystal Robot,Horror,https://tse1.mm.bing.net/th/id/OIP.ZPmbOG0_0WBy3RKEJV9muQHaFR?cb=defcache2defcache=1&rs=1&pid=ImgDetMain&o=7&rm=503,https://example.com/games/crystal-robot-51,TRUE,NULL,2026-01-21 05:43:13.14+00,2026-01-21 05:43:13.14+00,Explore your way to victory in this exciting Horror game featuring the legendary Robot.,0
7767a2b6-f72b-4eed-a91f-3a08ff320b8a,Dark Hero,Puzzle,https://tse1.mm.bing.net/th/id/OIP.ZPmbOG0_0WBy3RKEJV9muQHaFR?cb=defcache2defcache=1&rs=1&pid=ImgDetMain&o=7&rm=504,https://example.com/games/dark-hero-665,TRUE,NULL,2026-01-21 05:43:13.14+00,2026-01-21 05:43:13.14+00,Experience the thrill of Hero in this top-rated Puzzle adventure.,0
776d9f68-11b8-4968-9bc5-835e20124812,Cosmic Warrior,Puzzle,https://tse1.mm.bing.net/th/id/OIP.ZPmbOG0_0WBy3RKEJV9muQHaFR?cb=defcache2defcache=1&rs=1&pid=ImgDetMain&o=7&rm=505,https://example.com/games/cosmic-warrior-457,TRUE,NULL,2026-01-21 05:43:13.14+00,2026-01-21 05:43:13.14+00,Experience the thrill of Warrior in this top-rated Puzzle adventure.,0
77f50c54-7be2-4618-94b7-d4584e9999f6,Cosmic Zombie,Simulation,https://tse1.mm.bing.net/th/id/OIP.ZPmbOG0_0WBy3RKEJV9muQHaFR?cb=defcache2defcache=1&rs=1&pid=ImgDetMain&o=7&rm=506,https://example.com/games/cosmic-zombie-828,TRUE,NULL,2026-01-21 05:43:13.14+00,2026-01-21 05:43:13.14+00,Experience the thrill of Zombie in this top-rated Simulation adventure.,0
7824747c-3d61-4091-aeae-9904efae423f,Tiny Robot,Simulation,https://tse1.mm.bing.net/th/id/OIP.ZPmbOG0_0WBy3RKEJV9muQHaFR?cb=defcache2defcache=1&rs=1&pid=ImgDetMain&o=7&rm=507,https://example.com/games/tiny-robot-640,TRUE,NULL,2026-01-21 05:43:13.14+00,2026-01-21 05:43:13.14+00,Join millions of players in this Simulation classic focused on explore and robots.,0
78572c50-a332-4de4-aef9-eec674d3dc15,Wild Robot,Horror,https://tse1.mm.bing.net/th/id/OIP.ZPmbOG0_0WBy3RKEJV9muQHaFR?cb=defcache2defcache=1&rs=1&pid=ImgDetMain&o=7&rm=508,https://example.com/games/wild-robot-498,TRUE,NULL,2026-01-21 05:43:13.14+00,2026-01-21 05:43:13.14+00,The ultimate Horror experience awaits you in Wild Robot.,0
78deffc0-ad8a-41fd-a5c7-b54d9d4440d1,Epic Builder,Simulation,https://tse1.mm.bing.net/th/id/OIP.ZPmbOG0_0WBy3RKEJV9muQHaFR?cb=defcache2defcache=1&rs=1&pid=ImgDetMain&o=7&rm=509,https://example.com/games/epic-builder-179,TRUE,NULL,2026-01-21 05:43:13.14+00,2026-01-21 05:43:13.14+00,Build your way to victory in this exciting Simulation game featuring the legendary Builder.,0
793e8397-70cb-42a3-9d69-2c31cfdffb2d,Medieval Pirate,RPG,https://tse1.mm.bing.net/th/id/OIP.ZPmbOG0_0WBy3RKEJV9muQHaFR?cb=defcache2defcache=1&rs=1&pid=ImgDetMain&o=7&rm=510,https://example.com/games/medieval-pirate-507,TRUE,NULL,2026-01-21 05:43:13.14+00,2026-01-21 05:43:13.14+00,A masterful RPG journey where you must become the ultimate Pirate.,0
7944a3f6-9a99-4216-8414-679387e51c98,Super Builder,Adventure,https://tse1.mm.bing.net/th/id/OIP.ZPmbOG0_0WBy3RKEJV9muQHaFR?cb=defcache2defcache=1&rs=1&pid=ImgDetMain&o=7&rm=511,https://example.com/games/super-builder-910,TRUE,NULL,2026-01-21 05:43:13.14+00,2026-01-21 05:43:13.14+00,Explore your way to victory in this exciting Adventure game featuring the legendary Builder.,0
797e50d0-f457-4bec-a4f0-a9d1913e03b1,Cosmic City,Strategy,https://tse1.mm.bing.net/th/id/OIP.ZPmbOG0_0WBy3RKEJV9muQHaFR?cb=defcache2defcache=1&rs=1&pid=ImgDetMain&o=7&rm=512,https://example.com/games/cosmic-city-512,TRUE,NULL,2026-01-21 05:43:13.14+00,2026-01-21 05:43:13.14+00,The ultimate Strategy experience awaits you in Cosmic City.,0
79d5b10d-42f3-48b0-aa97-3e8a8cbabcb3,Cyber Builder,Racing,https://tse1.mm.bing.net/th/id/OIP.ZPmbOG0_0WBy3RKEJV9muQHaFR?cb=defcache2defcache=1&rs=1&pid=ImgDetMain&o=7&rm=513,https://example.com/games/cyber-builder-46,TRUE,NULL,2026-01-21 05:43:13.14+00,2026-01-21 05:43:13.14+00,Join millions of players in this Racing classic focused on destroy and builders.,0
79f71271-161f-4c04-bff1-4c92fac65455,Furious Empire,RPG,https://tse1.mm.bing.net/th/id/OIP.ZPmbOG0_0WBy3RKEJV9muQHaFR?cb=defcache2defcache=1&rs=1&pid=ImgDetMain&o=7&rm=514,https://example.com/games/furious-empire-909,TRUE,NULL,2026-01-21 05:43:13.14+00,2026-01-21 05:43:13.14+00,Join millions of players in this RPG classic focused on solve and empires.,0
7a4469cd-58d2-41e4-93ed-ff129e4b26c5,resident evil 4,horror,https://tse1.mm.bing.net/th/id/OIP.ZPmbOG0_0WBy3RKEJV9muQHaFR?cb=defcache2defcache=1&rs=1&pid=ImgDetMain&o=7&rm=515,https://www.residentevil.com/re4/en-us/,TRUE,2026-01-21 10:19:25.84+00,2026-01-21 05:43:13.14+00,2026-01-21 10:19:25.841+00,Survival_horror,0
7a783640-283a-4919-a791-94bbfe621126,Dark City,RPG,https://tse1.mm.bing.net/th/id/OIP.ZPmbOG0_0WBy3RKEJV9muQHaFR?cb=defcache2defcache=1&rs=1&pid=ImgDetMain&o=7&rm=516,https://example.com/games/dark-city-295,TRUE,NULL,2026-01-21 05:43:13.14+00,2026-01-21 05:43:13.14+00,Join millions of players in this RPG classic focused on build and citys.,0
7b104bfa-5597-4d9f-b4e4-2a38069fb291,Cosmic Robot,RPG,https://tse1.mm.bing.net/th/id/OIP.ZPmbOG0_0WBy3RKEJV9muQHaFR?cb=defcache2defcache=1&rs=1&pid=ImgDetMain&o=7&rm=517,https://example.com/games/cosmic-robot-983,TRUE,NULL,2026-01-21 05:43:13.14+00,2026-01-21 05:43:13.14+00,Experience the thrill of Robot in this top-rated RPG adventure.,0
7b119f1b-6474-4ff1-9110-145446aa5378,Light Pilot,Strategy,https://tse1.mm.bing.net/th/id/OIP.ZPmbOG0_0WBy3RKEJV9muQHaFR?cb=defcache2defcache=1&rs=1&pid=ImgDetMain&o=7&rm=518,https://example.com/games/light-pilot-13,TRUE,NULL,2026-01-21 05:43:13.14+00,2026-01-21 13:39:08.48+00,Experience the thrill of Pilot in this top-rated Strategy adventure.,0
7b3ae7ab-1f67-4ee1-a2fa-0307d0d2623e,Cosmic Warrior,Racing,https://tse1.mm.bing.net/th/id/OIP.ZPmbOG0_0WBy3RKEJV9muQHaFR?cb=defcache2defcache=1&rs=1&pid=ImgDetMain&o=7&rm=519,https://example.com/games/cosmic-warrior-646,TRUE,NULL,2026-01-21 05:43:13.14+00,2026-01-21 05:43:13.14+00,Experience the thrill of Warrior in this top-rated Racing adventure.,0
7b5b467a-ab99-48bb-b4e7-b276b0a9c040,Super City,Sports,https://tse1.mm.bing.net/th/id/OIP.ZPmbOG0_0WBy3RKEJV9muQHaFR?cb=defcache2defcache=1&rs=1&pid=ImgDetMain&o=7&rm=520,https://example.com/games/super-city-606,TRUE,NULL,2026-01-21 05:43:13.14+00,2026-01-21 05:43:13.14+00,Join millions of players in this Sports classic focused on survive and citys.,0
7babe415-39c8-435f-b85f-48b924d1ff5a,Golden Hero,Horror,https://tse1.mm.bing.net/th/id/OIP.ZPmbOG0_0WBy3RKEJV9muQHaFR?cb=defcache2defcache=1&rs=1&pid=ImgDetMain&o=7&rm=521,https://example.com/games/golden-hero-447,TRUE,NULL,2026-01-21 05:43:13.14+00,2026-01-21 05:43:13.14+00,Join millions of players in this Horror classic focused on conquer and heros.,0
7be88e01-1e27-47d2-9ab8-fb4b3a46df3a,Super Robot,Strategy,https://tse1.mm.bing.net/th/id/OIP.ZPmbOG0_0WBy3RKEJV9muQHaFR?cb=defcache2defcache=1&rs=1&pid=ImgDetMain&o=7&rm=522,https://example.com/games/super-robot-642,TRUE,NULL,2026-01-21 05:43:13.14+00,2026-01-21 05:43:13.14+00,Experience the thrill of Robot in this top-rated Strategy adventure.,0
7c070675-1113-43f9-b6d1-f17c21ccc86a,Medieval Dungeon,Simulation,https://tse1.mm.bing.net/th/id/OIP.ZPmbOG0_0WBy3RKEJV9muQHaFR?cb=defcache2defcache=1&rs=1&pid=ImgDetMain&o=7&rm=523,https://example.com/games/medieval-dungeon-174,TRUE,NULL,2026-01-21 05:43:13.14+00,2026-01-21 05:43:13.14+00,Experience the thrill of Dungeon in this top-rated Simulation adventure.,0
7c14a78a-d203-48a0-aada-3f290729d5f6,Cosmic Racer,Horror,https://tse1.mm.bing.net/th/id/OIP.ZPmbOG0_0WBy3RKEJV9muQHaFR?cb=defcache2defcache=1&rs=1&pid=ImgDetMain&o=7&rm=524,https://example.com/games/cosmic-racer-868,TRUE,NULL,2026-01-21 05:43:13.14+00,2026-01-21 05:43:13.14+00,Experience the thrill of Racer in this top-rated Horror adventure.,0
7c1ca0bf-51c6-4f21-9f5a-6974a5b9d561,Tiny Builder,Strategy,https://tse1.mm.bing.net/th/id/OIP.ZPmbOG0_0WBy3RKEJV9muQHaFR?cb=defcache2defcache=1&rs=1&pid=ImgDetMain&o=7&rm=525,https://example.com/games/tiny-builder-528,TRUE,NULL,2026-01-21 05:43:13.14+00,2026-01-21 05:43:13.14+00,Experience the thrill of Builder in this top-rated Strategy adventure.,0
7c22983c-2fa3-4ce1-88ea-c47e45943b1f,Epic Builder,Strategy,https://tse1.mm.bing.net/th/id/OIP.ZPmbOG0_0WBy3RKEJV9muQHaFR?cb=defcache2defcache=1&rs=1&pid=ImgDetMain&o=7&rm=526,https://example.com/games/epic-builder-746,TRUE,NULL,2026-01-21 05:43:13.14+00,2026-01-21 05:43:13.14+00,The ultimate Strategy experience awaits you in Epic Builder.,0
7e34e03b-32fd-40c9-870f-b64b4c091472,Dark Detective,Puzzle,https://tse1.mm.bing.net/th/id/OIP.ZPmbOG0_0WBy3RKEJV9muQHaFR?cb=defcache2defcache=1&rs=1&pid=ImgDetMain&o=7&rm=527,https://example.com/games/dark-detective-125,TRUE,NULL,2026-01-21 05:43:13.14+00,2026-01-21 05:43:13.14+00,Join millions of players in this Puzzle classic focused on race and detectives.,0
7eaca4fe-3c02-4dee-8e9e-b1acea93d49e,Tiny Empire,Sports,https://tse1.mm.bing.net/th/id/OIP.ZPmbOG0_0WBy3RKEJV9muQHaFR?cb=defcache2defcache=1&rs=1&pid=ImgDetMain&o=7&rm=528,https://example.com/games/tiny-empire-775,TRUE,NULL,2026-01-21 05:43:13.14+00,2026-01-21 05:43:13.14+00,The ultimate Sports experience awaits you in Tiny Empire.,0
7f61c2e2-7a8a-4f21-9036-7b6c53485ab1,Light Hero,Action,https://tse1.mm.bing.net/th/id/OIP.ZPmbOG0_0WBy3RKEJV9muQHaFR?cb=defcache2defcache=1&rs=1&pid=ImgDetMain&o=7&rm=529,https://example.com/games/light-hero-401,TRUE,NULL,2026-01-21 05:43:13.14+00,2026-01-21 05:43:13.14+00,The ultimate Action experience awaits you in Light Hero.,0
7fc8f50b-7a39-41d4-9a5b-8a14e6aab808,Super Legend,Arcade,https://tse1.mm.bing.net/th/id/OIP.ZPmbOG0_0WBy3RKEJV9muQHaFR?cb=defcache2defcache=1&rs=1&pid=ImgDetMain&o=7&rm=530,https://example.com/games/super-legend-148,TRUE,NULL,2026-01-21 05:43:13.14+00,2026-01-21 05:43:13.14+00,The ultimate Arcade experience awaits you in Super Legend.,0
81104d65-5ed5-4276-a25f-d6453c6fd379,Crystal Farm,Sports,https://tse1.mm.bing.net/th/id/OIP.ZPmbOG0_0WBy3RKEJV9muQHaFR?cb=defcache2defcache=1&rs=1&pid=ImgDetMain&o=7&rm=531,https://example.com/games/crystal-farm-95,TRUE,NULL,2026-01-21 05:43:13.14+00,2026-01-21 05:43:13.14+00,The ultimate Sports experience awaits you in Crystal Farm.,0
8125652b-bc44-4ac8-885f-e1e9d3ac7d7b,Cyber Ninja,Horror,https://tse1.mm.bing.net/th/id/OIP.ZPmbOG0_0WBy3RKEJV9muQHaFR?cb=defcache2defcache=1&rs=1&pid=ImgDetMain&o=7&rm=532,https://example.com/games/cyber-ninja-623,TRUE,NULL,2026-01-21 05:43:13.14+00,2026-01-21 05:43:13.14+00,Solve your way to victory in this exciting Horror game featuring the legendary Ninja.,0
81db84a6-33b4-49c4-a76c-780c969bc989,Iron Warrior,Racing,https://tse1.mm.bing.net/th/id/OIP.ZPmbOG0_0WBy3RKEJV9muQHaFR?cb=defcache2defcache=1&rs=1&pid=ImgDetMain&o=7&rm=533,https://example.com/games/iron-warrior-236,TRUE,NULL,2026-01-21 05:43:13.14+00,2026-01-21 05:43:13.14+00,Defend your way to victory in this exciting Racing game featuring the legendary Warrior.,0
81ed5767-579f-4fea-8fb6-e84dd1a1d109,Silent Detective,Horror,https://tse1.mm.bing.net/th/id/OIP.ZPmbOG0_0WBy3RKEJV9muQHaFR?cb=defcache2defcache=1&rs=1&pid=ImgDetMain&o=7&rm=534,https://example.com/games/silent-detective-434,TRUE,NULL,2026-01-21 05:43:13.14+00,2026-01-21 05:43:13.14+00,Manage your way to victory in this exciting Horror game featuring the legendary Detective.,0
81f11970-6294-499a-ae40-5eeb0f3d5581,Crystal Pilot,Adventure,https://tse1.mm.bing.net/th/id/OIP.ZPmbOG0_0WBy3RKEJV9muQHaFR?cb=defcache2defcache=1&rs=1&pid=ImgDetMain&o=7&rm=535,https://example.com/games/crystal-pilot-324,TRUE,NULL,2026-01-21 05:43:13.14+00,2026-01-21 05:43:13.14+00,The ultimate Adventure experience awaits you in Crystal Pilot.,0
826ef95d-0850-4b3b-a40e-815cbcd09686,Tiny Hero,Racing,https://tse1.mm.bing.net/th/id/OIP.ZPmbOG0_0WBy3RKEJV9muQHaFR?cb=defcache2defcache=1&rs=1&pid=ImgDetMain&o=7&rm=536,https://example.com/games/tiny-hero-345,TRUE,NULL,2026-01-21 05:43:13.14+00,2026-01-21 05:43:13.14+00,Experience the thrill of Hero in this top-rated Racing adventure.,0
82e88712-6395-4b31-98f8-8434536d75d2,Tiny Pilot,Horror,https://tse1.mm.bing.net/th/id/OIP.ZPmbOG0_0WBy3RKEJV9muQHaFR?cb=defcache2defcache=1&rs=1&pid=ImgDetMain&o=7&rm=537,https://example.com/games/tiny-pilot-98,TRUE,NULL,2026-01-21 05:43:13.14+00,2026-01-21 05:43:13.14+00,The ultimate Horror experience awaits you in Tiny Pilot.,0
830a896e-503e-477f-a934-b9f8edf13ba7,Cosmic Hero,Strategy,https://tse1.mm.bing.net/th/id/OIP.ZPmbOG0_0WBy3RKEJV9muQHaFR?cb=defcache2defcache=1&rs=1&pid=ImgDetMain&o=7&rm=538,https://example.com/games/cosmic-hero-360,TRUE,NULL,2026-01-21 05:43:13.14+00,2026-01-21 05:43:13.14+00,Destroy your way to victory in this exciting Strategy game featuring the legendary Hero.,0
836572d8-449e-421c-a928-2c6abb043aed,Medieval Chef,Action,https://tse1.mm.bing.net/th/id/OIP.ZPmbOG0_0WBy3RKEJV9muQHaFR?cb=defcache2defcache=1&rs=1&pid=ImgDetMain&o=7&rm=539,https://example.com/games/medieval-chef-574,TRUE,NULL,2026-01-21 05:43:13.14+00,2026-01-21 05:43:13.14+00,Fight your way to victory in this exciting Action game featuring the legendary Chef.,0
83f59b5a-a126-405f-9718-ae0a62d0c941,Dark Ninja,Horror,https://tse1.mm.bing.net/th/id/OIP.ZPmbOG0_0WBy3RKEJV9muQHaFR?cb=defcache2defcache=1&rs=1&pid=ImgDetMain&o=7&rm=540,https://example.com/games/dark-ninja-473,TRUE,NULL,2026-01-21 05:43:13.14+00,2026-01-21 05:43:13.14+00,The ultimate Horror experience awaits you in Dark Ninja.,0
846b91d3-6f18-4a19-8d03-26a49e04192f,Golden Dungeon,Sports,https://tse1.mm.bing.net/th/id/OIP.ZPmbOG0_0WBy3RKEJV9muQHaFR?cb=defcache2defcache=1&rs=1&pid=ImgDetMain&o=7&rm=541,https://example.com/games/golden-dungeon-501,TRUE,NULL,2026-01-21 05:43:13.14+00,2026-01-21 05:43:13.14+00,Solve your way to victory in this exciting Sports game featuring the legendary Dungeon.,0
84b90e32-adb6-4300-9313-4ba0bedbb2c8,Crystal Robot,Horror,https://tse1.mm.bing.net/th/id/OIP.ZPmbOG0_0WBy3RKEJV9muQHaFR?cb=defcache2defcache=1&rs=1&pid=ImgDetMain&o=7&rm=542,https://example.com/games/crystal-robot-935,TRUE,NULL,2026-01-21 05:43:13.14+00,2026-01-21 05:43:13.14+00,Join millions of players in this Horror classic focused on race and robots.,0
84e27218-e7a3-4e76-8799-bcb202f0d6fe,Golden Chef,Simulation,https://tse1.mm.bing.net/th/id/OIP.ZPmbOG0_0WBy3RKEJV9muQHaFR?cb=defcache2defcache=1&rs=1&pid=ImgDetMain&o=7&rm=543,https://example.com/games/golden-chef-242,TRUE,NULL,2026-01-21 05:43:13.14+00,2026-01-21 05:43:13.14+00,The ultimate Simulation experience awaits you in Golden Chef.,0
850922fd-6af2-4fbd-aff6-631d2c55803f,Super Farm,Simulation,https://tse1.mm.bing.net/th/id/OIP.ZPmbOG0_0WBy3RKEJV9muQHaFR?cb=defcache2defcache=1&rs=1&pid=ImgDetMain&o=7&rm=544,https://example.com/games/super-farm-923,TRUE,NULL,2026-01-21 05:43:13.14+00,2026-01-21 05:43:13.14+00,The ultimate Simulation experience awaits you in Super Farm.,0
852f26a6-eb07-48e9-afc4-686fbf2951ad,Crystal Hero,Horror,https://tse1.mm.bing.net/th/id/OIP.ZPmbOG0_0WBy3RKEJV9muQHaFR?cb=defcache2defcache=1&rs=1&pid=ImgDetMain&o=7&rm=545,https://example.com/games/crystal-hero-217,TRUE,NULL,2026-01-21 05:43:13.14+00,2026-01-21 05:43:13.14+00,Join millions of players in this Horror classic focused on build and heros.,0
8546754e-d803-4444-859d-817b059e103d,Crystal Zombie,Puzzle,https://tse1.mm.bing.net/th/id/OIP.ZPmbOG0_0WBy3RKEJV9muQHaFR?cb=defcache2defcache=1&rs=1&pid=ImgDetMain&o=7&rm=546,https://example.com/games/crystal-zombie-494,TRUE,NULL,2026-01-21 05:43:13.14+00,2026-01-21 05:43:13.14+00,Solve your way to victory in this exciting Puzzle game featuring the legendary Zombie.,0
85554340-5445-4269-9be1-af9eda2693f3,Medieval Farm,Action,https://tse1.mm.bing.net/th/id/OIP.ZPmbOG0_0WBy3RKEJV9muQHaFR?cb=defcache2defcache=1&rs=1&pid=ImgDetMain&o=7&rm=547,https://example.com/games/medieval-farm-823,TRUE,NULL,2026-01-21 05:43:13.14+00,2026-01-21 05:43:13.14+00,The ultimate Action experience awaits you in Medieval Farm.,0
858c3027-1921-43bb-977b-c77dc8a5cc20,Dark City,RPG,https://tse1.mm.bing.net/th/id/OIP.ZPmbOG0_0WBy3RKEJV9muQHaFR?cb=defcache2defcache=1&rs=1&pid=ImgDetMain&o=7&rm=548,https://example.com/games/dark-city-101,TRUE,NULL,2026-01-21 05:43:13.14+00,2026-01-21 05:43:13.14+00,The ultimate RPG experience awaits you in Dark City.,0
85daa630-14c1-474d-80cb-49eb9443fea6,Medieval Zombie,Racing,https://tse1.mm.bing.net/th/id/OIP.ZPmbOG0_0WBy3RKEJV9muQHaFR?cb=defcache2defcache=1&rs=1&pid=ImgDetMain&o=7&rm=549,https://example.com/games/medieval-zombie-387,TRUE,NULL,2026-01-21 05:43:13.14+00,2026-01-21 05:43:13.14+00,A masterful Racing journey where you must become the ultimate Zombie.,0
86050a5f-3e41-446e-abf6-5593cb7cfbac,Crystal Detective,Adventure,https://tse1.mm.bing.net/th/id/OIP.ZPmbOG0_0WBy3RKEJV9muQHaFR?cb=defcache2defcache=1&rs=1&pid=ImgDetMain&o=7&rm=550,https://example.com/games/crystal-detective-392,TRUE,NULL,2026-01-21 05:43:13.14+00,2026-01-21 05:43:13.14+00,Experience the thrill of Detective in this top-rated Adventure adventure.,0
871b0b41-a155-4110-985e-b0e82ed406dd,Cyber Legend,Puzzle,https://tse1.mm.bing.net/th/id/OIP.ZPmbOG0_0WBy3RKEJV9muQHaFR?cb=defcache2defcache=1&rs=1&pid=ImgDetMain&o=7&rm=551,https://example.com/games/cyber-legend-355,TRUE,NULL,2026-01-21 05:43:13.14+00,2026-01-21 05:43:13.14+00,A masterful Puzzle journey where you must become the ultimate Legend.,0
87bb5dc1-86d6-4cb6-8fda-27b65cd293be,Silent Pirate,Horror,https://tse1.mm.bing.net/th/id/OIP.ZPmbOG0_0WBy3RKEJV9muQHaFR?cb=defcache2defcache=1&rs=1&pid=ImgDetMain&o=7&rm=552,https://example.com/games/silent-pirate-68,TRUE,NULL,2026-01-21 05:43:13.14+00,2026-01-21 05:43:13.14+00,Experience the thrill of Pirate in this top-rated Horror adventure.,0
87c8d2e8-e0b2-450f-8731-132828c28e29,Furious Dungeon,Adventure,https://tse1.mm.bing.net/th/id/OIP.ZPmbOG0_0WBy3RKEJV9muQHaFR?cb=defcache2defcache=1&rs=1&pid=ImgDetMain&o=7&rm=553,https://example.com/games/furious-dungeon-342,TRUE,NULL,2026-01-21 05:43:13.14+00,2026-01-21 05:43:13.14+00,The ultimate Adventure experience awaits you in Furious Dungeon.,0
88631689-6e4d-4553-b806-bd78ccfefa25,Super Farm,Simulation,https://tse1.mm.bing.net/th/id/OIP.ZPmbOG0_0WBy3RKEJV9muQHaFR?cb=defcache2defcache=1&rs=1&pid=ImgDetMain&o=7&rm=554,https://example.com/games/super-farm-908,TRUE,NULL,2026-01-21 05:43:13.14+00,2026-01-21 05:43:13.14+00,Join millions of players in this Simulation classic focused on build and farms.,0
887ea102-31fd-4399-b515-5bd428b5a5e8,Cosmic Builder,Arcade,https://tse1.mm.bing.net/th/id/OIP.ZPmbOG0_0WBy3RKEJV9muQHaFR?cb=defcache2defcache=1&rs=1&pid=ImgDetMain&o=7&rm=555,https://example.com/games/cosmic-builder-167,TRUE,NULL,2026-01-21 05:43:13.14+00,2026-01-21 05:43:13.14+00,Survive your way to victory in this exciting Arcade game featuring the legendary Builder.,0
88ab69de-aab6-4e2e-a45d-37d74b0af977,Light Hero,RPG,https://tse1.mm.bing.net/th/id/OIP.ZPmbOG0_0WBy3RKEJV9muQHaFR?cb=defcache2defcache=1&rs=1&pid=ImgDetMain&o=7&rm=556,https://example.com/games/light-hero-888,TRUE,NULL,2026-01-21 05:43:13.14+00,2026-01-21 05:43:13.14+00,A masterful RPG journey where you must become the ultimate Hero.,0
88ad4dc5-d5a6-4407-a45c-d0d3dc4d2a7b,Cosmic Robot,Sports,https://tse1.mm.bing.net/th/id/OIP.ZPmbOG0_0WBy3RKEJV9muQHaFR?cb=defcache2defcache=1&rs=1&pid=ImgDetMain&o=7&rm=557,https://example.com/games/cosmic-robot-326,TRUE,NULL,2026-01-21 05:43:13.14+00,2026-01-21 05:43:13.14+00,Conquer your way to victory in this exciting Sports game featuring the legendary Robot.,0
88e82a3d-2253-4d24-bd1b-6eb2c8fc2acd,Cosmic Hero,Puzzle,https://tse1.mm.bing.net/th/id/OIP.ZPmbOG0_0WBy3RKEJV9muQHaFR?cb=defcache2defcache=1&rs=1&pid=ImgDetMain&o=7&rm=558,https://example.com/games/cosmic-hero-297,TRUE,NULL,2026-01-21 05:43:13.14+00,2026-01-21 05:43:13.14+00,Build your way to victory in this exciting Puzzle game featuring the legendary Hero.,0
89357067-6ff8-4c2f-8d20-cc4a0e5b1246,Neon Farm,Sports,https://tse1.mm.bing.net/th/id/OIP.ZPmbOG0_0WBy3RKEJV9muQHaFR?cb=defcache2defcache=1&rs=1&pid=ImgDetMain&o=7&rm=559,https://example.com/games/neon-farm-296,TRUE,NULL,2026-01-21 05:43:13.14+00,2026-01-21 05:43:13.14+00,Experience the thrill of Farm in this top-rated Sports adventure.,0
89734ac3-221a-499f-87e8-b676e4c2b093,Cosmic Zombie,Puzzle,https://tse1.mm.bing.net/th/id/OIP.ZPmbOG0_0WBy3RKEJV9muQHaFR?cb=defcache2defcache=1&rs=1&pid=ImgDetMain&o=7&rm=560,https://example.com/games/cosmic-zombie-319,TRUE,NULL,2026-01-21 05:43:13.14+00,2026-01-21 05:43:13.14+00,Join millions of players in this Puzzle classic focused on build and zombies.,0
899415c0-eb51-4e16-8f3e-f20c056ae050,Furious Builder,Adventure,https://tse1.mm.bing.net/th/id/OIP.ZPmbOG0_0WBy3RKEJV9muQHaFR?cb=defcache2defcache=1&rs=1&pid=ImgDetMain&o=7&rm=561,https://example.com/games/furious-builder-91,TRUE,NULL,2026-01-21 05:43:13.14+00,2026-01-21 05:43:13.14+00,A masterful Adventure journey where you must become the ultimate Builder.,0
899e2792-1ea3-4666-8ec9-ecce0e70de7f,Furious Warrior,Puzzle,https://tse1.mm.bing.net/th/id/OIP.ZPmbOG0_0WBy3RKEJV9muQHaFR?cb=defcache2defcache=1&rs=1&pid=ImgDetMain&o=7&rm=562,https://example.com/games/furious-warrior-655,TRUE,NULL,2026-01-21 05:43:13.14+00,2026-01-21 05:43:13.14+00,Explore your way to victory in this exciting Puzzle game featuring the legendary Warrior.,0
89ca32be-876d-4bd6-a03c-0a1eaf07203c,Crystal Racer,Strategy,https://tse1.mm.bing.net/th/id/OIP.ZPmbOG0_0WBy3RKEJV9muQHaFR?cb=defcache2defcache=1&rs=1&pid=ImgDetMain&o=7&rm=563,https://example.com/games/crystal-racer-911,TRUE,NULL,2026-01-21 05:43:13.14+00,2026-01-21 05:43:13.14+00,The ultimate Strategy experience awaits you in Crystal Racer.,0
89d38473-e0ab-4e69-95b9-65fc56de4b7c,Golden Warrior,Action,https://tse1.mm.bing.net/th/id/OIP.ZPmbOG0_0WBy3RKEJV9muQHaFR?cb=defcache2defcache=1&rs=1&pid=ImgDetMain&o=7&rm=564,https://example.com/games/golden-warrior-362,TRUE,NULL,2026-01-21 05:43:13.14+00,2026-01-21 05:43:13.14+00,Join millions of players in this Action classic focused on explore and warriors.,0
89f960b7-a88c-4b98-a591-b89ebaaf0e40,Light Pirate,Strategy,https://tse1.mm.bing.net/th/id/OIP.ZPmbOG0_0WBy3RKEJV9muQHaFR?cb=defcache2defcache=1&rs=1&pid=ImgDetMain&o=7&rm=565,https://example.com/games/light-pirate-88,TRUE,NULL,2026-01-21 05:43:13.14+00,2026-01-21 13:38:17.655+00,A masterful Strategy journey where you must become the ultimate Pirate.,0
8a6c95ae-94b2-432b-ab4d-b63edadc09d5,Cosmic Chef,RPG,https://tse1.mm.bing.net/th/id/OIP.ZPmbOG0_0WBy3RKEJV9muQHaFR?cb=defcache2defcache=1&rs=1&pid=ImgDetMain&o=7&rm=566,https://example.com/games/cosmic-chef-748,TRUE,NULL,2026-01-21 05:43:13.14+00,2026-01-21 05:43:13.14+00,Join millions of players in this RPG classic focused on defend and chefs.,0
8b999ccc-3a0b-4eba-9cd5-51a6822cd949,Wild Warrior,Sports,https://tse1.mm.bing.net/th/id/OIP.ZPmbOG0_0WBy3RKEJV9muQHaFR?cb=defcache2defcache=1&rs=1&pid=ImgDetMain&o=7&rm=567,https://example.com/games/wild-warrior-211,TRUE,NULL,2026-01-21 05:43:13.14+00,2026-01-21 05:43:13.14+00,Join millions of players in this Sports classic focused on explore and warriors.,0
8bb42730-49d2-4b26-8187-210f7b5c32f4,Dark Farm,Sports,https://tse1.mm.bing.net/th/id/OIP.ZPmbOG0_0WBy3RKEJV9muQHaFR?cb=defcache2defcache=1&rs=1&pid=ImgDetMain&o=7&rm=568,https://example.com/games/dark-farm-781,TRUE,NULL,2026-01-21 05:43:13.14+00,2026-01-21 05:43:13.14+00,Join millions of players in this Sports classic focused on defend and farms.,0
8bef70e8-9cfb-41be-9595-ad4137fe3c80,Iron Farm,Strategy,https://tse1.mm.bing.net/th/id/OIP.ZPmbOG0_0WBy3RKEJV9muQHaFR?cb=defcache2defcache=1&rs=1&pid=ImgDetMain&o=7&rm=569,https://example.com/games/iron-farm-476,TRUE,NULL,2026-01-21 05:43:13.14+00,2026-01-21 05:43:13.14+00,Experience the thrill of Farm in this top-rated Strategy adventure.,0
8c5939ba-f6f6-4cf9-85b1-4d0e02c00b14,Epic Farm,Arcade,https://tse1.mm.bing.net/th/id/OIP.ZPmbOG0_0WBy3RKEJV9muQHaFR?cb=defcache2defcache=1&rs=1&pid=ImgDetMain&o=7&rm=570,https://example.com/games/epic-farm-644,TRUE,NULL,2026-01-21 05:43:13.14+00,2026-01-21 05:43:13.14+00,Build your way to victory in this exciting Arcade game featuring the legendary Farm.,0
8c6feeb3-9e4a-423b-ab65-2662f1c52ca4,Wild Pirate,Horror,https://tse1.mm.bing.net/th/id/OIP.ZPmbOG0_0WBy3RKEJV9muQHaFR?cb=defcache2defcache=1&rs=1&pid=ImgDetMain&o=7&rm=571,https://example.com/games/wild-pirate-374,TRUE,NULL,2026-01-21 05:43:13.14+00,2026-01-21 05:43:13.14+00,Experience the thrill of Pirate in this top-rated Horror adventure.,0
8c7d7547-39c8-4ff6-8c79-05d2cfe4a7de,Tiny Racer,Puzzle,https://tse1.mm.bing.net/th/id/OIP.ZPmbOG0_0WBy3RKEJV9muQHaFR?cb=defcache2defcache=1&rs=1&pid=ImgDetMain&o=7&rm=572,https://example.com/games/tiny-racer-677,TRUE,NULL,2026-01-21 05:43:13.14+00,2026-01-21 05:43:13.14+00,A masterful Puzzle journey where you must become the ultimate Racer.,0
8c8010ed-abd2-49f4-8d83-9cff0b9e6d7a,Wild Dungeon,Strategy,https://tse1.mm.bing.net/th/id/OIP.ZPmbOG0_0WBy3RKEJV9muQHaFR?cb=defcache2defcache=1&rs=1&pid=ImgDetMain&o=7&rm=573,https://example.com/games/wild-dungeon-919,TRUE,NULL,2026-01-21 05:43:13.14+00,2026-01-21 05:43:13.14+00,Join millions of players in this Strategy classic focused on destroy and dungeons.,0
8cf319fb-4676-46f7-aa11-aab01976874c,Dark Pirate,Horror,https://tse1.mm.bing.net/th/id/OIP.ZPmbOG0_0WBy3RKEJV9muQHaFR?cb=defcache2defcache=1&rs=1&pid=ImgDetMain&o=7&rm=574,https://example.com/games/dark-pirate-795,TRUE,NULL,2026-01-21 05:43:13.14+00,2026-01-21 05:43:13.14+00,Join millions of players in this Horror classic focused on destroy and pirates.,0
8d1bef3b-0e3e-4594-b2e1-aaeeb911cd79,Super Chef,Simulation,https://tse1.mm.bing.net/th/id/OIP.ZPmbOG0_0WBy3RKEJV9muQHaFR?cb=defcache2defcache=1&rs=1&pid=ImgDetMain&o=7&rm=575,https://example.com/games/super-chef-86,TRUE,NULL,2026-01-21 05:43:13.14+00,2026-01-21 05:43:13.14+00,The ultimate Simulation experience awaits you in Super Chef.,0
8d3a794e-5d7a-4ff0-9f03-ddda18ce9d91,Cyber Pirate,Sports,https://tse1.mm.bing.net/th/id/OIP.ZPmbOG0_0WBy3RKEJV9muQHaFR?cb=defcache2defcache=1&rs=1&pid=ImgDetMain&o=7&rm=576,https://example.com/games/cyber-pirate-745,TRUE,NULL,2026-01-21 05:43:13.14+00,2026-01-21 05:43:13.14+00,Survive your way to victory in this exciting Sports game featuring the legendary Pirate.,0
8d682d73-dca8-4852-8ea2-52b7133c8637,Wild Dungeon,Puzzle,https://tse1.mm.bing.net/th/id/OIP.ZPmbOG0_0WBy3RKEJV9muQHaFR?cb=defcache2defcache=1&rs=1&pid=ImgDetMain&o=7&rm=577,https://example.com/games/wild-dungeon-508,TRUE,NULL,2026-01-21 05:43:13.14+00,2026-01-21 05:43:13.14+00,Destroy your way to victory in this exciting Puzzle game featuring the legendary Dungeon.,0
8d828eb2-02ca-4198-aa1b-0d1b25306806,Mega Dungeon,Racing,https://tse1.mm.bing.net/th/id/OIP.ZPmbOG0_0WBy3RKEJV9muQHaFR?cb=defcache2defcache=1&rs=1&pid=ImgDetMain&o=7&rm=578,https://example.com/games/mega-dungeon-120,TRUE,NULL,2026-01-21 05:43:13.14+00,2026-01-21 05:43:13.14+00,The ultimate Racing experience awaits you in Mega Dungeon.,0
8dacf006-a7f6-4154-96da-6a65f94c14e6,Super Zombie,Horror,https://tse1.mm.bing.net/th/id/OIP.ZPmbOG0_0WBy3RKEJV9muQHaFR?cb=defcache2defcache=1&rs=1&pid=ImgDetMain&o=7&rm=579,https://example.com/games/super-zombie-705,TRUE,NULL,2026-01-21 05:43:13.14+00,2026-01-21 05:43:13.14+00,A masterful Horror journey where you must become the ultimate Zombie.,0
8dc790eb-0fe7-40a7-946a-ba28fe424f8b,Mega Pirate,Horror,https://tse1.mm.bing.net/th/id/OIP.ZPmbOG0_0WBy3RKEJV9muQHaFR?cb=defcache2defcache=1&rs=1&pid=ImgDetMain&o=7&rm=580,https://example.com/games/mega-pirate-2,TRUE,NULL,2026-01-21 05:43:13.14+00,2026-01-21 12:59:17.758+00,The ultimate Horror experience awaits you in Mega Pirate.,0
8e389fc3-b0f1-40ab-8333-e47f5d4efc06,Golden Chef,Sports,https://tse1.mm.bing.net/th/id/OIP.ZPmbOG0_0WBy3RKEJV9muQHaFR?cb=defcache2defcache=1&rs=1&pid=ImgDetMain&o=7&rm=581,https://example.com/games/golden-chef-651,TRUE,NULL,2026-01-21 05:43:13.14+00,2026-01-21 05:43:13.14+00,A masterful Sports journey where you must become the ultimate Chef.,0
8e511bf5-168c-4ec2-beed-a075d48c7e8b,Super Legend,Puzzle,https://tse1.mm.bing.net/th/id/OIP.ZPmbOG0_0WBy3RKEJV9muQHaFR?cb=defcache2defcache=1&rs=1&pid=ImgDetMain&o=7&rm=582,https://example.com/games/super-legend-189,TRUE,NULL,2026-01-21 05:43:13.14+00,2026-01-21 05:43:13.14+00,Survive your way to victory in this exciting Puzzle game featuring the legendary Legend.,0
8ede2f5e-4934-4d8e-9f44-a412f77d2277,Super Zombie,Racing,https://tse1.mm.bing.net/th/id/OIP.ZPmbOG0_0WBy3RKEJV9muQHaFR?cb=defcache2defcache=1&rs=1&pid=ImgDetMain&o=7&rm=583,https://example.com/games/super-zombie-930,TRUE,NULL,2026-01-21 05:43:13.14+00,2026-01-21 05:43:13.14+00,A masterful Racing journey where you must become the ultimate Zombie.,0
8f1e3bbf-04f9-4279-b0da-d83e3dd466f2,Dark Builder,Racing,https://tse1.mm.bing.net/th/id/OIP.ZPmbOG0_0WBy3RKEJV9muQHaFR?cb=defcache2defcache=1&rs=1&pid=ImgDetMain&o=7&rm=584,https://example.com/games/dark-builder-984,TRUE,NULL,2026-01-21 05:43:13.14+00,2026-01-21 05:43:13.14+00,Experience the thrill of Builder in this top-rated Racing adventure.,0
8f252835-da64-4965-b74a-82c665ed3ab8,Medieval Robot,Racing,https://tse1.mm.bing.net/th/id/OIP.ZPmbOG0_0WBy3RKEJV9muQHaFR?cb=defcache2defcache=1&rs=1&pid=ImgDetMain&o=7&rm=585,https://example.com/games/medieval-robot-517,TRUE,NULL,2026-01-21 05:43:13.14+00,2026-01-21 05:43:13.14+00,Join millions of players in this Racing classic focused on fight and robots.,0
8f75d4ec-a92d-44ed-bf2d-6346be4a9c1b,Wild Zombie,RPG,https://tse1.mm.bing.net/th/id/OIP.ZPmbOG0_0WBy3RKEJV9muQHaFR?cb=defcache2defcache=1&rs=1&pid=ImgDetMain&o=7&rm=586,https://example.com/games/wild-zombie-696,TRUE,NULL,2026-01-21 05:43:13.14+00,2026-01-21 05:43:13.14+00,Join millions of players in this RPG classic focused on survive and zombies.,0
8fbc1438-84a3-46e9-8c75-6b1fbe86dc93,Dark Warrior,RPG,https://tse1.mm.bing.net/th/id/OIP.ZPmbOG0_0WBy3RKEJV9muQHaFR?cb=defcache2defcache=1&rs=1&pid=ImgDetMain&o=7&rm=587,https://example.com/games/dark-warrior-685,TRUE,NULL,2026-01-21 05:43:13.14+00,2026-01-21 05:43:13.14+00,Survive your way to victory in this exciting RPG game featuring the legendary Warrior.,0
9008be27-0b10-4424-9db5-f2c447cd197a,Medieval Detective,Horror,https://tse1.mm.bing.net/th/id/OIP.ZPmbOG0_0WBy3RKEJV9muQHaFR?cb=defcache2defcache=1&rs=1&pid=ImgDetMain&o=7&rm=588,https://example.com/games/medieval-detective-151,TRUE,NULL,2026-01-21 05:43:13.14+00,2026-01-21 05:43:13.14+00,The ultimate Horror experience awaits you in Medieval Detective.,0
90108bf6-49a2-4a4c-9473-dd256329791e,Crystal Chef,Arcade,https://tse1.mm.bing.net/th/id/OIP.ZPmbOG0_0WBy3RKEJV9muQHaFR?cb=defcache2defcache=1&rs=1&pid=ImgDetMain&o=7&rm=589,https://example.com/games/crystal-chef-963,TRUE,NULL,2026-01-21 05:43:13.14+00,2026-01-21 05:43:13.14+00,The ultimate Arcade experience awaits you in Crystal Chef.,0
907cc14f-c4de-42f2-9f02-ceef4b884eba,Golden Pirate,Sports,https://tse1.mm.bing.net/th/id/OIP.ZPmbOG0_0WBy3RKEJV9muQHaFR?cb=defcache2defcache=1&rs=1&pid=ImgDetMain&o=7&rm=590,https://example.com/games/golden-pirate-783,TRUE,NULL,2026-01-21 05:43:13.14+00,2026-01-21 05:43:13.14+00,Explore your way to victory in this exciting Sports game featuring the legendary Pirate.,0
90e5080f-5575-413f-9617-63c7ae7be976,Iron City,Racing,https://tse1.mm.bing.net/th/id/OIP.ZPmbOG0_0WBy3RKEJV9muQHaFR?cb=defcache2defcache=1&rs=1&pid=ImgDetMain&o=7&rm=591,https://example.com/games/iron-city-349,TRUE,NULL,2026-01-21 05:43:13.14+00,2026-01-21 05:43:13.14+00,Manage your way to victory in this exciting Racing game featuring the legendary City.,0
90f6d272-507c-42d0-9faf-4b2724d54544,Cyber Ninja,Horror,https://tse1.mm.bing.net/th/id/OIP.ZPmbOG0_0WBy3RKEJV9muQHaFR?cb=defcache2defcache=1&rs=1&pid=ImgDetMain&o=7&rm=592,https://example.com/games/cyber-ninja-56,TRUE,NULL,2026-01-21 05:43:13.14+00,2026-01-21 05:43:13.14+00,Experience the thrill of Ninja in this top-rated Horror adventure.,0
913feca2-0b64-4109-9ffd-a67c80a1680e,Furious Legend,Puzzle,https://tse1.mm.bing.net/th/id/OIP.ZPmbOG0_0WBy3RKEJV9muQHaFR?cb=defcache2defcache=1&rs=1&pid=ImgDetMain&o=7&rm=593,https://example.com/games/furious-legend-831,TRUE,NULL,2026-01-21 05:43:13.14+00,2026-01-21 05:43:13.14+00,The ultimate Puzzle experience awaits you in Furious Legend.,0
919f3638-9ec6-4421-908e-2ef04a0bd945,Dark Builder,Simulation,https://tse1.mm.bing.net/th/id/OIP.ZPmbOG0_0WBy3RKEJV9muQHaFR?cb=defcache2defcache=1&rs=1&pid=ImgDetMain&o=7&rm=594,https://example.com/games/dark-builder-470,TRUE,NULL,2026-01-21 05:43:13.14+00,2026-01-21 05:43:13.14+00,A masterful Simulation journey where you must become the ultimate Builder.,0
91d4e3d5-f277-49d3-b9e8-0a6bf32f7834,Crystal Builder,RPG,https://tse1.mm.bing.net/th/id/OIP.ZPmbOG0_0WBy3RKEJV9muQHaFR?cb=defcache2defcache=1&rs=1&pid=ImgDetMain&o=7&rm=595,https://example.com/games/crystal-builder-834,TRUE,NULL,2026-01-21 05:43:13.14+00,2026-01-21 05:43:13.14+00,Experience the thrill of Builder in this top-rated RPG adventure.,0
91df5f73-2107-4df1-a5b7-e39841c936ab,Iron Hero,Racing,https://tse1.mm.bing.net/th/id/OIP.ZPmbOG0_0WBy3RKEJV9muQHaFR?cb=defcache2defcache=1&rs=1&pid=ImgDetMain&o=7&rm=596,https://example.com/games/iron-hero-215,TRUE,NULL,2026-01-21 05:43:13.14+00,2026-01-21 05:43:13.14+00,Explore your way to victory in this exciting Racing game featuring the legendary Hero.,0
922176e1-70d1-4ee0-96b0-c7b6c21c094e,Cyber Hero,Adventure,https://tse1.mm.bing.net/th/id/OIP.ZPmbOG0_0WBy3RKEJV9muQHaFR?cb=defcache2defcache=1&rs=1&pid=ImgDetMain&o=7&rm=597,https://example.com/games/cyber-hero-143,TRUE,NULL,2026-01-21 05:43:13.14+00,2026-01-21 05:43:13.14+00,Destroy your way to victory in this exciting Adventure game featuring the legendary Hero.,0
92709b3b-a7b0-463e-8d0c-0bf1532de03c,Silent Hero,Arcade,https://tse1.mm.bing.net/th/id/OIP.ZPmbOG0_0WBy3RKEJV9muQHaFR?cb=defcache2defcache=1&rs=1&pid=ImgDetMain&o=7&rm=598,https://example.com/games/silent-hero-254,TRUE,NULL,2026-01-21 05:43:13.14+00,2026-01-21 05:43:13.14+00,A masterful Arcade journey where you must become the ultimate Hero.,0
92b38328-7f9f-4882-979e-05e71a566b9f,Super Hero,RPG,https://tse1.mm.bing.net/th/id/OIP.ZPmbOG0_0WBy3RKEJV9muQHaFR?cb=defcache2defcache=1&rs=1&pid=ImgDetMain&o=7&rm=599,https://example.com/games/super-hero-278,TRUE,NULL,2026-01-21 05:43:13.14+00,2026-01-21 05:43:13.14+00,Defend your way to victory in this exciting RPG game featuring the legendary Hero.,0
9356ee2c-2bb2-43a0-877b-18329285a234,Iron Robot,Arcade,https://tse1.mm.bing.net/th/id/OIP.ZPmbOG0_0WBy3RKEJV9muQHaFR?cb=defcache2defcache=1&rs=1&pid=ImgDetMain&o=7&rm=600,https://example.com/games/iron-robot-895,TRUE,NULL,2026-01-21 05:43:13.14+00,2026-01-21 05:43:13.14+00,Solve your way to victory in this exciting Arcade game featuring the legendary Robot.,0
935aa6a2-8b50-4615-922c-481ae141e81b,Dark Builder,Racing,https://tse1.mm.bing.net/th/id/OIP.ZPmbOG0_0WBy3RKEJV9muQHaFR?cb=defcache2defcache=1&rs=1&pid=ImgDetMain&o=7&rm=601,https://example.com/games/dark-builder-826,TRUE,NULL,2026-01-21 05:43:13.14+00,2026-01-21 05:43:13.14+00,Experience the thrill of Builder in this top-rated Racing adventure.,0
936d1d62-5607-43dc-ab72-f9c7075a1ac5,Golden Robot,Strategy,https://tse1.mm.bing.net/th/id/OIP.ZPmbOG0_0WBy3RKEJV9muQHaFR?cb=defcache2defcache=1&rs=1&pid=ImgDetMain&o=7&rm=602,https://example.com/games/golden-robot-257,TRUE,NULL,2026-01-21 05:43:13.14+00,2026-01-21 05:43:13.14+00,Destroy your way to victory in this exciting Strategy game featuring the legendary Robot.,0
94915bac-2943-4c9b-a4d4-c1f659c9f584,Silent Detective,Simulation,https://tse1.mm.bing.net/th/id/OIP.ZPmbOG0_0WBy3RKEJV9muQHaFR?cb=defcache2defcache=1&rs=1&pid=ImgDetMain&o=7&rm=603,https://example.com/games/silent-detective-126,TRUE,NULL,2026-01-21 05:43:13.14+00,2026-01-21 05:43:13.14+00,Join millions of players in this Simulation classic focused on survive and detectives.,0
94a678ce-f66c-45e4-983c-5e6b985c754f,Super Robot,Arcade,https://tse1.mm.bing.net/th/id/OIP.ZPmbOG0_0WBy3RKEJV9muQHaFR?cb=defcache2defcache=1&rs=1&pid=ImgDetMain&o=7&rm=604,https://example.com/games/super-robot-411,TRUE,NULL,2026-01-21 05:43:13.14+00,2026-01-21 05:43:13.14+00,Join millions of players in this Arcade classic focused on destroy and robots.,0
94d10cf2-433c-4b46-994c-c88e9d962861,Tiny Dungeon,Puzzle,https://tse1.mm.bing.net/th/id/OIP.ZPmbOG0_0WBy3RKEJV9muQHaFR?cb=defcache2defcache=1&rs=1&pid=ImgDetMain&o=7&rm=605,https://example.com/games/tiny-dungeon-229,TRUE,NULL,2026-01-21 05:43:13.14+00,2026-01-21 05:43:13.14+00,Join millions of players in this Puzzle classic focused on race and dungeons.,0
951c1be7-7909-4ca1-b992-69f8749a597d,Furious Detective,Adventure,https://tse1.mm.bing.net/th/id/OIP.ZPmbOG0_0WBy3RKEJV9muQHaFR?cb=defcache2defcache=1&rs=1&pid=ImgDetMain&o=7&rm=606,https://example.com/games/furious-detective-749,TRUE,NULL,2026-01-21 05:43:13.14+00,2026-01-21 05:43:13.14+00,Experience the thrill of Detective in this top-rated Adventure adventure.,0
952eda50-b246-484a-8c37-24ae77e4bf92,Super Zombie,Puzzle,https://tse1.mm.bing.net/th/id/OIP.ZPmbOG0_0WBy3RKEJV9muQHaFR?cb=defcache2defcache=1&rs=1&pid=ImgDetMain&o=7&rm=607,https://example.com/games/super-zombie-221,TRUE,NULL,2026-01-21 05:43:13.14+00,2026-01-21 05:43:13.14+00,A masterful Puzzle journey where you must become the ultimate Zombie.,0
9557902c-e6b3-451d-a3cb-b4e46c8bba0f,Wild Empire,Action,https://tse1.mm.bing.net/th/id/OIP.ZPmbOG0_0WBy3RKEJV9muQHaFR?cb=defcache2defcache=1&rs=1&pid=ImgDetMain&o=7&rm=608,https://example.com/games/wild-empire-121,TRUE,NULL,2026-01-21 05:43:13.14+00,2026-01-21 05:43:13.14+00,Experience the thrill of Empire in this top-rated Action adventure.,0
955e1805-9eb2-486e-a9d7-93d331a2e592,Super Chef,Strategy,https://tse1.mm.bing.net/th/id/OIP.ZPmbOG0_0WBy3RKEJV9muQHaFR?cb=defcache2defcache=1&rs=1&pid=ImgDetMain&o=7&rm=609,https://example.com/games/super-chef-252,TRUE,NULL,2026-01-21 05:43:13.14+00,2026-01-21 05:43:13.14+00,Join millions of players in this Strategy classic focused on manage and chefs.,0
95bfce37-3bad-4899-bffa-c5b6e593160a,Super Dungeon,Strategy,https://tse1.mm.bing.net/th/id/OIP.ZPmbOG0_0WBy3RKEJV9muQHaFR?cb=defcache2defcache=1&rs=1&pid=ImgDetMain&o=7&rm=610,https://example.com/games/super-dungeon-585,TRUE,NULL,2026-01-21 05:43:13.14+00,2026-01-21 05:43:13.14+00,Survive your way to victory in this exciting Strategy game featuring the legendary Dungeon.,0
95cc6ab8-1b6f-4836-aa3d-c076234ca440,Dark Warrior,Arcade,https://tse1.mm.bing.net/th/id/OIP.ZPmbOG0_0WBy3RKEJV9muQHaFR?cb=defcache2defcache=1&rs=1&pid=ImgDetMain&o=7&rm=611,https://example.com/games/dark-warrior-260,TRUE,NULL,2026-01-21 05:43:13.14+00,2026-01-21 05:43:13.14+00,The ultimate Arcade experience awaits you in Dark Warrior.,0
95dc4d83-1cfc-4419-b666-c2b5a0ebc70e,Silent Builder,Action,https://tse1.mm.bing.net/th/id/OIP.ZPmbOG0_0WBy3RKEJV9muQHaFR?cb=defcache2defcache=1&rs=1&pid=ImgDetMain&o=7&rm=612,https://example.com/games/silent-builder-315,TRUE,NULL,2026-01-21 05:43:13.14+00,2026-01-21 05:43:13.14+00,Experience the thrill of Builder in this top-rated Action adventure.,0
96187a0f-decc-4437-86b8-efcac5ab5f0e,Tiny Racer,Horror,https://tse1.mm.bing.net/th/id/OIP.ZPmbOG0_0WBy3RKEJV9muQHaFR?cb=defcache2defcache=1&rs=1&pid=ImgDetMain&o=7&rm=613,https://example.com/games/tiny-racer-718,TRUE,NULL,2026-01-21 05:43:13.14+00,2026-01-21 05:43:13.14+00,A masterful Horror journey where you must become the ultimate Racer.,0
968970a2-9209-46c2-9041-af25d4169029,Neon Racer,Racing,https://tse1.mm.bing.net/th/id/OIP.ZPmbOG0_0WBy3RKEJV9muQHaFR?cb=defcache2defcache=1&rs=1&pid=ImgDetMain&o=7&rm=614,https://example.com/games/neon-racer-452,TRUE,NULL,2026-01-21 05:43:13.14+00,2026-01-21 05:43:13.14+00,Experience the thrill of Racer in this top-rated Racing adventure.,0
96bcd8c8-8cec-4c42-a6d5-cf4f9a164c36,Wild Legend,Horror,https://tse1.mm.bing.net/th/id/OIP.ZPmbOG0_0WBy3RKEJV9muQHaFR?cb=defcache2defcache=1&rs=1&pid=ImgDetMain&o=7&rm=615,https://example.com/games/wild-legend-777,TRUE,NULL,2026-01-21 05:43:13.14+00,2026-01-21 05:43:13.14+00,Experience the thrill of Legend in this top-rated Horror adventure.,0
96c289b4-265a-41af-b016-3486b48424cd,Super Detective,Horror,https://tse1.mm.bing.net/th/id/OIP.ZPmbOG0_0WBy3RKEJV9muQHaFR?cb=defcache2defcache=1&rs=1&pid=ImgDetMain&o=7&rm=616,https://example.com/games/super-detective-846,TRUE,NULL,2026-01-21 05:43:13.14+00,2026-01-21 05:43:13.14+00,Experience the thrill of Detective in this top-rated Horror adventure.,0
972ef82f-5f69-4145-bc0a-75c68cae4415,Crystal City,Simulation,https://tse1.mm.bing.net/th/id/OIP.ZPmbOG0_0WBy3RKEJV9muQHaFR?cb=defcache2defcache=1&rs=1&pid=ImgDetMain&o=7&rm=617,https://example.com/games/crystal-city-456,TRUE,NULL,2026-01-21 05:43:13.14+00,2026-01-21 05:43:13.14+00,Fight your way to victory in this exciting Simulation game featuring the legendary City.,0
974aca68-a5f7-445a-8e71-7f409423e8cf,Cyber Robot,Action,https://tse1.mm.bing.net/th/id/OIP.ZPmbOG0_0WBy3RKEJV9muQHaFR?cb=defcache2defcache=1&rs=1&pid=ImgDetMain&o=7&rm=618,https://example.com/games/cyber-robot-681,TRUE,NULL,2026-01-21 05:43:13.14+00,2026-01-21 05:43:13.14+00,A masterful Action journey where you must become the ultimate Robot.,0
97a98d44-175b-4d46-a713-ca6376e9bb91,Light Builder,Simulation,https://tse1.mm.bing.net/th/id/OIP.ZPmbOG0_0WBy3RKEJV9muQHaFR?cb=defcache2defcache=1&rs=1&pid=ImgDetMain&o=7&rm=619,https://example.com/games/light-builder-735,TRUE,NULL,2026-01-21 05:43:13.14+00,2026-01-21 05:43:13.14+00,Build your way to victory in this exciting Simulation game featuring the legendary Builder.,0
97e8c47b-3661-489e-a7bb-60dde92d1e6d,Tiny Detective,Action,https://tse1.mm.bing.net/th/id/OIP.ZPmbOG0_0WBy3RKEJV9muQHaFR?cb=defcache2defcache=1&rs=1&pid=ImgDetMain&o=7&rm=620,https://example.com/games/tiny-detective-571,TRUE,NULL,2026-01-21 05:43:13.14+00,2026-01-21 05:43:13.14+00,Experience the thrill of Detective in this top-rated Action adventure.,0
97fb9ad6-3294-4e65-b122-05956f047938,Golden City,Racing,https://tse1.mm.bing.net/th/id/OIP.ZPmbOG0_0WBy3RKEJV9muQHaFR?cb=defcache2defcache=1&rs=1&pid=ImgDetMain&o=7&rm=621,https://example.com/games/golden-city-686,TRUE,NULL,2026-01-21 05:43:13.14+00,2026-01-21 05:43:13.14+00,Conquer your way to victory in this exciting Racing game featuring the legendary City.,0
9858dd2a-12e6-4ce5-be0e-dc9e458f39ef,Light Legend,Strategy,https://tse1.mm.bing.net/th/id/OIP.ZPmbOG0_0WBy3RKEJV9muQHaFR?cb=defcache2defcache=1&rs=1&pid=ImgDetMain&o=7&rm=622,https://example.com/games/light-legend-839,TRUE,NULL,2026-01-21 05:43:13.14+00,2026-01-21 05:43:13.14+00,Conquer your way to victory in this exciting Strategy game featuring the legendary Legend.,0
98880670-33aa-4081-b754-e81fde544d3d,Iron Zombie,Horror,https://tse1.mm.bing.net/th/id/OIP.ZPmbOG0_0WBy3RKEJV9muQHaFR?cb=defcache2defcache=1&rs=1&pid=ImgDetMain&o=7&rm=623,https://example.com/games/iron-zombie-375,TRUE,NULL,2026-01-21 05:43:13.14+00,2026-01-21 05:43:13.14+00,Experience the thrill of Zombie in this top-rated Horror adventure.,0
988f23a1-76e2-445f-a409-c3ff8ca9c6b2,Golden Builder,Racing,https://tse1.mm.bing.net/th/id/OIP.ZPmbOG0_0WBy3RKEJV9muQHaFR?cb=defcache2defcache=1&rs=1&pid=ImgDetMain&o=7&rm=624,https://example.com/games/golden-builder-581,TRUE,NULL,2026-01-21 05:43:13.14+00,2026-01-21 05:43:13.14+00,A masterful Racing journey where you must become the ultimate Builder.,0
989e58b3-a9b8-41c1-8192-a85a8c53692b,Medieval Empire,Arcade,https://tse1.mm.bing.net/th/id/OIP.ZPmbOG0_0WBy3RKEJV9muQHaFR?cb=defcache2defcache=1&rs=1&pid=ImgDetMain&o=7&rm=625,https://example.com/games/medieval-empire-224,TRUE,NULL,2026-01-21 05:43:13.14+00,2026-01-21 05:43:13.14+00,The ultimate Arcade experience awaits you in Medieval Empire.,0
99268e38-7d50-4588-970a-5c6cf08e918f,Golden Farm,Sports,https://tse1.mm.bing.net/th/id/OIP.ZPmbOG0_0WBy3RKEJV9muQHaFR?cb=defcache2defcache=1&rs=1&pid=ImgDetMain&o=7&rm=626,https://example.com/games/golden-farm-876,TRUE,NULL,2026-01-21 05:43:13.14+00,2026-01-21 05:43:13.14+00,Join millions of players in this Sports classic focused on build and farms.,0
99ade4ae-920b-4bc8-b8fd-39265eae528d,Silent Detective,Sports,https://tse1.mm.bing.net/th/id/OIP.ZPmbOG0_0WBy3RKEJV9muQHaFR?cb=defcache2defcache=1&rs=1&pid=ImgDetMain&o=7&rm=627,https://example.com/games/silent-detective-995,TRUE,NULL,2026-01-21 05:43:13.14+00,2026-01-21 05:43:13.14+00,Experience the thrill of Detective in this top-rated Sports adventure.,0
9a045830-9a8e-4b2b-b0f0-e4c9fbcd0923,Wild Warrior,Action,https://tse1.mm.bing.net/th/id/OIP.ZPmbOG0_0WBy3RKEJV9muQHaFR?cb=defcache2defcache=1&rs=1&pid=ImgDetMain&o=7&rm=628,https://example.com/games/wild-warrior-962,TRUE,NULL,2026-01-21 05:43:13.14+00,2026-01-21 05:43:13.14+00,Join millions of players in this Action classic focused on build and warriors.,0
9a598a59-0c2b-4d41-a959-44706bdd64f8,Crystal Robot,Puzzle,https://tse1.mm.bing.net/th/id/OIP.ZPmbOG0_0WBy3RKEJV9muQHaFR?cb=defcache2defcache=1&rs=1&pid=ImgDetMain&o=7&rm=629,https://example.com/games/crystal-robot-728,TRUE,NULL,2026-01-21 05:43:13.14+00,2026-01-21 05:43:13.14+00,The ultimate Puzzle experience awaits you in Crystal Robot.,0
9a5fd94e-4eca-4ecd-b2fe-cfb5deb4e645,Wild Racer,Sports,https://tse1.mm.bing.net/th/id/OIP.ZPmbOG0_0WBy3RKEJV9muQHaFR?cb=defcache2defcache=1&rs=1&pid=ImgDetMain&o=7&rm=630,https://example.com/games/wild-racer-750,TRUE,NULL,2026-01-21 05:43:13.14+00,2026-01-21 05:43:13.14+00,Experience the thrill of Racer in this top-rated Sports adventure.,0
9a7fddfe-e4cf-41c6-bf7a-a65b663e595b,Mega Racer,Action,https://tse1.mm.bing.net/th/id/OIP.ZPmbOG0_0WBy3RKEJV9muQHaFR?cb=defcache2defcache=1&rs=1&pid=ImgDetMain&o=7&rm=631,https://example.com/games/mega-racer-212,TRUE,NULL,2026-01-21 05:43:13.14+00,2026-01-21 05:43:13.14+00,The ultimate Action experience awaits you in Mega Racer.,0
9a94b6c0-124e-4cf2-8bcc-cc47d2608f2c,Dark Empire,Arcade,https://tse1.mm.bing.net/th/id/OIP.ZPmbOG0_0WBy3RKEJV9muQHaFR?cb=defcache2defcache=1&rs=1&pid=ImgDetMain&o=7&rm=632,https://example.com/games/dark-empire-376,TRUE,NULL,2026-01-21 05:43:13.14+00,2026-01-21 05:43:13.14+00,Experience the thrill of Empire in this top-rated Arcade adventure.,0
9b7777a8-d280-4c1d-9d4c-92cf9772f65c,Mega Legend,Strategy,https://tse1.mm.bing.net/th/id/OIP.ZPmbOG0_0WBy3RKEJV9muQHaFR?cb=defcache2defcache=1&rs=1&pid=ImgDetMain&o=7&rm=633,https://example.com/games/mega-legend-409,TRUE,NULL,2026-01-21 05:43:13.14+00,2026-01-21 05:43:13.14+00,Join millions of players in this Strategy classic focused on explore and legends.,0
9bea3f3b-c945-4d11-89c3-f381e9e48928,Cyber Ninja,Arcade,https://tse1.mm.bing.net/th/id/OIP.ZPmbOG0_0WBy3RKEJV9muQHaFR?cb=defcache2defcache=1&rs=1&pid=ImgDetMain&o=7&rm=634,https://example.com/games/cyber-ninja-97,TRUE,NULL,2026-01-21 05:43:13.14+00,2026-01-21 05:43:13.14+00,Experience the thrill of Ninja in this top-rated Arcade adventure.,0
9c22df13-4c60-4455-908d-44901e7ef2c4,Cyber Ninja,RPG,https://tse1.mm.bing.net/th/id/OIP.ZPmbOG0_0WBy3RKEJV9muQHaFR?cb=defcache2defcache=1&rs=1&pid=ImgDetMain&o=7&rm=635,https://example.com/games/cyber-ninja-658,TRUE,NULL,2026-01-21 05:43:13.14+00,2026-01-21 05:43:13.14+00,Experience the thrill of Ninja in this top-rated RPG adventure.,0
9c4f02ed-da7c-4033-b81e-efbc06942b64,Epic Ninja,Arcade,https://tse1.mm.bing.net/th/id/OIP.ZPmbOG0_0WBy3RKEJV9muQHaFR?cb=defcache2defcache=1&rs=1&pid=ImgDetMain&o=7&rm=636,https://example.com/games/epic-ninja-966,TRUE,NULL,2026-01-21 05:43:13.14+00,2026-01-21 05:43:13.14+00,Join millions of players in this Arcade classic focused on survive and ninjas.,0
9cbf7a5a-0f05-4888-bad5-6e2d942f475d,Cosmic Zombie,Sports,https://tse1.mm.bing.net/th/id/OIP.ZPmbOG0_0WBy3RKEJV9muQHaFR?cb=defcache2defcache=1&rs=1&pid=ImgDetMain&o=7&rm=637,https://example.com/games/cosmic-zombie-683,TRUE,NULL,2026-01-21 05:43:13.14+00,2026-01-21 05:43:13.14+00,The ultimate Sports experience awaits you in Cosmic Zombie.,0
9cd4c09f-b336-4cf4-930f-4df04c426f35,Cosmic Detective,Racing,https://tse1.mm.bing.net/th/id/OIP.ZPmbOG0_0WBy3RKEJV9muQHaFR?cb=defcache2defcache=1&rs=1&pid=ImgDetMain&o=7&rm=638,https://example.com/games/cosmic-detective-203,TRUE,NULL,2026-01-21 05:43:13.14+00,2026-01-21 05:43:13.14+00,The ultimate Racing experience awaits you in Cosmic Detective.,0
9d94a596-7f24-4ad9-9986-8d2ae9e761b5,Neon Robot,Simulation,https://tse1.mm.bing.net/th/id/OIP.ZPmbOG0_0WBy3RKEJV9muQHaFR?cb=defcache2defcache=1&rs=1&pid=ImgDetMain&o=7&rm=639,https://example.com/games/neon-robot-878,TRUE,NULL,2026-01-21 05:43:13.14+00,2026-01-21 05:43:13.14+00,A masterful Simulation journey where you must become the ultimate Robot.,0
9e0c5e08-deed-4238-a8dd-841e15aeb087,Dark Builder,Arcade,https://tse1.mm.bing.net/th/id/OIP.ZPmbOG0_0WBy3RKEJV9muQHaFR?cb=defcache2defcache=1&rs=1&pid=ImgDetMain&o=7&rm=640,https://example.com/games/dark-builder-340,TRUE,NULL,2026-01-21 05:43:13.14+00,2026-01-21 05:43:13.14+00,Join millions of players in this Arcade classic focused on race and builders.,0
9e16ba92-3154-4d0f-93a2-c85e4b0c6819,Cosmic City,Racing,https://tse1.mm.bing.net/th/id/OIP.ZPmbOG0_0WBy3RKEJV9muQHaFR?cb=defcache2defcache=1&rs=1&pid=ImgDetMain&o=7&rm=641,https://example.com/games/cosmic-city-329,TRUE,NULL,2026-01-21 05:43:13.14+00,2026-01-21 05:43:13.14+00,The ultimate Racing experience awaits you in Cosmic City.,0
9e49d4c5-f0fa-4056-b3f6-70cb4161d596,Medieval Chef,RPG,https://tse1.mm.bing.net/th/id/OIP.ZPmbOG0_0WBy3RKEJV9muQHaFR?cb=defcache2defcache=1&rs=1&pid=ImgDetMain&o=7&rm=642,https://example.com/games/medieval-chef-102,TRUE,NULL,2026-01-21 05:43:13.14+00,2026-01-21 05:43:13.14+00,Experience the thrill of Chef in this top-rated RPG adventure.,0
9e84a72f-4446-41d4-9d41-bff0c3887fd9,Super Empire,Simulation,https://tse1.mm.bing.net/th/id/OIP.ZPmbOG0_0WBy3RKEJV9muQHaFR?cb=defcache2defcache=1&rs=1&pid=ImgDetMain&o=7&rm=643,https://example.com/games/super-empire-231,TRUE,NULL,2026-01-21 05:43:13.14+00,2026-01-21 05:43:13.14+00,The ultimate Simulation experience awaits you in Super Empire.,0
9ecf1e5b-ab19-4b54-aacb-b4b6490ce56d,Crystal Detective,Simulation,https://tse1.mm.bing.net/th/id/OIP.ZPmbOG0_0WBy3RKEJV9muQHaFR?cb=defcache2defcache=1&rs=1&pid=ImgDetMain&o=7&rm=644,https://example.com/games/crystal-detective-948,TRUE,NULL,2026-01-21 05:43:13.14+00,2026-01-21 05:43:13.14+00,A masterful Simulation journey where you must become the ultimate Detective.,0
9ed662bc-8862-4951-be5b-e684c1f05f1e,Super Dungeon,Racing,https://tse1.mm.bing.net/th/id/OIP.ZPmbOG0_0WBy3RKEJV9muQHaFR?cb=defcache2defcache=1&rs=1&pid=ImgDetMain&o=7&rm=645,https://example.com/games/super-dungeon-587,TRUE,NULL,2026-01-21 05:43:13.14+00,2026-01-21 05:43:13.14+00,Join millions of players in this Racing classic focused on fight and dungeons.,0
9f2c960c-a7e7-4ba6-87a4-cfc5b4381b20,Epic Warrior,RPG,https://tse1.mm.bing.net/th/id/OIP.ZPmbOG0_0WBy3RKEJV9muQHaFR?cb=defcache2defcache=1&rs=1&pid=ImgDetMain&o=7&rm=646,https://example.com/games/epic-warrior-941,TRUE,NULL,2026-01-21 05:43:13.14+00,2026-01-21 05:43:13.14+00,Destroy your way to victory in this exciting RPG game featuring the legendary Warrior.,0
9f2f6560-abbc-4374-a28a-8169bcd9bc9b,Light Zombie,Puzzle,https://tse1.mm.bing.net/th/id/OIP.ZPmbOG0_0WBy3RKEJV9muQHaFR?cb=defcache2defcache=1&rs=1&pid=ImgDetMain&o=7&rm=647,https://example.com/games/light-zombie-933,TRUE,NULL,2026-01-21 05:43:13.14+00,2026-01-21 05:43:13.14+00,Explore your way to victory in this exciting Puzzle game featuring the legendary Zombie.,0
9fe07ff2-fcdf-4fd4-a13d-71acf0c4656e,Neon Detective,Adventure,https://tse1.mm.bing.net/th/id/OIP.ZPmbOG0_0WBy3RKEJV9muQHaFR?cb=defcache2defcache=1&rs=1&pid=ImgDetMain&o=7&rm=648,https://example.com/games/neon-detective-440,TRUE,NULL,2026-01-21 05:43:13.14+00,2026-01-21 05:43:13.14+00,A masterful Adventure journey where you must become the ultimate Detective.,0
9fe769d4-13f6-45d8-a9b0-8263cf70942d,Medieval Empire,RPG,https://tse1.mm.bing.net/th/id/OIP.ZPmbOG0_0WBy3RKEJV9muQHaFR?cb=defcache2defcache=1&rs=1&pid=ImgDetMain&o=7&rm=649,https://example.com/games/medieval-empire-461,TRUE,NULL,2026-01-21 05:43:13.14+00,2026-01-21 05:43:13.14+00,Experience the thrill of Empire in this top-rated RPG adventure.,0
9feb5c7f-913f-4eea-8019-a066d0b687fe,Golden City,Adventure,https://tse1.mm.bing.net/th/id/OIP.ZPmbOG0_0WBy3RKEJV9muQHaFR?cb=defcache2defcache=1&rs=1&pid=ImgDetMain&o=7&rm=650,https://example.com/games/golden-city-72,TRUE,NULL,2026-01-21 05:43:13.14+00,2026-01-21 05:43:13.14+00,Experience the thrill of City in this top-rated Adventure adventure.,0
9ff4a4a1-4e52-4ff0-b13d-df926a58cbc2,Wild Farm,Racing,https://tse1.mm.bing.net/th/id/OIP.ZPmbOG0_0WBy3RKEJV9muQHaFR?cb=defcache2defcache=1&rs=1&pid=ImgDetMain&o=7&rm=651,https://example.com/games/wild-farm-894,TRUE,NULL,2026-01-21 05:43:13.14+00,2026-01-21 05:43:13.14+00,Experience the thrill of Farm in this top-rated Racing adventure.,0
a0179f77-b135-478d-84b6-c26f8dbf374e,Crystal Legend,Adventure,https://tse1.mm.bing.net/th/id/OIP.ZPmbOG0_0WBy3RKEJV9muQHaFR?cb=defcache2defcache=1&rs=1&pid=ImgDetMain&o=7&rm=652,https://example.com/games/crystal-legend-172,TRUE,NULL,2026-01-21 05:43:13.14+00,2026-01-21 05:43:13.14+00,Join millions of players in this Adventure classic focused on survive and legends.,0
a01bff3b-72bf-4aeb-93b5-71b88d9c0c5f,Neon Hero,Adventure,https://tse1.mm.bing.net/th/id/OIP.ZPmbOG0_0WBy3RKEJV9muQHaFR?cb=defcache2defcache=1&rs=1&pid=ImgDetMain&o=7&rm=653,https://example.com/games/neon-hero-60,TRUE,NULL,2026-01-21 05:43:13.14+00,2026-01-21 05:43:13.14+00,Experience the thrill of Hero in this top-rated Adventure adventure.,0
a03d6b82-49de-41de-9976-e20b47ca7f43,Neon Builder,Action,https://tse1.mm.bing.net/th/id/OIP.ZPmbOG0_0WBy3RKEJV9muQHaFR?cb=defcache2defcache=1&rs=1&pid=ImgDetMain&o=7&rm=654,https://example.com/games/neon-builder-43,TRUE,NULL,2026-01-21 05:43:13.14+00,2026-01-21 05:43:13.14+00,Survive your way to victory in this exciting Action game featuring the legendary Builder.,0
a04e6c5b-3bb6-4d01-8d94-362cccc3050b,Mega Pilot,Strategy,https://tse1.mm.bing.net/th/id/OIP.ZPmbOG0_0WBy3RKEJV9muQHaFR?cb=defcache2defcache=1&rs=1&pid=ImgDetMain&o=7&rm=655,https://example.com/games/mega-pilot-999,TRUE,NULL,2026-01-21 05:43:13.14+00,2026-01-21 13:38:23.607+00,A masterful Strategy journey where you must become the ultimate Pilot.,0
a155481b-1ee6-4a60-8b5b-af14300c16d1,Epic Detective,Racing,https://tse1.mm.bing.net/th/id/OIP.ZPmbOG0_0WBy3RKEJV9muQHaFR?cb=defcache2defcache=1&rs=1&pid=ImgDetMain&o=7&rm=656,https://example.com/games/epic-detective-538,TRUE,NULL,2026-01-21 05:43:13.14+00,2026-01-21 05:43:13.14+00,Experience the thrill of Detective in this top-rated Racing adventure.,0
a17267cc-9777-467c-8054-6b732e4076db,Wild Warrior,Horror,https://tse1.mm.bing.net/th/id/OIP.ZPmbOG0_0WBy3RKEJV9muQHaFR?cb=defcache2defcache=1&rs=1&pid=ImgDetMain&o=7&rm=657,https://example.com/games/wild-warrior-830,TRUE,NULL,2026-01-21 05:43:13.14+00,2026-01-21 05:43:13.14+00,Experience the thrill of Warrior in this top-rated Horror adventure.,0
a179cb69-538f-40b9-97f2-b11ff3da9f51,Iron Dungeon,Arcade,https://tse1.mm.bing.net/th/id/OIP.ZPmbOG0_0WBy3RKEJV9muQHaFR?cb=defcache2defcache=1&rs=1&pid=ImgDetMain&o=7&rm=658,https://example.com/games/iron-dungeon-590,TRUE,NULL,2026-01-21 05:43:13.14+00,2026-01-21 05:43:13.14+00,The ultimate Arcade experience awaits you in Iron Dungeon.,0
a18e0eed-078c-4a80-992c-5d47053282c4,Wild City,Adventure,https://tse1.mm.bing.net/th/id/OIP.ZPmbOG0_0WBy3RKEJV9muQHaFR?cb=defcache2defcache=1&rs=1&pid=ImgDetMain&o=7&rm=659,https://example.com/games/wild-city-386,TRUE,NULL,2026-01-21 05:43:13.14+00,2026-01-21 05:43:13.14+00,A masterful Adventure journey where you must become the ultimate City.,0
a1a921db-7aca-4518-aa3d-142bb5789780,Neon Pilot,Puzzle,https://tse1.mm.bing.net/th/id/OIP.ZPmbOG0_0WBy3RKEJV9muQHaFR?cb=defcache2defcache=1&rs=1&pid=ImgDetMain&o=7&rm=660,https://example.com/games/neon-pilot-849,TRUE,NULL,2026-01-21 05:43:13.14+00,2026-01-21 05:43:13.14+00,A masterful Puzzle journey where you must become the ultimate Pilot.,0
a1fdd13c-2d60-498d-b85b-02673cf97704,Epic Zombie,Action,https://tse1.mm.bing.net/th/id/OIP.ZPmbOG0_0WBy3RKEJV9muQHaFR?cb=defcache2defcache=1&rs=1&pid=ImgDetMain&o=7&rm=661,https://example.com/games/epic-zombie-926,TRUE,NULL,2026-01-21 05:43:13.14+00,2026-01-21 05:43:13.14+00,Survive your way to victory in this exciting Action game featuring the legendary Zombie.,0
a208183a-4b94-4a53-8272-320bace3a093,Tiny Warrior,Puzzle,https://tse1.mm.bing.net/th/id/OIP.ZPmbOG0_0WBy3RKEJV9muQHaFR?cb=defcache2defcache=1&rs=1&pid=ImgDetMain&o=7&rm=662,https://example.com/games/tiny-warrior-567,TRUE,NULL,2026-01-21 05:43:13.14+00,2026-01-21 05:43:13.14+00,The ultimate Puzzle experience awaits you in Tiny Warrior.,0
a2b26cc1-b548-48d4-8969-04f7c4f02501,Cosmic Detective,Puzzle,https://tse1.mm.bing.net/th/id/OIP.ZPmbOG0_0WBy3RKEJV9muQHaFR?cb=defcache2defcache=1&rs=1&pid=ImgDetMain&o=7&rm=663,https://example.com/games/cosmic-detective-75,TRUE,NULL,2026-01-21 05:43:13.14+00,2026-01-21 05:43:13.14+00,Defend your way to victory in this exciting Puzzle game featuring the legendary Detective.,0
a2f7d986-e0aa-4247-b261-cec3df3872bc,Wild Chef,Arcade,https://tse1.mm.bing.net/th/id/OIP.ZPmbOG0_0WBy3RKEJV9muQHaFR?cb=defcache2defcache=1&rs=1&pid=ImgDetMain&o=7&rm=664,https://example.com/games/wild-chef-85,TRUE,NULL,2026-01-21 05:43:13.14+00,2026-01-21 05:43:13.14+00,Fight your way to victory in this exciting Arcade game featuring the legendary Chef.,0
a3059d69-17dd-4980-bd71-b81494f4903b,Wild Zombie,Action,https://tse1.mm.bing.net/th/id/OIP.ZPmbOG0_0WBy3RKEJV9muQHaFR?cb=defcache2defcache=1&rs=1&pid=ImgDetMain&o=7&rm=665,https://example.com/games/wild-zombie-187,TRUE,NULL,2026-01-21 05:43:13.14+00,2026-01-21 05:43:13.14+00,The ultimate Action experience awaits you in Wild Zombie.,0
a331c400-def2-4abd-935e-ad4479986a96,Wild Detective,Horror,https://tse1.mm.bing.net/th/id/OIP.ZPmbOG0_0WBy3RKEJV9muQHaFR?cb=defcache2defcache=1&rs=1&pid=ImgDetMain&o=7&rm=666,https://example.com/games/wild-detective-759,TRUE,NULL,2026-01-21 05:43:13.14+00,2026-01-21 05:43:13.14+00,A masterful Horror journey where you must become the ultimate Detective.,0
a3430c6b-a0ed-4ac2-b472-9389eddc66d6,Tiny Empire,Puzzle,https://tse1.mm.bing.net/th/id/OIP.ZPmbOG0_0WBy3RKEJV9muQHaFR?cb=defcache2defcache=1&rs=1&pid=ImgDetMain&o=7&rm=667,https://example.com/games/tiny-empire-388,TRUE,NULL,2026-01-21 05:43:13.14+00,2026-01-21 05:43:13.14+00,A masterful Puzzle journey where you must become the ultimate Empire.,0
a3a80d01-7e10-44ce-b7f2-0059f0110aba,Crystal Empire,Simulation,https://tse1.mm.bing.net/th/id/OIP.ZPmbOG0_0WBy3RKEJV9muQHaFR?cb=defcache2defcache=1&rs=1&pid=ImgDetMain&o=7&rm=668,https://example.com/games/crystal-empire-784,TRUE,NULL,2026-01-21 05:43:13.14+00,2026-01-21 05:43:13.14+00,The ultimate Simulation experience awaits you in Crystal Empire.,0
a428a1f9-502b-4eee-bd86-eeaf05cae56a,Cosmic Ninja,Simulation,https://tse1.mm.bing.net/th/id/OIP.ZPmbOG0_0WBy3RKEJV9muQHaFR?cb=defcache2defcache=1&rs=1&pid=ImgDetMain&o=7&rm=669,https://example.com/games/cosmic-ninja-44,TRUE,NULL,2026-01-21 05:43:13.14+00,2026-01-21 05:43:13.14+00,The ultimate Simulation experience awaits you in Cosmic Ninja.,0
a46f901f-998b-4f79-9a3b-bfbbf9705e6d,Silent Empire,Puzzle,https://tse1.mm.bing.net/th/id/OIP.ZPmbOG0_0WBy3RKEJV9muQHaFR?cb=defcache2defcache=1&rs=1&pid=ImgDetMain&o=7&rm=670,https://example.com/games/silent-empire-709,TRUE,NULL,2026-01-21 05:43:13.14+00,2026-01-21 05:43:13.14+00,Experience the thrill of Empire in this top-rated Puzzle adventure.,0
a47ebd45-cbc1-495b-850b-0bee166f7f58,Light Pirate,Horror,https://tse1.mm.bing.net/th/id/OIP.ZPmbOG0_0WBy3RKEJV9muQHaFR?cb=defcache2defcache=1&rs=1&pid=ImgDetMain&o=7&rm=671,https://example.com/games/light-pirate-723,TRUE,NULL,2026-01-21 05:43:13.14+00,2026-01-21 05:43:13.14+00,A masterful Horror journey where you must become the ultimate Pirate.,0
a4f19dbe-dd69-4c74-81e6-3c0e9e2f5cc7,Cosmic Hero,RPG,https://tse1.mm.bing.net/th/id/OIP.ZPmbOG0_0WBy3RKEJV9muQHaFR?cb=defcache2defcache=1&rs=1&pid=ImgDetMain&o=7&rm=672,https://example.com/games/cosmic-hero-133,TRUE,NULL,2026-01-21 05:43:13.14+00,2026-01-21 05:43:13.14+00,The ultimate RPG experience awaits you in Cosmic Hero.,0
a51878f4-eb09-45ba-8c64-aa04390611bd,Super Zombie,Horror,https://tse1.mm.bing.net/th/id/OIP.ZPmbOG0_0WBy3RKEJV9muQHaFR?cb=defcache2defcache=1&rs=1&pid=ImgDetMain&o=7&rm=673,https://example.com/games/super-zombie-880,TRUE,NULL,2026-01-21 05:43:13.14+00,2026-01-21 05:43:13.14+00,Fight your way to victory in this exciting Horror game featuring the legendary Zombie.,0
a55fd9e7-1f12-4e99-b94d-16106a17092f,Golden Pilot,Sports,https://tse1.mm.bing.net/th/id/OIP.ZPmbOG0_0WBy3RKEJV9muQHaFR?cb=defcache2defcache=1&rs=1&pid=ImgDetMain&o=7&rm=674,https://example.com/games/golden-pilot-244,TRUE,NULL,2026-01-21 05:43:13.14+00,2026-01-21 05:43:13.14+00,The ultimate Sports experience awaits you in Golden Pilot.,0
a57ac5bb-ce32-4704-bd7f-2d429ee5897b,Neon City,Adventure,https://tse1.mm.bing.net/th/id/OIP.ZPmbOG0_0WBy3RKEJV9muQHaFR?cb=defcache2defcache=1&rs=1&pid=ImgDetMain&o=7&rm=675,https://example.com/games/neon-city-737,TRUE,NULL,2026-01-21 05:43:13.14+00,2026-01-21 05:43:13.14+00,Experience the thrill of City in this top-rated Adventure adventure.,0
a58f4211-75b8-45a7-b53a-2f4277343594,Epic Pirate,Sports,https://tse1.mm.bing.net/th/id/OIP.ZPmbOG0_0WBy3RKEJV9muQHaFR?cb=defcache2defcache=1&rs=1&pid=ImgDetMain&o=7&rm=676,https://example.com/games/epic-pirate-195,TRUE,NULL,2026-01-21 05:43:13.14+00,2026-01-21 05:43:13.14+00,A masterful Sports journey where you must become the ultimate Pirate.,0
a5b99a3d-32f9-408b-8575-be4eb6ede45e,Golden Racer,Strategy,https://tse1.mm.bing.net/th/id/OIP.ZPmbOG0_0WBy3RKEJV9muQHaFR?cb=defcache2defcache=1&rs=1&pid=ImgDetMain&o=7&rm=677,https://example.com/games/golden-racer-38,TRUE,NULL,2026-01-21 05:43:13.14+00,2026-01-21 13:38:23.607+00,A masterful Strategy journey where you must become the ultimate Racer.,0
a5c5cf17-aad7-4d2b-9b8b-42265b120a9c,Golden Ninja,Adventure,https://tse1.mm.bing.net/th/id/OIP.ZPmbOG0_0WBy3RKEJV9muQHaFR?cb=defcache2defcache=1&rs=1&pid=ImgDetMain&o=7&rm=678,https://example.com/games/golden-ninja-714,TRUE,NULL,2026-01-21 05:43:13.14+00,2026-01-21 05:43:13.14+00,The ultimate Adventure experience awaits you in Golden Ninja.,0
a5cf2555-0f3e-42b3-9ee3-a3f90c93b128,Cyber Legend,Puzzle,https://tse1.mm.bing.net/th/id/OIP.ZPmbOG0_0WBy3RKEJV9muQHaFR?cb=defcache2defcache=1&rs=1&pid=ImgDetMain&o=7&rm=679,https://example.com/games/cyber-legend-53,TRUE,NULL,2026-01-21 05:43:13.14+00,2026-01-21 05:43:13.14+00,Solve your way to victory in this exciting Puzzle game featuring the legendary Legend.,0
a61eb15d-10a2-4e86-8ed7-d8de32143787,Wild Hero,Action,https://tse1.mm.bing.net/th/id/OIP.ZPmbOG0_0WBy3RKEJV9muQHaFR?cb=defcache2defcache=1&rs=1&pid=ImgDetMain&o=7&rm=680,https://example.com/games/wild-hero-970,TRUE,NULL,2026-01-21 05:43:13.14+00,2026-01-21 05:43:13.14+00,Experience the thrill of Hero in this top-rated Action adventure.,0
a6955b2d-fa4f-40b6-96a9-c9e265db8477,Wild Racer,Puzzle,https://tse1.mm.bing.net/th/id/OIP.ZPmbOG0_0WBy3RKEJV9muQHaFR?cb=defcache2defcache=1&rs=1&pid=ImgDetMain&o=7&rm=681,https://example.com/games/wild-racer-673,TRUE,NULL,2026-01-21 05:43:13.14+00,2026-01-21 05:43:13.14+00,Build your way to victory in this exciting Puzzle game featuring the legendary Racer.,0
a6e16a63-22e5-45a2-b55a-38389894ab26,Golden Empire,Racing,https://tse1.mm.bing.net/th/id/OIP.ZPmbOG0_0WBy3RKEJV9muQHaFR?cb=defcache2defcache=1&rs=1&pid=ImgDetMain&o=7&rm=682,https://example.com/games/golden-empire-898,TRUE,NULL,2026-01-21 05:43:13.14+00,2026-01-21 05:43:13.14+00,The ultimate Racing experience awaits you in Golden Empire.,0
a6ec568a-9943-4688-802e-c3d8fd17473d,Furious Robot,Simulation,https://tse1.mm.bing.net/th/id/OIP.ZPmbOG0_0WBy3RKEJV9muQHaFR?cb=defcache2defcache=1&rs=1&pid=ImgDetMain&o=7&rm=683,https://example.com/games/furious-robot-667,TRUE,NULL,2026-01-21 05:43:13.14+00,2026-01-21 05:43:13.14+00,Fight your way to victory in this exciting Simulation game featuring the legendary Robot.,0
a701ed59-82ac-444d-ae07-62a85e3c88b3,Dark Chef,Racing,https://tse1.mm.bing.net/th/id/OIP.ZPmbOG0_0WBy3RKEJV9muQHaFR?cb=defcache2defcache=1&rs=1&pid=ImgDetMain&o=7&rm=684,https://example.com/games/dark-chef-80,TRUE,NULL,2026-01-21 05:43:13.14+00,2026-01-21 05:43:13.14+00,The ultimate Racing experience awaits you in Dark Chef.,0
a85db6ad-4538-425a-815a-a354bde089de,Medieval Legend,Racing,https://tse1.mm.bing.net/th/id/OIP.ZPmbOG0_0WBy3RKEJV9muQHaFR?cb=defcache2defcache=1&rs=1&pid=ImgDetMain&o=7&rm=685,https://example.com/games/medieval-legend-300,TRUE,NULL,2026-01-21 05:43:13.14+00,2026-01-21 05:43:13.14+00,A masterful Racing journey where you must become the ultimate Legend.,0
a8736c69-5b2d-42eb-b782-2522bba5827e,Super Pirate,Puzzle,https://tse1.mm.bing.net/th/id/OIP.ZPmbOG0_0WBy3RKEJV9muQHaFR?cb=defcache2defcache=1&rs=1&pid=ImgDetMain&o=7&rm=686,https://example.com/games/super-pirate-979,TRUE,NULL,2026-01-21 05:43:13.14+00,2026-01-21 05:43:13.14+00,Experience the thrill of Pirate in this top-rated Puzzle adventure.,0
a89dca71-6a8c-4e9b-8ca0-1aeebadda95b,Super Empire,Adventure,https://tse1.mm.bing.net/th/id/OIP.ZPmbOG0_0WBy3RKEJV9muQHaFR?cb=defcache2defcache=1&rs=1&pid=ImgDetMain&o=7&rm=687,https://example.com/games/super-empire-734,TRUE,NULL,2026-01-21 05:43:13.14+00,2026-01-21 05:43:13.14+00,The ultimate Adventure experience awaits you in Super Empire.,0
a8b02079-11ec-4dc1-95ff-70db823c132a,Golden Legend,RPG,https://tse1.mm.bing.net/th/id/OIP.ZPmbOG0_0WBy3RKEJV9muQHaFR?cb=defcache2defcache=1&rs=1&pid=ImgDetMain&o=7&rm=688,https://example.com/games/golden-legend-24,TRUE,NULL,2026-01-21 05:43:13.14+00,2026-01-21 05:43:13.14+00,Explore your way to victory in this exciting RPG game featuring the legendary Legend.,0
a8f9df3e-5815-4c9a-a40c-2d51fbe5877a,Epic Farm,Puzzle,https://tse1.mm.bing.net/th/id/OIP.ZPmbOG0_0WBy3RKEJV9muQHaFR?cb=defcache2defcache=1&rs=1&pid=ImgDetMain&o=7&rm=689,https://example.com/games/epic-farm-600,TRUE,NULL,2026-01-21 05:43:13.14+00,2026-01-21 05:43:13.14+00,Experience the thrill of Farm in this top-rated Puzzle adventure.,0
a90f7802-3178-4637-8ef4-467b7741bf87,Golden Warrior,Sports,https://tse1.mm.bing.net/th/id/OIP.ZPmbOG0_0WBy3RKEJV9muQHaFR?cb=defcache2defcache=1&rs=1&pid=ImgDetMain&o=7&rm=690,https://example.com/games/golden-warrior-939,TRUE,NULL,2026-01-21 05:43:13.14+00,2026-01-21 05:43:13.14+00,The ultimate Sports experience awaits you in Golden Warrior.,0
a91781dd-2433-407d-a2fb-f57510ee89f9,Neon Hero,Racing,https://tse1.mm.bing.net/th/id/OIP.ZPmbOG0_0WBy3RKEJV9muQHaFR?cb=defcache2defcache=1&rs=1&pid=ImgDetMain&o=7&rm=691,https://example.com/games/neon-hero-611,TRUE,NULL,2026-01-21 05:43:13.14+00,2026-01-21 05:43:13.14+00,Conquer your way to victory in this exciting Racing game featuring the legendary Hero.,0
a97bbea4-8a9f-4c50-873a-06bf1540a72d,Mega Pirate,Horror,https://tse1.mm.bing.net/th/id/OIP.ZPmbOG0_0WBy3RKEJV9muQHaFR?cb=defcache2defcache=1&rs=1&pid=ImgDetMain&o=7&rm=692,https://example.com/games/mega-pirate-333,TRUE,NULL,2026-01-21 05:43:13.14+00,2026-01-21 05:43:13.14+00,The ultimate Horror experience awaits you in Mega Pirate.,0
a9c144e2-9eec-48ff-b055-84924e7ef1aa,Mega Dungeon,Arcade,https://tse1.mm.bing.net/th/id/OIP.ZPmbOG0_0WBy3RKEJV9muQHaFR?cb=defcache2defcache=1&rs=1&pid=ImgDetMain&o=7&rm=693,https://example.com/games/mega-dungeon-580,TRUE,NULL,2026-01-21 05:43:13.14+00,2026-01-21 05:43:13.14+00,Experience the thrill of Dungeon in this top-rated Arcade adventure.,0
a9d13d50-a331-4f4a-91c0-709c1a0c10dd,Iron Builder,Horror,https://tse1.mm.bing.net/th/id/OIP.ZPmbOG0_0WBy3RKEJV9muQHaFR?cb=defcache2defcache=1&rs=1&pid=ImgDetMain&o=7&rm=694,https://example.com/games/iron-builder-371,TRUE,NULL,2026-01-21 05:43:13.14+00,2026-01-21 05:43:13.14+00,Experience the thrill of Builder in this top-rated Horror adventure.,0
a9d81e29-1d47-4fd6-a778-5e28e19ea8a2,Tiny Pirate,Adventure,https://tse1.mm.bing.net/th/id/OIP.ZPmbOG0_0WBy3RKEJV9muQHaFR?cb=defcache2defcache=1&rs=1&pid=ImgDetMain&o=7&rm=695,https://example.com/games/tiny-pirate-801,TRUE,NULL,2026-01-21 05:43:13.14+00,2026-01-21 05:43:13.14+00,Explore your way to victory in this exciting Adventure game featuring the legendary Pirate.,0
aa16d30f-6190-4a5a-8899-6c2a5fffbb02,Furious Empire,Horror,https://tse1.mm.bing.net/th/id/OIP.ZPmbOG0_0WBy3RKEJV9muQHaFR?cb=defcache2defcache=1&rs=1&pid=ImgDetMain&o=7&rm=696,https://example.com/games/furious-empire-903,TRUE,NULL,2026-01-21 05:43:13.14+00,2026-01-21 05:43:13.14+00,Solve your way to victory in this exciting Horror game featuring the legendary Empire.,0
aa3cf91e-8d7b-4a17-9bb3-4825916fe42e,Cosmic Detective,Arcade,https://tse1.mm.bing.net/th/id/OIP.ZPmbOG0_0WBy3RKEJV9muQHaFR?cb=defcache2defcache=1&rs=1&pid=ImgDetMain&o=7&rm=697,https://example.com/games/cosmic-detective-414,TRUE,NULL,2026-01-21 05:43:13.14+00,2026-01-21 05:43:13.14+00,The ultimate Arcade experience awaits you in Cosmic Detective.,0
aa853ed6-3d23-438c-8af7-1b98a07349cd,Mega Racer,Horror,https://tse1.mm.bing.net/th/id/OIP.ZPmbOG0_0WBy3RKEJV9muQHaFR?cb=defcache2defcache=1&rs=1&pid=ImgDetMain&o=7&rm=698,https://example.com/games/mega-racer-680,TRUE,NULL,2026-01-21 05:43:13.14+00,2026-01-21 05:43:13.14+00,Solve your way to victory in this exciting Horror game featuring the legendary Racer.,0
ab467c18-865f-477c-8665-b55554971b23,Golden Ninja,Adventure,https://tse1.mm.bing.net/th/id/OIP.ZPmbOG0_0WBy3RKEJV9muQHaFR?cb=defcache2defcache=1&rs=1&pid=ImgDetMain&o=7&rm=699,https://example.com/games/golden-ninja-932,TRUE,NULL,2026-01-21 05:43:13.14+00,2026-01-21 05:43:13.14+00,A masterful Adventure journey where you must become the ultimate Ninja.,0
ab937851-1d71-4246-b134-a1cb01c459e8,Crystal Chef,Arcade,https://tse1.mm.bing.net/th/id/OIP.ZPmbOG0_0WBy3RKEJV9muQHaFR?cb=defcache2defcache=1&rs=1&pid=ImgDetMain&o=7&rm=700,https://example.com/games/crystal-chef-690,TRUE,NULL,2026-01-21 05:43:13.14+00,2026-01-21 05:43:13.14+00,Build your way to victory in this exciting Arcade game featuring the legendary Chef.,0
abef1b7e-d426-4f2b-8c15-cf91b6c3abe5,Golden Builder,Sports,https://tse1.mm.bing.net/th/id/OIP.ZPmbOG0_0WBy3RKEJV9muQHaFR?cb=defcache2defcache=1&rs=1&pid=ImgDetMain&o=7&rm=701,https://example.com/games/golden-builder-699,TRUE,NULL,2026-01-21 05:43:13.14+00,2026-01-21 05:43:13.14+00,A masterful Sports journey where you must become the ultimate Builder.,0
abf64b8b-b4f4-4218-98d6-1854c2d95392,Epic Robot,Puzzle,https://tse1.mm.bing.net/th/id/OIP.ZPmbOG0_0WBy3RKEJV9muQHaFR?cb=defcache2defcache=1&rs=1&pid=ImgDetMain&o=7&rm=702,https://example.com/games/epic-robot-6,TRUE,NULL,2026-01-21 05:43:13.14+00,2026-01-21 05:43:13.14+00,A masterful Puzzle journey where you must become the ultimate Robot.,0
ac127092-78ac-424b-8038-abb84f8b1a85,Silent Pilot,Puzzle,https://tse1.mm.bing.net/th/id/OIP.ZPmbOG0_0WBy3RKEJV9muQHaFR?cb=defcache2defcache=1&rs=1&pid=ImgDetMain&o=7&rm=703,https://example.com/games/silent-pilot-36,TRUE,NULL,2026-01-21 05:43:13.14+00,2026-01-21 05:43:13.14+00,Experience the thrill of Pilot in this top-rated Puzzle adventure.,0
aca37b57-7c07-461b-a560-dc31d322e56a,Furious Farm,Sports,https://tse1.mm.bing.net/th/id/OIP.ZPmbOG0_0WBy3RKEJV9muQHaFR?cb=defcache2defcache=1&rs=1&pid=ImgDetMain&o=7&rm=704,https://example.com/games/furious-farm-889,TRUE,NULL,2026-01-21 05:43:13.14+00,2026-01-21 05:43:13.14+00,Fight your way to victory in this exciting Sports game featuring the legendary Farm.,0
acfa262b-5564-4118-bed1-80644061c9ad,Neon Robot,Simulation,https://tse1.mm.bing.net/th/id/OIP.ZPmbOG0_0WBy3RKEJV9muQHaFR?cb=defcache2defcache=1&rs=1&pid=ImgDetMain&o=7&rm=705,https://example.com/games/neon-robot-415,TRUE,NULL,2026-01-21 05:43:13.14+00,2026-01-21 05:43:13.14+00,Solve your way to victory in this exciting Simulation game featuring the legendary Robot.,0
ad65dc51-5062-45a2-aece-4001896a1888,Medieval Detective,Horror,https://tse1.mm.bing.net/th/id/OIP.ZPmbOG0_0WBy3RKEJV9muQHaFR?cb=defcache2defcache=1&rs=1&pid=ImgDetMain&o=7&rm=706,https://example.com/games/medieval-detective-883,TRUE,NULL,2026-01-21 05:43:13.14+00,2026-01-21 05:43:13.14+00,The ultimate Horror experience awaits you in Medieval Detective.,0
adfe838f-a23e-4564-b6ff-0381cbf7e453,Neon Detective,Adventure,https://tse1.mm.bing.net/th/id/OIP.ZPmbOG0_0WBy3RKEJV9muQHaFR?cb=defcache2defcache=1&rs=1&pid=ImgDetMain&o=7&rm=707,https://example.com/games/neon-detective-977,TRUE,NULL,2026-01-21 05:43:13.14+00,2026-01-21 05:43:13.14+00,Conquer your way to victory in this exciting Adventure game featuring the legendary Detective.,0
ae2111ed-fdf0-4383-a266-1d92bb3c7bb7,Iron Pirate,Horror,https://tse1.mm.bing.net/th/id/OIP.ZPmbOG0_0WBy3RKEJV9muQHaFR?cb=defcache2defcache=1&rs=1&pid=ImgDetMain&o=7&rm=708,https://example.com/games/iron-pirate-561,TRUE,NULL,2026-01-21 05:43:13.14+00,2026-01-21 05:43:13.14+00,Join millions of players in this Horror classic focused on survive and pirates.,0
ae397318-ffc6-4b24-802b-f74fb92d3cef,Cyber Builder,Horror,https://tse1.mm.bing.net/th/id/OIP.ZPmbOG0_0WBy3RKEJV9muQHaFR?cb=defcache2defcache=1&rs=1&pid=ImgDetMain&o=7&rm=709,https://example.com/games/cyber-builder-154,TRUE,NULL,2026-01-21 05:43:13.14+00,2026-01-21 05:43:13.14+00,A masterful Horror journey where you must become the ultimate Builder.,0
ae5982fe-8861-4cbc-bfed-31208dc64610,Light Ninja,Simulation,https://tse1.mm.bing.net/th/id/OIP.ZPmbOG0_0WBy3RKEJV9muQHaFR?cb=defcache2defcache=1&rs=1&pid=ImgDetMain&o=7&rm=710,https://example.com/games/light-ninja-127,TRUE,NULL,2026-01-21 05:43:13.14+00,2026-01-21 05:43:13.14+00,Conquer your way to victory in this exciting Simulation game featuring the legendary Ninja.,0
af53e7b0-b2c5-457a-a6e5-b7e7a504cb1e,Light Racer,Racing,https://tse1.mm.bing.net/th/id/OIP.ZPmbOG0_0WBy3RKEJV9muQHaFR?cb=defcache2defcache=1&rs=1&pid=ImgDetMain&o=7&rm=711,https://example.com/games/light-racer-542,TRUE,NULL,2026-01-21 05:43:13.14+00,2026-01-21 05:43:13.14+00,The ultimate Racing experience awaits you in Light Racer.,0
af92148c-481a-43f2-93b0-d8de1cb7c31d,Medieval Farm,Horror,https://tse1.mm.bing.net/th/id/OIP.ZPmbOG0_0WBy3RKEJV9muQHaFR?cb=defcache2defcache=1&rs=1&pid=ImgDetMain&o=7&rm=712,https://example.com/games/medieval-farm-684,TRUE,NULL,2026-01-21 05:43:13.14+00,2026-01-21 05:43:13.14+00,Solve your way to victory in this exciting Horror game featuring the legendary Farm.,0
af92d871-26fb-4898-a841-be7e8472626d,Epic Detective,Simulation,https://tse1.mm.bing.net/th/id/OIP.ZPmbOG0_0WBy3RKEJV9muQHaFR?cb=defcache2defcache=1&rs=1&pid=ImgDetMain&o=7&rm=713,https://example.com/games/epic-detective-992,TRUE,NULL,2026-01-21 05:43:13.14+00,2026-01-21 05:43:13.14+00,Experience the thrill of Detective in this top-rated Simulation adventure.,0
afc87283-b771-4588-b17c-96491d516aa8,Super Dungeon,Strategy,https://tse1.mm.bing.net/th/id/OIP.ZPmbOG0_0WBy3RKEJV9muQHaFR?cb=defcache2defcache=1&rs=1&pid=ImgDetMain&o=7&rm=714,https://example.com/games/super-dungeon-497,TRUE,NULL,2026-01-21 05:43:13.14+00,2026-01-21 05:43:13.14+00,A masterful Strategy journey where you must become the ultimate Dungeon.,0
afcac55d-48b7-4ea6-8892-5d10d31263b8,Crystal Chef,Puzzle,https://tse1.mm.bing.net/th/id/OIP.ZPmbOG0_0WBy3RKEJV9muQHaFR?cb=defcache2defcache=1&rs=1&pid=ImgDetMain&o=7&rm=715,https://example.com/games/crystal-chef-320,TRUE,NULL,2026-01-21 05:43:13.14+00,2026-01-21 05:43:13.14+00,Conquer your way to victory in this exciting Puzzle game featuring the legendary Chef.,0
b003e484-00af-4a2a-a1c7-c4ba0d3b3baa,Cosmic Builder,Puzzle,https://tse1.mm.bing.net/th/id/OIP.ZPmbOG0_0WBy3RKEJV9muQHaFR?cb=defcache2defcache=1&rs=1&pid=ImgDetMain&o=7&rm=716,https://example.com/games/cosmic-builder-510,TRUE,NULL,2026-01-21 05:43:13.14+00,2026-01-21 05:43:13.14+00,Join millions of players in this Puzzle classic focused on build and builders.,0
b01b3de4-8998-44c6-be02-c5946bf15884,Furious Pilot,Sports,https://tse1.mm.bing.net/th/id/OIP.ZPmbOG0_0WBy3RKEJV9muQHaFR?cb=defcache2defcache=1&rs=1&pid=ImgDetMain&o=7&rm=717,https://example.com/games/furious-pilot-9,TRUE,NULL,2026-01-21 05:43:13.14+00,2026-01-21 12:57:55.608+00,Join millions of players in this Sports classic focused on conquer and pilots.,0
b01d6bf6-0929-4a07-aa38-30494eb7f03b,Cyber Warrior,Simulation,https://tse1.mm.bing.net/th/id/OIP.ZPmbOG0_0WBy3RKEJV9muQHaFR?cb=defcache2defcache=1&rs=1&pid=ImgDetMain&o=7&rm=718,https://example.com/games/cyber-warrior-533,TRUE,NULL,2026-01-21 05:43:13.14+00,2026-01-21 05:43:13.14+00,The ultimate Simulation experience awaits you in Cyber Warrior.,0
b0d4a74e-4604-448e-b4bc-81f792f917c7,Medieval Dungeon,Sports,https://tse1.mm.bing.net/th/id/OIP.ZPmbOG0_0WBy3RKEJV9muQHaFR?cb=defcache2defcache=1&rs=1&pid=ImgDetMain&o=7&rm=719,https://example.com/games/medieval-dungeon-602,TRUE,NULL,2026-01-21 05:43:13.14+00,2026-01-21 05:43:13.14+00,The ultimate Sports experience awaits you in Medieval Dungeon.,0
b117b4b6-dccd-4a95-844a-cd628ae1727c,Medieval Builder,Adventure,https://tse1.mm.bing.net/th/id/OIP.ZPmbOG0_0WBy3RKEJV9muQHaFR?cb=defcache2defcache=1&rs=1&pid=ImgDetMain&o=7&rm=720,https://example.com/games/medieval-builder-647,TRUE,NULL,2026-01-21 05:43:13.14+00,2026-01-21 05:43:13.14+00,Join millions of players in this Adventure classic focused on destroy and builders.,0
b1a7fc22-b986-4882-ab4a-ef68209aae85,Dark Hero,Sports,https://tse1.mm.bing.net/th/id/OIP.ZPmbOG0_0WBy3RKEJV9muQHaFR?cb=defcache2defcache=1&rs=1&pid=ImgDetMain&o=7&rm=721,https://example.com/games/dark-hero-266,TRUE,NULL,2026-01-21 05:43:13.14+00,2026-01-21 05:43:13.14+00,Join millions of players in this Sports classic focused on conquer and heros.,0
b1ae63f9-1030-4807-9ec2-2d3726b8c21c,Cosmic Racer,Strategy,https://tse1.mm.bing.net/th/id/OIP.ZPmbOG0_0WBy3RKEJV9muQHaFR?cb=defcache2defcache=1&rs=1&pid=ImgDetMain&o=7&rm=722,https://example.com/games/cosmic-racer-108,TRUE,NULL,2026-01-21 05:43:13.14+00,2026-01-21 13:39:08.48+00,A masterful Strategy journey where you must become the ultimate Racer.,0
b20f4874-28f7-45fc-8adb-bea4c273b65a,Furious Robot,Puzzle,https://tse1.mm.bing.net/th/id/OIP.ZPmbOG0_0WBy3RKEJV9muQHaFR?cb=defcache2defcache=1&rs=1&pid=ImgDetMain&o=7&rm=723,https://example.com/games/furious-robot-505,TRUE,NULL,2026-01-21 05:43:13.14+00,2026-01-21 05:43:13.14+00,Build your way to victory in this exciting Puzzle game featuring the legendary Robot.,0
b2513ced-193b-4007-b66a-aeca552e8567,Cyber Chef,Strategy,https://tse1.mm.bing.net/th/id/OIP.ZPmbOG0_0WBy3RKEJV9muQHaFR?cb=defcache2defcache=1&rs=1&pid=ImgDetMain&o=7&rm=724,https://example.com/games/cyber-chef-275,TRUE,NULL,2026-01-21 05:43:13.14+00,2026-01-21 05:43:13.14+00,Join millions of players in this Strategy classic focused on destroy and chefs.,0
b2a8fbbc-bc1e-45e3-8f8f-f17c0d93a069,Iron Farm,Strategy,https://tse1.mm.bing.net/th/id/OIP.ZPmbOG0_0WBy3RKEJV9muQHaFR?cb=defcache2defcache=1&rs=1&pid=ImgDetMain&o=7&rm=725,https://example.com/games/iron-farm-178,TRUE,NULL,2026-01-21 05:43:13.14+00,2026-01-21 13:39:08.48+00,The ultimate Strategy experience awaits you in Iron Farm.,0
b2de56b8-226b-40b8-9a3d-1fc4367202eb,Wild Pirate,Puzzle,https://tse1.mm.bing.net/th/id/OIP.ZPmbOG0_0WBy3RKEJV9muQHaFR?cb=defcache2defcache=1&rs=1&pid=ImgDetMain&o=7&rm=726,https://example.com/games/wild-pirate-885,TRUE,NULL,2026-01-21 05:43:13.14+00,2026-01-21 05:43:13.14+00,Experience the thrill of Pirate in this top-rated Puzzle adventure.,0
b3104905-fb21-40aa-8987-32eaab28ddf2,Epic Empire,Strategy,https://tse1.mm.bing.net/th/id/OIP.ZPmbOG0_0WBy3RKEJV9muQHaFR?cb=defcache2defcache=1&rs=1&pid=ImgDetMain&o=7&rm=727,https://example.com/games/epic-empire-802,TRUE,NULL,2026-01-21 05:43:13.14+00,2026-01-21 05:43:13.14+00,A masterful Strategy journey where you must become the ultimate Empire.,0
b3537cc4-7d82-479d-bc52-a7b509413247,Medieval Chef,Strategy,https://tse1.mm.bing.net/th/id/OIP.ZPmbOG0_0WBy3RKEJV9muQHaFR?cb=defcache2defcache=1&rs=1&pid=ImgDetMain&o=7&rm=728,https://example.com/games/medieval-chef-809,TRUE,NULL,2026-01-21 05:43:13.14+00,2026-01-21 05:43:13.14+00,Experience the thrill of Chef in this top-rated Strategy adventure.,0
b35dadbd-8193-49e2-9136-dfb59b138f46,Golden Builder,Adventure,https://tse1.mm.bing.net/th/id/OIP.ZPmbOG0_0WBy3RKEJV9muQHaFR?cb=defcache2defcache=1&rs=1&pid=ImgDetMain&o=7&rm=729,https://example.com/games/golden-builder-754,TRUE,NULL,2026-01-21 05:43:13.14+00,2026-01-21 05:43:13.14+00,Experience the thrill of Builder in this top-rated Adventure adventure.,0
b3990d84-1534-4a16-8e6d-0cfb7dfd03d7,Light Empire,Puzzle,https://tse1.mm.bing.net/th/id/OIP.ZPmbOG0_0WBy3RKEJV9muQHaFR?cb=defcache2defcache=1&rs=1&pid=ImgDetMain&o=7&rm=730,https://example.com/games/light-empire-424,TRUE,NULL,2026-01-21 05:43:13.14+00,2026-01-21 05:43:13.14+00,A masterful Puzzle journey where you must become the ultimate Empire.,0
b41acdea-eeb5-4cac-bc56-474acd13c46b,Mega Racer,RPG,https://tse1.mm.bing.net/th/id/OIP.ZPmbOG0_0WBy3RKEJV9muQHaFR?cb=defcache2defcache=1&rs=1&pid=ImgDetMain&o=7&rm=731,https://example.com/games/mega-racer-593,TRUE,NULL,2026-01-21 05:43:13.14+00,2026-01-21 05:43:13.14+00,Survive your way to victory in this exciting RPG game featuring the legendary Racer.,0
b43f3772-4be9-4efc-a4af-24929a12e1f8,Dark Empire,Strategy,https://tse1.mm.bing.net/th/id/OIP.ZPmbOG0_0WBy3RKEJV9muQHaFR?cb=defcache2defcache=1&rs=1&pid=ImgDetMain&o=7&rm=732,https://example.com/games/dark-empire-468,TRUE,NULL,2026-01-21 05:43:13.14+00,2026-01-21 05:43:13.14+00,Join millions of players in this Strategy classic focused on defend and empires.,0
b473d6ee-e16d-48eb-9267-9b5b25bfb7fa,Mega Legend,Adventure,https://tse1.mm.bing.net/th/id/OIP.ZPmbOG0_0WBy3RKEJV9muQHaFR?cb=defcache2defcache=1&rs=1&pid=ImgDetMain&o=7&rm=733,https://example.com/games/mega-legend-660,TRUE,NULL,2026-01-21 05:43:13.14+00,2026-01-21 05:43:13.14+00,Experience the thrill of Legend in this top-rated Adventure adventure.,0
b4bb50e4-0014-4cab-89dc-5f3b2f6d5e7a,Crystal City,Horror,https://tse1.mm.bing.net/th/id/OIP.ZPmbOG0_0WBy3RKEJV9muQHaFR?cb=defcache2defcache=1&rs=1&pid=ImgDetMain&o=7&rm=734,https://example.com/games/crystal-city-281,TRUE,NULL,2026-01-21 05:43:13.14+00,2026-01-21 05:43:13.14+00,The ultimate Horror experience awaits you in Crystal City.,0
b4e7014a-5dfd-4174-997a-2b3913df416e,Super Builder,Simulation,https://tse1.mm.bing.net/th/id/OIP.ZPmbOG0_0WBy3RKEJV9muQHaFR?cb=defcache2defcache=1&rs=1&pid=ImgDetMain&o=7&rm=735,https://example.com/games/super-builder-702,TRUE,NULL,2026-01-21 05:43:13.14+00,2026-01-21 05:43:13.14+00,The ultimate Simulation experience awaits you in Super Builder.,0
b4eabc88-1b35-468a-8962-ff73c02a8622,Crystal Pilot,Puzzle,https://tse1.mm.bing.net/th/id/OIP.ZPmbOG0_0WBy3RKEJV9muQHaFR?cb=defcache2defcache=1&rs=1&pid=ImgDetMain&o=7&rm=736,https://example.com/games/crystal-pilot-184,TRUE,NULL,2026-01-21 05:43:13.14+00,2026-01-21 05:43:13.14+00,Experience the thrill of Pilot in this top-rated Puzzle adventure.,0
b512860e-9125-4854-b0f5-ce0d8d3b0b28,Crystal Detective,Racing,https://tse1.mm.bing.net/th/id/OIP.ZPmbOG0_0WBy3RKEJV9muQHaFR?cb=defcache2defcache=1&rs=1&pid=ImgDetMain&o=7&rm=737,https://example.com/games/crystal-detective-570,TRUE,NULL,2026-01-21 05:43:13.14+00,2026-01-21 05:43:13.14+00,The ultimate Racing experience awaits you in Crystal Detective.,0
b5a6ee73-bb7f-4ff3-aa95-acb684fa2588,Super Farm,Simulation,https://tse1.mm.bing.net/th/id/OIP.ZPmbOG0_0WBy3RKEJV9muQHaFR?cb=defcache2defcache=1&rs=1&pid=ImgDetMain&o=7&rm=738,https://example.com/games/super-farm-445,TRUE,NULL,2026-01-21 05:43:13.14+00,2026-01-21 05:43:13.14+00,Join millions of players in this Simulation classic focused on fight and farms.,0
b5abd091-3db9-474d-831e-e0241b62ca62,Dark Warrior,Arcade,https://tse1.mm.bing.net/th/id/OIP.ZPmbOG0_0WBy3RKEJV9muQHaFR?cb=defcache2defcache=1&rs=1&pid=ImgDetMain&o=7&rm=739,https://example.com/games/dark-warrior-670,TRUE,NULL,2026-01-21 05:43:13.14+00,2026-01-21 05:43:13.14+00,Experience the thrill of Warrior in this top-rated Arcade adventure.,0
b5dd603d-05bd-4b37-863c-a2a7ad26c510,Silent Racer,Action,https://tse1.mm.bing.net/th/id/OIP.ZPmbOG0_0WBy3RKEJV9muQHaFR?cb=defcache2defcache=1&rs=1&pid=ImgDetMain&o=7&rm=740,https://example.com/games/silent-racer-454,TRUE,NULL,2026-01-21 05:43:13.14+00,2026-01-21 05:43:13.14+00,A masterful Action journey where you must become the ultimate Racer.,0
b6020b1d-5e1f-4f82-9564-c420edacca1d,Medieval Empire,Action,https://tse1.mm.bing.net/th/id/OIP.ZPmbOG0_0WBy3RKEJV9muQHaFR?cb=defcache2defcache=1&rs=1&pid=ImgDetMain&o=7&rm=741,https://example.com/games/medieval-empire-303,TRUE,NULL,2026-01-21 05:43:13.14+00,2026-01-21 05:43:13.14+00,Experience the thrill of Empire in this top-rated Action adventure.,0
b6427d00-2292-4350-8404-8beb3a5f2464,Tiny Farm,Racing,https://tse1.mm.bing.net/th/id/OIP.ZPmbOG0_0WBy3RKEJV9muQHaFR?cb=defcache2defcache=1&rs=1&pid=ImgDetMain&o=7&rm=742,https://example.com/games/tiny-farm-122,TRUE,NULL,2026-01-21 05:43:13.14+00,2026-01-21 05:43:13.14+00,The ultimate Racing experience awaits you in Tiny Farm.,0
b6a8d900-76d9-462b-be48-6a8083063b0e,Silent Hero,Puzzle,https://tse1.mm.bing.net/th/id/OIP.ZPmbOG0_0WBy3RKEJV9muQHaFR?cb=defcache2defcache=1&rs=1&pid=ImgDetMain&o=7&rm=743,https://example.com/games/silent-hero-363,TRUE,NULL,2026-01-21 05:43:13.14+00,2026-01-21 05:43:13.14+00,Join millions of players in this Puzzle classic focused on solve and heros.,0
b6bbef2c-58ad-46a9-9f03-4a39738a8ee4,Tiny Chef,Racing,https://tse1.mm.bing.net/th/id/OIP.ZPmbOG0_0WBy3RKEJV9muQHaFR?cb=defcache2defcache=1&rs=1&pid=ImgDetMain&o=7&rm=744,https://example.com/games/tiny-chef-343,TRUE,NULL,2026-01-21 05:43:13.14+00,2026-01-21 05:43:13.14+00,Join millions of players in this Racing classic focused on destroy and chefs.,0
b6cb767b-0786-40ba-a625-c9a3f10998de,Super Zombie,Horror,https://tse1.mm.bing.net/th/id/OIP.ZPmbOG0_0WBy3RKEJV9muQHaFR?cb=defcache2defcache=1&rs=1&pid=ImgDetMain&o=7&rm=745,https://example.com/games/super-zombie-402,TRUE,NULL,2026-01-21 05:43:13.14+00,2026-01-21 05:43:13.14+00,Join millions of players in this Horror classic focused on destroy and zombies.,0
b7090e94-aa18-4bae-93b5-a4461b278441,Cyber Ninja,Arcade,https://tse1.mm.bing.net/th/id/OIP.ZPmbOG0_0WBy3RKEJV9muQHaFR?cb=defcache2defcache=1&rs=1&pid=ImgDetMain&o=7&rm=746,https://example.com/games/cyber-ninja-448,TRUE,NULL,2026-01-21 05:43:13.14+00,2026-01-21 05:43:13.14+00,Join millions of players in this Arcade classic focused on solve and ninjas.,0
b774458e-55a7-44cc-bea2-e8377ef22fe6,Epic Zombie,Horror,https://tse1.mm.bing.net/th/id/OIP.ZPmbOG0_0WBy3RKEJV9muQHaFR?cb=defcache2defcache=1&rs=1&pid=ImgDetMain&o=7&rm=747,https://example.com/games/epic-zombie-467,TRUE,NULL,2026-01-21 05:43:13.14+00,2026-01-21 05:43:13.14+00,Manage your way to victory in this exciting Horror game featuring the legendary Zombie.,0
b83f939d-59f6-4cba-897a-75cfa02564f5,Furious Pilot,Horror,https://tse1.mm.bing.net/th/id/OIP.ZPmbOG0_0WBy3RKEJV9muQHaFR?cb=defcache2defcache=1&rs=1&pid=ImgDetMain&o=7&rm=748,https://example.com/games/furious-pilot-554,TRUE,NULL,2026-01-21 05:43:13.14+00,2026-01-21 05:43:13.14+00,Experience the thrill of Pilot in this top-rated Horror adventure.,0
b88ad2c7-f7dc-4cdb-937c-d879f1462e33,Neon Zombie,Racing,https://tse1.mm.bing.net/th/id/OIP.ZPmbOG0_0WBy3RKEJV9muQHaFR?cb=defcache2defcache=1&rs=1&pid=ImgDetMain&o=7&rm=749,https://example.com/games/neon-zombie-492,TRUE,NULL,2026-01-21 05:43:13.14+00,2026-01-21 05:43:13.14+00,A masterful Racing journey where you must become the ultimate Zombie.,0
b906f491-38e9-4d50-bd60-9327106db4b4,Crystal City,Sports,https://tse1.mm.bing.net/th/id/OIP.ZPmbOG0_0WBy3RKEJV9muQHaFR?cb=defcache2defcache=1&rs=1&pid=ImgDetMain&o=7&rm=750,https://example.com/games/crystal-city-114,TRUE,NULL,2026-01-21 05:43:13.14+00,2026-01-21 05:43:13.14+00,Experience the thrill of City in this top-rated Sports adventure.,0
b91a2acf-3c40-4b71-b6ef-50a728e7d346,Silent Farm,Puzzle,https://tse1.mm.bing.net/th/id/OIP.ZPmbOG0_0WBy3RKEJV9muQHaFR?cb=defcache2defcache=1&rs=1&pid=ImgDetMain&o=7&rm=751,https://example.com/games/silent-farm-210,TRUE,NULL,2026-01-21 05:43:13.14+00,2026-01-21 05:43:13.14+00,The ultimate Puzzle experience awaits you in Silent Farm.,0
b92836a6-d268-4db3-ad9b-f1d2c65898f5,Neon Empire,Strategy,https://tse1.mm.bing.net/th/id/OIP.ZPmbOG0_0WBy3RKEJV9muQHaFR?cb=defcache2defcache=1&rs=1&pid=ImgDetMain&o=7&rm=752,https://example.com/games/neon-empire-594,TRUE,NULL,2026-01-21 05:43:13.14+00,2026-01-21 05:43:13.14+00,Manage your way to victory in this exciting Strategy game featuring the legendary Empire.,0
b93daaa8-aee0-4fda-bc9f-8ab225967bdd,Super Racer,Simulation,https://tse1.mm.bing.net/th/id/OIP.ZPmbOG0_0WBy3RKEJV9muQHaFR?cb=defcache2defcache=1&rs=1&pid=ImgDetMain&o=7&rm=753,https://example.com/games/super-racer-804,TRUE,NULL,2026-01-21 05:43:13.14+00,2026-01-21 05:43:13.14+00,Defend your way to victory in this exciting Simulation game featuring the legendary Racer.,0
b98321e2-30e1-4b84-a796-e594720aa1ea,Furious City,Horror,https://tse1.mm.bing.net/th/id/OIP.ZPmbOG0_0WBy3RKEJV9muQHaFR?cb=defcache2defcache=1&rs=1&pid=ImgDetMain&o=7&rm=754,https://example.com/games/furious-city-478,TRUE,NULL,2026-01-21 05:43:13.14+00,2026-01-21 05:43:13.14+00,Join millions of players in this Horror classic focused on manage and citys.,0
b9e4f3ca-7eff-4059-a0cd-6a8b43f60e29,Super Robot,Racing,https://tse1.mm.bing.net/th/id/OIP.ZPmbOG0_0WBy3RKEJV9muQHaFR?cb=defcache2defcache=1&rs=1&pid=ImgDetMain&o=7&rm=755,https://example.com/games/super-robot-853,TRUE,NULL,2026-01-21 05:43:13.14+00,2026-01-21 05:43:13.14+00,Build your way to victory in this exciting Racing game featuring the legendary Robot.,0
ba88f453-9ce4-4db6-abeb-0febbcf8363a,Tiny Dungeon,Arcade,https://tse1.mm.bing.net/th/id/OIP.ZPmbOG0_0WBy3RKEJV9muQHaFR?cb=defcache2defcache=1&rs=1&pid=ImgDetMain&o=7&rm=756,https://example.com/games/tiny-dungeon-306,TRUE,NULL,2026-01-21 05:43:13.14+00,2026-01-21 05:43:13.14+00,The ultimate Arcade experience awaits you in Tiny Dungeon.,0
ba894f96-6ae4-451b-ab13-4f4b7f8e9c3b,Light Ninja,Puzzle,https://tse1.mm.bing.net/th/id/OIP.ZPmbOG0_0WBy3RKEJV9muQHaFR?cb=defcache2defcache=1&rs=1&pid=ImgDetMain&o=7&rm=757,https://example.com/games/light-ninja-270,TRUE,NULL,2026-01-21 05:43:13.14+00,2026-01-21 05:43:13.14+00,Experience the thrill of Ninja in this top-rated Puzzle adventure.,0
bbc4191c-782b-4dee-84d3-70eca45e1da1,Furious Farm,Puzzle,https://tse1.mm.bing.net/th/id/OIP.ZPmbOG0_0WBy3RKEJV9muQHaFR?cb=defcache2defcache=1&rs=1&pid=ImgDetMain&o=7&rm=758,https://example.com/games/furious-farm-618,TRUE,NULL,2026-01-21 05:43:13.14+00,2026-01-21 05:43:13.14+00,A masterful Puzzle journey where you must become the ultimate Farm.,0
bc05d8d2-711a-4ab5-a365-02f3fe365413,Crystal Pilot,Puzzle,https://tse1.mm.bing.net/th/id/OIP.ZPmbOG0_0WBy3RKEJV9muQHaFR?cb=defcache2defcache=1&rs=1&pid=ImgDetMain&o=7&rm=759,https://example.com/games/crystal-pilot-695,TRUE,NULL,2026-01-21 05:43:13.14+00,2026-01-21 05:43:13.14+00,Join millions of players in this Puzzle classic focused on destroy and pilots.,0
bc33b294-0349-4205-8fe3-3660ee07d837,Epic Racer,Horror,https://tse1.mm.bing.net/th/id/OIP.ZPmbOG0_0WBy3RKEJV9muQHaFR?cb=defcache2defcache=1&rs=1&pid=ImgDetMain&o=7&rm=760,https://example.com/games/epic-racer-824,TRUE,NULL,2026-01-21 05:43:13.14+00,2026-01-21 05:43:13.14+00,Experience the thrill of Racer in this top-rated Horror adventure.,0
bc613ef3-9965-47d3-91c0-c0d651c06ae6,Neon Warrior,Arcade,https://tse1.mm.bing.net/th/id/OIP.ZPmbOG0_0WBy3RKEJV9muQHaFR?cb=defcache2defcache=1&rs=1&pid=ImgDetMain&o=7&rm=761,https://example.com/games/neon-warrior-104,TRUE,NULL,2026-01-21 05:43:13.14+00,2026-01-21 05:43:13.14+00,Experience the thrill of Warrior in this top-rated Arcade adventure.,0
bc83e7f6-4dc6-4a8f-8aea-98fd6a68bf5c,Medieval Empire,Sports,https://tse1.mm.bing.net/th/id/OIP.ZPmbOG0_0WBy3RKEJV9muQHaFR?cb=defcache2defcache=1&rs=1&pid=ImgDetMain&o=7&rm=762,https://example.com/games/medieval-empire-202,TRUE,NULL,2026-01-21 05:43:13.14+00,2026-01-21 05:43:13.14+00,The ultimate Sports experience awaits you in Medieval Empire.,0
bc892a90-cde9-4a38-9b83-1aa7d1089336,Wild Pilot,Racing,https://tse1.mm.bing.net/th/id/OIP.ZPmbOG0_0WBy3RKEJV9muQHaFR?cb=defcache2defcache=1&rs=1&pid=ImgDetMain&o=7&rm=763,https://example.com/games/wild-pilot-609,TRUE,NULL,2026-01-21 05:43:13.14+00,2026-01-21 05:43:13.14+00,Manage your way to victory in this exciting Racing game featuring the legendary Pilot.,0
bd0a1a3a-374f-48cd-b17a-ed047db70324,Cosmic City,Horror,https://tse1.mm.bing.net/th/id/OIP.ZPmbOG0_0WBy3RKEJV9muQHaFR?cb=defcache2defcache=1&rs=1&pid=ImgDetMain&o=7&rm=764,https://example.com/games/cosmic-city-115,TRUE,NULL,2026-01-21 05:43:13.14+00,2026-01-21 05:43:13.14+00,A masterful Horror journey where you must become the ultimate City.,0
bd2673b5-ae4d-4477-9e70-938d69c95593,Crystal Warrior,Puzzle,https://tse1.mm.bing.net/th/id/OIP.ZPmbOG0_0WBy3RKEJV9muQHaFR?cb=defcache2defcache=1&rs=1&pid=ImgDetMain&o=7&rm=765,https://example.com/games/crystal-warrior-353,TRUE,NULL,2026-01-21 05:43:13.14+00,2026-01-21 05:43:13.14+00,The ultimate Puzzle experience awaits you in Crystal Warrior.,0
bd3c735c-09b7-4120-a14b-05119706946b,Epic Warrior,Horror,https://tse1.mm.bing.net/th/id/OIP.ZPmbOG0_0WBy3RKEJV9muQHaFR?cb=defcache2defcache=1&rs=1&pid=ImgDetMain&o=7&rm=766,https://example.com/games/epic-warrior-486,TRUE,NULL,2026-01-21 05:43:13.14+00,2026-01-21 05:43:13.14+00,Join millions of players in this Horror classic focused on fight and warriors.,0
bd494818-adab-4ea2-9f50-d69aeb2b1ed9,Cyber Pirate,Puzzle,https://tse1.mm.bing.net/th/id/OIP.ZPmbOG0_0WBy3RKEJV9muQHaFR?cb=defcache2defcache=1&rs=1&pid=ImgDetMain&o=7&rm=767,https://example.com/games/cyber-pirate-619,TRUE,NULL,2026-01-21 05:43:13.14+00,2026-01-21 05:43:13.14+00,Join millions of players in this Puzzle classic focused on solve and pirates.,0
bea3cf19-2c66-4d75-b9c5-3317f1bec81f,Light Empire,Sports,https://tse1.mm.bing.net/th/id/OIP.ZPmbOG0_0WBy3RKEJV9muQHaFR?cb=defcache2defcache=1&rs=1&pid=ImgDetMain&o=7&rm=768,https://example.com/games/light-empire-913,TRUE,NULL,2026-01-21 05:43:13.14+00,2026-01-21 05:43:13.14+00,Join millions of players in this Sports classic focused on survive and empires.,0
bea5c642-d43f-4a45-bd29-318cc614e48f,Mega Racer,Action,https://tse1.mm.bing.net/th/id/OIP.ZPmbOG0_0WBy3RKEJV9muQHaFR?cb=defcache2defcache=1&rs=1&pid=ImgDetMain&o=7&rm=769,https://example.com/games/mega-racer-800,TRUE,NULL,2026-01-21 05:43:13.14+00,2026-01-21 05:43:13.14+00,Experience the thrill of Racer in this top-rated Action adventure.,0
bead76d9-cff9-45fb-b1bb-e0e29d8e89e5,Iron Legend,Sports,https://tse1.mm.bing.net/th/id/OIP.ZPmbOG0_0WBy3RKEJV9muQHaFR?cb=defcache2defcache=1&rs=1&pid=ImgDetMain&o=7&rm=770,https://example.com/games/iron-legend-418,TRUE,NULL,2026-01-21 05:43:13.14+00,2026-01-21 05:43:13.14+00,Manage your way to victory in this exciting Sports game featuring the legendary Legend.,0
bed762e8-d966-43bf-977c-dff05b1251a1,Furious Builder,Racing,https://tse1.mm.bing.net/th/id/OIP.ZPmbOG0_0WBy3RKEJV9muQHaFR?cb=defcache2defcache=1&rs=1&pid=ImgDetMain&o=7&rm=771,https://example.com/games/furious-builder-437,TRUE,NULL,2026-01-21 05:43:13.14+00,2026-01-21 05:43:13.14+00,Conquer your way to victory in this exciting Racing game featuring the legendary Builder.,0
bee18f50-6c91-4b48-96d8-a6bf4c5cdc86,Cyber Robot,Adventure,https://tse1.mm.bing.net/th/id/OIP.ZPmbOG0_0WBy3RKEJV9muQHaFR?cb=defcache2defcache=1&rs=1&pid=ImgDetMain&o=7&rm=772,https://example.com/games/cyber-robot-90,TRUE,NULL,2026-01-21 05:43:13.14+00,2026-01-21 05:43:13.14+00,The ultimate Adventure experience awaits you in Cyber Robot.,0
bee8cf3d-e41c-4616-9ec3-c7d87a8f0597,Golden Chef,Arcade,https://tse1.mm.bing.net/th/id/OIP.ZPmbOG0_0WBy3RKEJV9muQHaFR?cb=defcache2defcache=1&rs=1&pid=ImgDetMain&o=7&rm=773,https://example.com/games/golden-chef-314,TRUE,NULL,2026-01-21 05:43:13.14+00,2026-01-21 05:43:13.14+00,Join millions of players in this Arcade classic focused on build and chefs.,0
bef36764-790f-4290-aabb-767a7961715b,Epic Zombie,Simulation,https://tse1.mm.bing.net/th/id/OIP.ZPmbOG0_0WBy3RKEJV9muQHaFR?cb=defcache2defcache=1&rs=1&pid=ImgDetMain&o=7&rm=774,https://example.com/games/epic-zombie-565,TRUE,NULL,2026-01-21 05:43:13.14+00,2026-01-21 05:43:13.14+00,The ultimate Simulation experience awaits you in Epic Zombie.,0
c06a1b78-fc49-4365-a3a3-7fd17fcf6bcd,Neon Warrior,Adventure,https://tse1.mm.bing.net/th/id/OIP.ZPmbOG0_0WBy3RKEJV9muQHaFR?cb=defcache2defcache=1&rs=1&pid=ImgDetMain&o=7&rm=775,https://example.com/games/neon-warrior-840,TRUE,NULL,2026-01-21 05:43:13.14+00,2026-01-21 05:43:13.14+00,Join millions of players in this Adventure classic focused on fight and warriors.,0
c0918ff1-a037-4c34-b0b6-c5afa0bca096,Furious Racer,RPG,https://tse1.mm.bing.net/th/id/OIP.ZPmbOG0_0WBy3RKEJV9muQHaFR?cb=defcache2defcache=1&rs=1&pid=ImgDetMain&o=7&rm=776,https://example.com/games/furious-racer-327,TRUE,NULL,2026-01-21 05:43:13.14+00,2026-01-21 05:43:13.14+00,The ultimate RPG experience awaits you in Furious Racer.,0
c0b49e34-f25d-4d82-aac0-a1643220d0cf,Neon Racer,Simulation,https://tse1.mm.bing.net/th/id/OIP.ZPmbOG0_0WBy3RKEJV9muQHaFR?cb=defcache2defcache=1&rs=1&pid=ImgDetMain&o=7&rm=777,https://example.com/games/neon-racer-925,TRUE,NULL,2026-01-21 05:43:13.14+00,2026-01-21 05:43:13.14+00,Experience the thrill of Racer in this top-rated Simulation adventure.,0
c0bc344a-39a9-49b8-abcc-457b72db312e,Light Builder,RPG,https://tse1.mm.bing.net/th/id/OIP.ZPmbOG0_0WBy3RKEJV9muQHaFR?cb=defcache2defcache=1&rs=1&pid=ImgDetMain&o=7&rm=778,https://example.com/games/light-builder-652,TRUE,NULL,2026-01-21 05:43:13.14+00,2026-01-21 05:43:13.14+00,Experience the thrill of Builder in this top-rated RPG adventure.,0
c0e38c17-cc61-4a4a-8097-9be9c4949cb4,Wild Legend,Adventure,https://tse1.mm.bing.net/th/id/OIP.ZPmbOG0_0WBy3RKEJV9muQHaFR?cb=defcache2defcache=1&rs=1&pid=ImgDetMain&o=7&rm=779,https://example.com/games/wild-legend-540,TRUE,NULL,2026-01-21 05:43:13.14+00,2026-01-21 05:43:13.14+00,Fight your way to victory in this exciting Adventure game featuring the legendary Legend.,0
c1375d48-b4ff-46a5-88fd-cfd9add8cd5b,Furious Builder,Arcade,https://tse1.mm.bing.net/th/id/OIP.ZPmbOG0_0WBy3RKEJV9muQHaFR?cb=defcache2defcache=1&rs=1&pid=ImgDetMain&o=7&rm=780,https://example.com/games/furious-builder-812,TRUE,NULL,2026-01-21 05:43:13.14+00,2026-01-21 05:43:13.14+00,Experience the thrill of Builder in this top-rated Arcade adventure.,0
c249191b-0b20-40fa-bee2-9913bd1c77f6,Tiny Chef,Adventure,https://tse1.mm.bing.net/th/id/OIP.ZPmbOG0_0WBy3RKEJV9muQHaFR?cb=defcache2defcache=1&rs=1&pid=ImgDetMain&o=7&rm=781,https://example.com/games/tiny-chef-294,TRUE,NULL,2026-01-21 05:43:13.14+00,2026-01-21 05:43:13.14+00,Join millions of players in this Adventure classic focused on defend and chefs.,0
c280a884-9a70-4d0d-a403-d7a9088fd622,Cosmic City,Strategy,https://tse1.mm.bing.net/th/id/OIP.ZPmbOG0_0WBy3RKEJV9muQHaFR?cb=defcache2defcache=1&rs=1&pid=ImgDetMain&o=7&rm=782,https://example.com/games/cosmic-city-422,TRUE,NULL,2026-01-21 05:43:13.14+00,2026-01-21 05:43:13.14+00,Experience the thrill of City in this top-rated Strategy adventure.,0
c2b8267b-a625-4248-acf1-17445f91c693,Medieval Builder,Adventure,https://tse1.mm.bing.net/th/id/OIP.ZPmbOG0_0WBy3RKEJV9muQHaFR?cb=defcache2defcache=1&rs=1&pid=ImgDetMain&o=7&rm=783,https://example.com/games/medieval-builder-175,TRUE,NULL,2026-01-21 05:43:13.14+00,2026-01-21 05:43:13.14+00,The ultimate Adventure experience awaits you in Medieval Builder.,0
c2c46941-1165-4f3b-95c3-2f064ae78a6b,Medieval Hero,Simulation,https://tse1.mm.bing.net/th/id/OIP.ZPmbOG0_0WBy3RKEJV9muQHaFR?cb=defcache2defcache=1&rs=1&pid=ImgDetMain&o=7&rm=784,https://example.com/games/medieval-hero-441,TRUE,NULL,2026-01-21 05:43:13.14+00,2026-01-21 05:43:13.14+00,Join millions of players in this Simulation classic focused on destroy and heros.,0
c352224b-f4a5-4a8e-b968-e2935b96ab2b,Golden Racer,Arcade,https://tse1.mm.bing.net/th/id/OIP.ZPmbOG0_0WBy3RKEJV9muQHaFR?cb=defcache2defcache=1&rs=1&pid=ImgDetMain&o=7&rm=785,https://example.com/games/golden-racer-485,TRUE,NULL,2026-01-21 05:43:13.14+00,2026-01-21 05:43:13.14+00,A masterful Arcade journey where you must become the ultimate Racer.,0
c3b29736-a161-429e-9098-e7e11db93e4d,Iron Robot,Sports,https://tse1.mm.bing.net/th/id/OIP.ZPmbOG0_0WBy3RKEJV9muQHaFR?cb=defcache2defcache=1&rs=1&pid=ImgDetMain&o=7&rm=786,https://example.com/games/iron-robot-701,TRUE,NULL,2026-01-21 05:43:13.14+00,2026-01-21 05:43:13.14+00,Experience the thrill of Robot in this top-rated Sports adventure.,0
c3d0ffed-a3e5-4afb-9f3a-9e37045d5580,Cyber Empire,Action,https://tse1.mm.bing.net/th/id/OIP.ZPmbOG0_0WBy3RKEJV9muQHaFR?cb=defcache2defcache=1&rs=1&pid=ImgDetMain&o=7&rm=787,https://example.com/games/cyber-empire-622,TRUE,NULL,2026-01-21 05:43:13.14+00,2026-01-21 05:43:13.14+00,Experience the thrill of Empire in this top-rated Action adventure.,0
c3d7b959-4025-4914-9288-c17531a09414,Golden Builder,Sports,https://tse1.mm.bing.net/th/id/OIP.ZPmbOG0_0WBy3RKEJV9muQHaFR?cb=defcache2defcache=1&rs=1&pid=ImgDetMain&o=7&rm=788,https://example.com/games/golden-builder-62,TRUE,NULL,2026-01-21 05:43:13.14+00,2026-01-21 05:43:13.14+00,The ultimate Sports experience awaits you in Golden Builder.,0
c4a0f558-7f8f-43a3-b286-f22c7012acfc,Bgmi,Battle Royel,https://tse1.mm.bing.net/th/id/OIP.ZPmbOG0_0WBy3RKEJV9muQHaFR?cb=defcache2defcache=1&rs=1&pid=ImgDetMain&o=7&rm=789,https://bgmi.com,TRUE,NULL,2026-01-21 05:43:13.14+00,2026-01-21 05:48:59.532+00,Battle Ground Mobile India,0
c5664e0e-690e-48d6-bb5b-42ff8c8a0c91,Wild Warrior,Adventure,https://tse1.mm.bing.net/th/id/OIP.ZPmbOG0_0WBy3RKEJV9muQHaFR?cb=defcache2defcache=1&rs=1&pid=ImgDetMain&o=7&rm=790,https://example.com/games/wild-warrior-956,TRUE,NULL,2026-01-21 05:43:13.14+00,2026-01-21 05:43:13.14+00,A masterful Adventure journey where you must become the ultimate Warrior.,0
c57087db-c5aa-4e40-8da4-f905c1d91391,Epic Detective,RPG,https://tse1.mm.bing.net/th/id/OIP.ZPmbOG0_0WBy3RKEJV9muQHaFR?cb=defcache2defcache=1&rs=1&pid=ImgDetMain&o=7&rm=791,https://example.com/games/epic-detective-827,TRUE,NULL,2026-01-21 05:43:13.14+00,2026-01-21 05:43:13.14+00,The ultimate RPG experience awaits you in Epic Detective.,0
c580a1f7-ae92-49e2-bffd-9c826727475e,Tiny Empire,Sports,https://tse1.mm.bing.net/th/id/OIP.ZPmbOG0_0WBy3RKEJV9muQHaFR?cb=defcache2defcache=1&rs=1&pid=ImgDetMain&o=7&rm=792,https://example.com/games/tiny-empire-858,TRUE,NULL,2026-01-21 05:43:13.14+00,2026-01-21 05:43:13.14+00,A masterful Sports journey where you must become the ultimate Empire.,0
c5966ecf-f6c8-4f8d-946f-27bba919bfff,Wild Warrior,Simulation,https://tse1.mm.bing.net/th/id/OIP.ZPmbOG0_0WBy3RKEJV9muQHaFR?cb=defcache2defcache=1&rs=1&pid=ImgDetMain&o=7&rm=793,https://example.com/games/wild-warrior-287,TRUE,NULL,2026-01-21 05:43:13.14+00,2026-01-21 05:43:13.14+00,A masterful Simulation journey where you must become the ultimate Warrior.,0
c5a0b3ea-2309-4b94-acd2-7dcdf898170d,Dark Builder,RPG,https://tse1.mm.bing.net/th/id/OIP.ZPmbOG0_0WBy3RKEJV9muQHaFR?cb=defcache2defcache=1&rs=1&pid=ImgDetMain&o=7&rm=794,https://example.com/games/dark-builder-803,TRUE,NULL,2026-01-21 05:43:13.14+00,2026-01-21 05:43:13.14+00,Join millions of players in this RPG classic focused on build and builders.,0
c6152b80-e113-4a5b-bb1a-4c96c2215455,Furious Pirate,RPG,https://tse1.mm.bing.net/th/id/OIP.ZPmbOG0_0WBy3RKEJV9muQHaFR?cb=defcache2defcache=1&rs=1&pid=ImgDetMain&o=7&rm=795,https://example.com/games/furious-pirate-182,TRUE,NULL,2026-01-21 05:43:13.14+00,2026-01-21 05:43:13.14+00,The ultimate RPG experience awaits you in Furious Pirate.,0
c6308485-bde8-416c-baed-ff28ed1c077c,Golden City,RPG,https://tse1.mm.bing.net/th/id/OIP.ZPmbOG0_0WBy3RKEJV9muQHaFR?cb=defcache2defcache=1&rs=1&pid=ImgDetMain&o=7&rm=796,https://example.com/games/golden-city-481,TRUE,NULL,2026-01-21 05:43:13.14+00,2026-01-21 05:43:13.14+00,Destroy your way to victory in this exciting RPG game featuring the legendary City.,0
c6a69867-b3bb-4330-b701-3b89d2a02757,Medieval Robot,Horror,https://tse1.mm.bing.net/th/id/OIP.ZPmbOG0_0WBy3RKEJV9muQHaFR?cb=defcache2defcache=1&rs=1&pid=ImgDetMain&o=7&rm=797,https://example.com/games/medieval-robot-161,TRUE,NULL,2026-01-21 05:43:13.14+00,2026-01-21 05:43:13.14+00,Experience the thrill of Robot in this top-rated Horror adventure.,0
c6d24bf1-a600-4e5d-947b-ef93254acd4c,Cyber Zombie,Puzzle,https://tse1.mm.bing.net/th/id/OIP.ZPmbOG0_0WBy3RKEJV9muQHaFR?cb=defcache2defcache=1&rs=1&pid=ImgDetMain&o=7&rm=798,https://example.com/games/cyber-zombie-875,TRUE,NULL,2026-01-21 05:43:13.14+00,2026-01-21 05:43:13.14+00,Experience the thrill of Zombie in this top-rated Puzzle adventure.,0
c6e790dc-5b1d-4ff3-82e9-67a9dcc58cef,Furious Robot,Action,https://tse1.mm.bing.net/th/id/OIP.ZPmbOG0_0WBy3RKEJV9muQHaFR?cb=defcache2defcache=1&rs=1&pid=ImgDetMain&o=7&rm=799,https://example.com/games/furious-robot-450,TRUE,NULL,2026-01-21 05:43:13.14+00,2026-01-21 05:43:13.14+00,Solve your way to victory in this exciting Action game featuring the legendary Robot.,0
c6fda9d1-1259-46cf-9d09-eb2ce9af5ef6,Crystal Farm,Arcade,https://tse1.mm.bing.net/th/id/OIP.ZPmbOG0_0WBy3RKEJV9muQHaFR?cb=defcache2defcache=1&rs=1&pid=ImgDetMain&o=7&rm=800,https://example.com/games/crystal-farm-193,TRUE,NULL,2026-01-21 05:43:13.14+00,2026-01-21 05:43:13.14+00,Manage your way to victory in this exciting Arcade game featuring the legendary Farm.,0
c70d0cc1-d91a-4566-8d64-17be79e99c14,Dark Hero,Strategy,https://tse1.mm.bing.net/th/id/OIP.ZPmbOG0_0WBy3RKEJV9muQHaFR?cb=defcache2defcache=1&rs=1&pid=ImgDetMain&o=7&rm=801,https://example.com/games/dark-hero-76,TRUE,NULL,2026-01-21 05:43:13.14+00,2026-01-21 13:38:23.607+00,The ultimate Strategy experience awaits you in Dark Hero.,0
c783199f-2437-4387-ae81-a26893a7c7f7,Iron Hero,Sports,https://tse1.mm.bing.net/th/id/OIP.ZPmbOG0_0WBy3RKEJV9muQHaFR?cb=defcache2defcache=1&rs=1&pid=ImgDetMain&o=7&rm=802,https://example.com/games/iron-hero-82,TRUE,NULL,2026-01-21 05:43:13.14+00,2026-01-21 05:43:13.14+00,The ultimate Sports experience awaits you in Iron Hero.,0
c7adf270-cb39-462c-8bc8-a6a31d588d8f,Neon Robot,Horror,https://tse1.mm.bing.net/th/id/OIP.ZPmbOG0_0WBy3RKEJV9muQHaFR?cb=defcache2defcache=1&rs=1&pid=ImgDetMain&o=7&rm=803,https://example.com/games/neon-robot-459,TRUE,NULL,2026-01-21 05:43:13.14+00,2026-01-21 05:43:13.14+00,Join millions of players in this Horror classic focused on explore and robots.,0
c7e4e90a-be34-4b86-99be-5aeeec7a30c7,Neon Warrior,Action,https://tse1.mm.bing.net/th/id/OIP.ZPmbOG0_0WBy3RKEJV9muQHaFR?cb=defcache2defcache=1&rs=1&pid=ImgDetMain&o=7&rm=804,https://example.com/games/neon-warrior-39,TRUE,NULL,2026-01-21 05:43:13.14+00,2026-01-21 05:43:13.14+00,A masterful Action journey where you must become the ultimate Warrior.,0
c81b9023-b79f-458e-8671-d4066a550f69,Neon Chef,Strategy,https://tse1.mm.bing.net/th/id/OIP.ZPmbOG0_0WBy3RKEJV9muQHaFR?cb=defcache2defcache=1&rs=1&pid=ImgDetMain&o=7&rm=805,https://example.com/games/neon-chef-546,TRUE,NULL,2026-01-21 05:43:13.14+00,2026-01-21 05:43:13.14+00,A masterful Strategy journey where you must become the ultimate Chef.,0
c831ab31-1c76-4100-8b77-3aad3cdaae7c,Golden Ninja,Action,https://tse1.mm.bing.net/th/id/OIP.ZPmbOG0_0WBy3RKEJV9muQHaFR?cb=defcache2defcache=1&rs=1&pid=ImgDetMain&o=7&rm=806,https://example.com/games/golden-ninja-672,TRUE,NULL,2026-01-21 05:43:13.14+00,2026-01-21 05:43:13.14+00,The ultimate Action experience awaits you in Golden Ninja.,0
c8516f1c-b977-448b-a1d6-c1f732a37fec,Iron Detective,Strategy,https://tse1.mm.bing.net/th/id/OIP.ZPmbOG0_0WBy3RKEJV9muQHaFR?cb=defcache2defcache=1&rs=1&pid=ImgDetMain&o=7&rm=807,https://example.com/games/iron-detective-711,TRUE,NULL,2026-01-21 05:43:13.14+00,2026-01-21 05:43:13.14+00,Conquer your way to victory in this exciting Strategy game featuring the legendary Detective.,0
c8e01093-129c-4f86-b116-5033c3305198,Cyber Warrior,Puzzle,https://tse1.mm.bing.net/th/id/OIP.ZPmbOG0_0WBy3RKEJV9muQHaFR?cb=defcache2defcache=1&rs=1&pid=ImgDetMain&o=7&rm=808,https://example.com/games/cyber-warrior-26,TRUE,NULL,2026-01-21 05:43:13.14+00,2026-01-21 05:43:13.14+00,Explore your way to victory in this exciting Puzzle game featuring the legendary Warrior.,0
ca03cb8d-cddf-4b95-8837-42e62018bfa3,Mega Ninja,Action,https://tse1.mm.bing.net/th/id/OIP.ZPmbOG0_0WBy3RKEJV9muQHaFR?cb=defcache2defcache=1&rs=1&pid=ImgDetMain&o=7&rm=809,https://example.com/games/mega-ninja-576,TRUE,NULL,2026-01-21 05:43:13.14+00,2026-01-21 05:43:13.14+00,A masterful Action journey where you must become the ultimate Ninja.,0
ca1921e3-732b-42f7-b258-744a90b7c63a,Cosmic Racer,Racing,https://tse1.mm.bing.net/th/id/OIP.ZPmbOG0_0WBy3RKEJV9muQHaFR?cb=defcache2defcache=1&rs=1&pid=ImgDetMain&o=7&rm=810,https://example.com/games/cosmic-racer-588,TRUE,NULL,2026-01-21 05:43:13.14+00,2026-01-21 05:43:13.14+00,A masterful Racing journey where you must become the ultimate Racer.,0
ca310e7f-c0e9-4d8d-86f4-ad28749d3ffb,Medieval Ninja,Sports,https://tse1.mm.bing.net/th/id/OIP.ZPmbOG0_0WBy3RKEJV9muQHaFR?cb=defcache2defcache=1&rs=1&pid=ImgDetMain&o=7&rm=811,https://example.com/games/medieval-ninja-629,TRUE,NULL,2026-01-21 05:43:13.14+00,2026-01-21 05:43:13.14+00,Join millions of players in this Sports classic focused on explore and ninjas.,0
ca52dfde-08d8-4efd-bbde-831847574a74,Epic Dungeon,RPG,https://tse1.mm.bing.net/th/id/OIP.ZPmbOG0_0WBy3RKEJV9muQHaFR?cb=defcache2defcache=1&rs=1&pid=ImgDetMain&o=7&rm=812,https://example.com/games/epic-dungeon-710,TRUE,NULL,2026-01-21 05:43:13.14+00,2026-01-21 05:43:13.14+00,Experience the thrill of Dungeon in this top-rated RPG adventure.,0
ca6d83ae-d5fa-4d6d-8e61-8ec25769d42c,Mega Empire,RPG,https://tse1.mm.bing.net/th/id/OIP.ZPmbOG0_0WBy3RKEJV9muQHaFR?cb=defcache2defcache=1&rs=1&pid=ImgDetMain&o=7&rm=813,https://example.com/games/mega-empire-332,TRUE,NULL,2026-01-21 05:43:13.14+00,2026-01-21 05:43:13.14+00,Join millions of players in this RPG classic focused on defend and empires.,0
ca6fcb29-6057-46c6-8d2f-4bcd14628be8,Silent Builder,Strategy,https://tse1.mm.bing.net/th/id/OIP.ZPmbOG0_0WBy3RKEJV9muQHaFR?cb=defcache2defcache=1&rs=1&pid=ImgDetMain&o=7&rm=814,https://example.com/games/silent-builder-901,TRUE,NULL,2026-01-21 05:43:13.14+00,2026-01-21 05:43:13.14+00,Survive your way to victory in this exciting Strategy game featuring the legendary Builder.,0
cafc0697-7445-40d1-9cff-2c29058ba7e8,Silent Builder,Arcade,https://tse1.mm.bing.net/th/id/OIP.ZPmbOG0_0WBy3RKEJV9muQHaFR?cb=defcache2defcache=1&rs=1&pid=ImgDetMain&o=7&rm=815,https://example.com/games/silent-builder-431,TRUE,NULL,2026-01-21 05:43:13.14+00,2026-01-21 05:43:13.14+00,The ultimate Arcade experience awaits you in Silent Builder.,0
cbe18d12-24c6-42fc-b720-9da9a58ddc00,Cosmic Builder,Strategy,https://tse1.mm.bing.net/th/id/OIP.ZPmbOG0_0WBy3RKEJV9muQHaFR?cb=defcache2defcache=1&rs=1&pid=ImgDetMain&o=7&rm=816,https://example.com/games/cosmic-builder-116,TRUE,NULL,2026-01-21 05:43:13.14+00,2026-01-21 13:39:08.48+00,Survive your way to victory in this exciting Strategy game featuring the legendary Builder.,0
cc52ad0a-54b0-445a-ad4f-d598e867b8d0,Tiny Pirate,Puzzle,https://tse1.mm.bing.net/th/id/OIP.ZPmbOG0_0WBy3RKEJV9muQHaFR?cb=defcache2defcache=1&rs=1&pid=ImgDetMain&o=7&rm=817,https://example.com/games/tiny-pirate-569,TRUE,NULL,2026-01-21 05:43:13.14+00,2026-01-21 05:43:13.14+00,A masterful Puzzle journey where you must become the ultimate Pirate.,0
cc835e8e-31b1-438d-afc6-ddf4476955bf,Medieval Zombie,Simulation,https://tse1.mm.bing.net/th/id/OIP.ZPmbOG0_0WBy3RKEJV9muQHaFR?cb=defcache2defcache=1&rs=1&pid=ImgDetMain&o=7&rm=818,https://example.com/games/medieval-zombie-234,TRUE,NULL,2026-01-21 05:43:13.14+00,2026-01-21 05:43:13.14+00,Experience the thrill of Zombie in this top-rated Simulation adventure.,0
cca7c2b4-865f-4ec6-b01f-f508fb97b8f8,Dark Dungeon,Horror,https://tse1.mm.bing.net/th/id/OIP.ZPmbOG0_0WBy3RKEJV9muQHaFR?cb=defcache2defcache=1&rs=1&pid=ImgDetMain&o=7&rm=819,https://example.com/games/dark-dungeon-410,TRUE,NULL,2026-01-21 05:43:13.14+00,2026-01-21 05:43:13.14+00,A masterful Horror journey where you must become the ultimate Dungeon.,0
ccbe8810-b15e-4c0a-a270-cdd95a632ac7,Cyber Ninja,Horror,https://tse1.mm.bing.net/th/id/OIP.ZPmbOG0_0WBy3RKEJV9muQHaFR?cb=defcache2defcache=1&rs=1&pid=ImgDetMain&o=7&rm=820,https://example.com/games/cyber-ninja-929,TRUE,NULL,2026-01-21 05:43:13.14+00,2026-01-21 05:43:13.14+00,Join millions of players in this Horror classic focused on solve and ninjas.,0
cce252d7-16d8-4240-a5a8-e1bc1d0dbbba,Dark Warrior,Action,https://tse1.mm.bing.net/th/id/OIP.ZPmbOG0_0WBy3RKEJV9muQHaFR?cb=defcache2defcache=1&rs=1&pid=ImgDetMain&o=7&rm=821,https://example.com/games/dark-warrior-271,TRUE,NULL,2026-01-21 05:43:13.14+00,2026-01-21 05:43:13.14+00,The ultimate Action experience awaits you in Dark Warrior.,0
ccece3cb-7f26-4aa7-bd0f-82781db51a74,Light Chef,Sports,https://tse1.mm.bing.net/th/id/OIP.ZPmbOG0_0WBy3RKEJV9muQHaFR?cb=defcache2defcache=1&rs=1&pid=ImgDetMain&o=7&rm=822,https://example.com/games/light-chef-818,TRUE,NULL,2026-01-21 05:43:13.14+00,2026-01-21 05:43:13.14+00,Experience the thrill of Chef in this top-rated Sports adventure.,0
ccf0c150-e972-43eb-bb92-c6e027599115,Light Farm,Action,https://tse1.mm.bing.net/th/id/OIP.ZPmbOG0_0WBy3RKEJV9muQHaFR?cb=defcache2defcache=1&rs=1&pid=ImgDetMain&o=7&rm=823,https://example.com/games/light-farm-446,TRUE,NULL,2026-01-21 05:43:13.14+00,2026-01-21 05:43:13.14+00,Experience the thrill of Farm in this top-rated Action adventure.,0
cd157a4e-b260-4292-b9b0-d3a0495814b6,Neon Pilot,Arcade,https://tse1.mm.bing.net/th/id/OIP.ZPmbOG0_0WBy3RKEJV9muQHaFR?cb=defcache2defcache=1&rs=1&pid=ImgDetMain&o=7&rm=824,https://example.com/games/neon-pilot-471,TRUE,NULL,2026-01-21 05:43:13.14+00,2026-01-21 05:43:13.14+00,Experience the thrill of Pilot in this top-rated Arcade adventure.,0
cd25c041-f506-4f02-a001-c977395f659c,Mega City,Arcade,https://tse1.mm.bing.net/th/id/OIP.ZPmbOG0_0WBy3RKEJV9muQHaFR?cb=defcache2defcache=1&rs=1&pid=ImgDetMain&o=7&rm=825,https://example.com/games/mega-city-636,TRUE,NULL,2026-01-21 05:43:13.14+00,2026-01-21 05:43:13.14+00,Experience the thrill of City in this top-rated Arcade adventure.,0
cd4bc2f9-2bfe-475a-8bea-b99b3ea64b31,Silent City,Horror,https://tse1.mm.bing.net/th/id/OIP.ZPmbOG0_0WBy3RKEJV9muQHaFR?cb=defcache2defcache=1&rs=1&pid=ImgDetMain&o=7&rm=826,https://example.com/games/silent-city-137,TRUE,NULL,2026-01-21 05:43:13.14+00,2026-01-21 05:43:13.14+00,The ultimate Horror experience awaits you in Silent City.,0
cd630a3b-77ac-4339-a01b-69da12fb8725,Dark Legend,Horror,https://tse1.mm.bing.net/th/id/OIP.ZPmbOG0_0WBy3RKEJV9muQHaFR?cb=defcache2defcache=1&rs=1&pid=ImgDetMain&o=7&rm=827,https://example.com/games/dark-legend-378,TRUE,NULL,2026-01-21 05:43:13.14+00,2026-01-21 05:43:13.14+00,The ultimate Horror experience awaits you in Dark Legend.,0
cd77f404-df83-48ae-86eb-f05e56d6611f,Dark Farm,Puzzle,https://tse1.mm.bing.net/th/id/OIP.ZPmbOG0_0WBy3RKEJV9muQHaFR?cb=defcache2defcache=1&rs=1&pid=ImgDetMain&o=7&rm=828,https://example.com/games/dark-farm-389,TRUE,NULL,2026-01-21 05:43:13.14+00,2026-01-21 05:43:13.14+00,Manage your way to victory in this exciting Puzzle game featuring the legendary Farm.,0
cdc0ed01-3bf7-434e-b53f-764efdfc8300,Crystal Builder,Simulation,https://tse1.mm.bing.net/th/id/OIP.ZPmbOG0_0WBy3RKEJV9muQHaFR?cb=defcache2defcache=1&rs=1&pid=ImgDetMain&o=7&rm=829,https://example.com/games/crystal-builder-138,TRUE,NULL,2026-01-21 05:43:13.14+00,2026-01-21 05:43:13.14+00,Destroy your way to victory in this exciting Simulation game featuring the legendary Builder.,0
ce05d826-9044-4aa4-8d75-d4186584e914,Silent Dungeon,Action,https://tse1.mm.bing.net/th/id/OIP.ZPmbOG0_0WBy3RKEJV9muQHaFR?cb=defcache2defcache=1&rs=1&pid=ImgDetMain&o=7&rm=830,https://example.com/games/silent-dungeon-28,TRUE,NULL,2026-01-21 05:43:13.14+00,2026-01-21 05:43:13.14+00,A masterful Action journey where you must become the ultimate Dungeon.,0
ce9e6b9e-efb5-4275-938d-10fe2bc387b7,Tiny Warrior,Strategy,https://tse1.mm.bing.net/th/id/OIP.ZPmbOG0_0WBy3RKEJV9muQHaFR?cb=defcache2defcache=1&rs=1&pid=ImgDetMain&o=7&rm=831,https://example.com/games/tiny-warrior-716,TRUE,NULL,2026-01-21 05:43:13.14+00,2026-01-21 05:43:13.14+00,The ultimate Strategy experience awaits you in Tiny Warrior.,0
cefbd1fd-8fc8-4883-991d-47492bde44aa,Super Zombie,Horror,https://tse1.mm.bing.net/th/id/OIP.ZPmbOG0_0WBy3RKEJV9muQHaFR?cb=defcache2defcache=1&rs=1&pid=ImgDetMain&o=7&rm=832,https://example.com/games/super-zombie-543,TRUE,NULL,2026-01-21 05:43:13.14+00,2026-01-21 05:43:13.14+00,Experience the thrill of Zombie in this top-rated Horror adventure.,0
cf6ade5a-fe51-4914-8432-802b611db73b,Mega Chef,Sports,https://tse1.mm.bing.net/th/id/OIP.ZPmbOG0_0WBy3RKEJV9muQHaFR?cb=defcache2defcache=1&rs=1&pid=ImgDetMain&o=7&rm=833,https://example.com/games/mega-chef-762,TRUE,NULL,2026-01-21 05:43:13.14+00,2026-01-21 05:43:13.14+00,Experience the thrill of Chef in this top-rated Sports adventure.,0
cf760f84-6427-41dc-a4cf-866720a35fb8,Mega Zombie,Simulation,https://tse1.mm.bing.net/th/id/OIP.ZPmbOG0_0WBy3RKEJV9muQHaFR?cb=defcache2defcache=1&rs=1&pid=ImgDetMain&o=7&rm=834,https://example.com/games/mega-zombie-519,TRUE,NULL,2026-01-21 05:43:13.14+00,2026-01-21 05:43:13.14+00,The ultimate Simulation experience awaits you in Mega Zombie.,0
cf89c472-3e0d-42a0-ab75-7bce590631f9,Medieval Legend,Sports,https://tse1.mm.bing.net/th/id/OIP.ZPmbOG0_0WBy3RKEJV9muQHaFR?cb=defcache2defcache=1&rs=1&pid=ImgDetMain&o=7&rm=835,https://example.com/games/medieval-legend-405,TRUE,NULL,2026-01-21 05:43:13.14+00,2026-01-21 05:43:13.14+00,Experience the thrill of Legend in this top-rated Sports adventure.,0
d03426e6-4228-4e9e-a4f4-77d7aa23e32c,Tiny Ninja,RPG,https://tse1.mm.bing.net/th/id/OIP.ZPmbOG0_0WBy3RKEJV9muQHaFR?cb=defcache2defcache=1&rs=1&pid=ImgDetMain&o=7&rm=836,https://example.com/games/tiny-ninja-938,TRUE,NULL,2026-01-21 05:43:13.14+00,2026-01-21 05:43:13.14+00,Manage your way to victory in this exciting RPG game featuring the legendary Ninja.,0
d0929fb6-0d0b-4ae7-8c10-992750d8ae37,Mega Detective,RPG,https://tse1.mm.bing.net/th/id/OIP.ZPmbOG0_0WBy3RKEJV9muQHaFR?cb=defcache2defcache=1&rs=1&pid=ImgDetMain&o=7&rm=837,https://example.com/games/mega-detective-635,TRUE,NULL,2026-01-21 05:43:13.14+00,2026-01-21 05:43:13.14+00,Experience the thrill of Detective in this top-rated RPG adventure.,0
d11537be-51bd-49a1-977f-5ab303b5418d,Super Ninja,Racing,https://tse1.mm.bing.net/th/id/OIP.ZPmbOG0_0WBy3RKEJV9muQHaFR?cb=defcache2defcache=1&rs=1&pid=ImgDetMain&o=7&rm=838,https://example.com/games/super-ninja-816,TRUE,NULL,2026-01-21 05:43:13.14+00,2026-01-21 05:43:13.14+00,The ultimate Racing experience awaits you in Super Ninja.,0
d16347bd-6f0a-4615-a4a9-a21a67d69093,Iron Zombie,Simulation,https://tse1.mm.bing.net/th/id/OIP.ZPmbOG0_0WBy3RKEJV9muQHaFR?cb=defcache2defcache=1&rs=1&pid=ImgDetMain&o=7&rm=839,https://example.com/games/iron-zombie-548,TRUE,NULL,2026-01-21 05:43:13.14+00,2026-01-21 05:43:13.14+00,The ultimate Simulation experience awaits you in Iron Zombie.,0
d1a53716-8fea-4149-ac60-c1163954306a,Silent Empire,Action,https://tse1.mm.bing.net/th/id/OIP.ZPmbOG0_0WBy3RKEJV9muQHaFR?cb=defcache2defcache=1&rs=1&pid=ImgDetMain&o=7&rm=840,https://example.com/games/silent-empire-283,TRUE,NULL,2026-01-21 05:43:13.14+00,2026-01-21 05:43:13.14+00,Join millions of players in this Action classic focused on manage and empires.,0
d1c386b2-1c0f-4f72-b635-c8c32a04a072,Dark Farm,Strategy,https://tse1.mm.bing.net/th/id/OIP.ZPmbOG0_0WBy3RKEJV9muQHaFR?cb=defcache2defcache=1&rs=1&pid=ImgDetMain&o=7&rm=841,https://example.com/games/dark-farm-946,TRUE,NULL,2026-01-21 05:43:13.14+00,2026-01-21 05:43:13.14+00,The ultimate Strategy experience awaits you in Dark Farm.,0
d2b728df-bf63-4451-beea-81db62480858,Cosmic Ninja,Sports,https://tse1.mm.bing.net/th/id/OIP.ZPmbOG0_0WBy3RKEJV9muQHaFR?cb=defcache2defcache=1&rs=1&pid=ImgDetMain&o=7&rm=842,https://example.com/games/cosmic-ninja-747,TRUE,NULL,2026-01-21 05:43:13.14+00,2026-01-21 05:43:13.14+00,Explore your way to victory in this exciting Sports game featuring the legendary Ninja.,0
d2dbcb6f-c948-4431-b48c-de73271d78f6,Iron Pirate,Simulation,https://tse1.mm.bing.net/th/id/OIP.ZPmbOG0_0WBy3RKEJV9muQHaFR?cb=defcache2defcache=1&rs=1&pid=ImgDetMain&o=7&rm=843,https://example.com/games/iron-pirate-564,TRUE,NULL,2026-01-21 05:43:13.14+00,2026-01-21 05:43:13.14+00,Experience the thrill of Pirate in this top-rated Simulation adventure.,0
d3068344-6454-4135-a52d-7ce98ff2e88e,Wild Chef,Simulation,https://tse1.mm.bing.net/th/id/OIP.ZPmbOG0_0WBy3RKEJV9muQHaFR?cb=defcache2defcache=1&rs=1&pid=ImgDetMain&o=7&rm=844,https://example.com/games/wild-chef-426,TRUE,NULL,2026-01-21 05:43:13.14+00,2026-01-21 05:43:13.14+00,The ultimate Simulation experience awaits you in Wild Chef.,0
d3a1d42a-11bd-40b5-b22c-726b29f9cea2,Cyber City,Puzzle,https://tse1.mm.bing.net/th/id/OIP.ZPmbOG0_0WBy3RKEJV9muQHaFR?cb=defcache2defcache=1&rs=1&pid=ImgDetMain&o=7&rm=845,https://example.com/games/cyber-city-216,TRUE,NULL,2026-01-21 05:43:13.14+00,2026-01-21 05:43:13.14+00,Fight your way to victory in this exciting Puzzle game featuring the legendary City.,0
d40868f4-303b-4d32-b5fd-d444318fbe8d,Super Zombie,Puzzle,https://tse1.mm.bing.net/th/id/OIP.ZPmbOG0_0WBy3RKEJV9muQHaFR?cb=defcache2defcache=1&rs=1&pid=ImgDetMain&o=7&rm=846,https://example.com/games/super-zombie-552,TRUE,NULL,2026-01-21 05:43:13.14+00,2026-01-21 05:43:13.14+00,Experience the thrill of Zombie in this top-rated Puzzle adventure.,0
d44aa1cc-753a-4206-a610-d74d02642dfe,Wild Dungeon,Puzzle,https://tse1.mm.bing.net/th/id/OIP.ZPmbOG0_0WBy3RKEJV9muQHaFR?cb=defcache2defcache=1&rs=1&pid=ImgDetMain&o=7&rm=847,https://example.com/games/wild-dungeon-118,TRUE,NULL,2026-01-21 05:43:13.14+00,2026-01-21 05:43:13.14+00,Join millions of players in this Puzzle classic focused on explore and dungeons.,0
d457a5cb-a729-46aa-9d4d-8e6cf1fd9c1a,Wild Pilot,Horror,https://tse1.mm.bing.net/th/id/OIP.ZPmbOG0_0WBy3RKEJV9muQHaFR?cb=defcache2defcache=1&rs=1&pid=ImgDetMain&o=7&rm=848,https://example.com/games/wild-pilot-535,TRUE,NULL,2026-01-21 05:43:13.14+00,2026-01-21 05:43:13.14+00,Explore your way to victory in this exciting Horror game featuring the legendary Pilot.,0
d482aebe-3a57-4767-96e8-5b223afa9c9d,Tiny Zombie,Simulation,https://tse1.mm.bing.net/th/id/OIP.ZPmbOG0_0WBy3RKEJV9muQHaFR?cb=defcache2defcache=1&rs=1&pid=ImgDetMain&o=7&rm=849,https://example.com/games/tiny-zombie-84,TRUE,NULL,2026-01-21 05:43:13.14+00,2026-01-21 05:43:13.14+00,The ultimate Simulation experience awaits you in Tiny Zombie.,0
d4beb6dd-1df9-4da6-b2ac-b021ca2bf8d0,Iron Pilot,Strategy,https://tse1.mm.bing.net/th/id/OIP.ZPmbOG0_0WBy3RKEJV9muQHaFR?cb=defcache2defcache=1&rs=1&pid=ImgDetMain&o=7&rm=850,https://example.com/games/iron-pilot-560,TRUE,NULL,2026-01-21 05:43:13.14+00,2026-01-21 05:43:13.14+00,Solve your way to victory in this exciting Strategy game featuring the legendary Pilot.,0
d4e3ef97-7135-4239-ad27-d670070ed0e6,Dark Chef,Simulation,https://tse1.mm.bing.net/th/id/OIP.ZPmbOG0_0WBy3RKEJV9muQHaFR?cb=defcache2defcache=1&rs=1&pid=ImgDetMain&o=7&rm=851,https://example.com/games/dark-chef-631,TRUE,NULL,2026-01-21 05:43:13.14+00,2026-01-21 05:43:13.14+00,Join millions of players in this Simulation classic focused on defend and chefs.,0
d52e8c4d-02a9-4c49-8078-fe13ef4bf312,Iron Farm,Sports,https://tse1.mm.bing.net/th/id/OIP.ZPmbOG0_0WBy3RKEJV9muQHaFR?cb=defcache2defcache=1&rs=1&pid=ImgDetMain&o=7&rm=852,https://example.com/games/iron-farm-238,TRUE,NULL,2026-01-21 05:43:13.14+00,2026-01-21 05:43:13.14+00,Destroy your way to victory in this exciting Sports game featuring the legendary Farm.,0
d5470735-414d-46fa-b0f2-0aa5b445f156,Neon Pilot,Strategy,https://tse1.mm.bing.net/th/id/OIP.ZPmbOG0_0WBy3RKEJV9muQHaFR?cb=defcache2defcache=1&rs=1&pid=ImgDetMain&o=7&rm=853,https://example.com/games/neon-pilot-222,TRUE,NULL,2026-01-21 05:43:13.14+00,2026-01-21 13:39:08.48+00,Destroy your way to victory in this exciting Strategy game featuring the legendary Pilot.,0
d597a852-ffe8-477a-9d6c-b6198071ded3,Epic Legend,Action,https://tse1.mm.bing.net/th/id/OIP.ZPmbOG0_0WBy3RKEJV9muQHaFR?cb=defcache2defcache=1&rs=1&pid=ImgDetMain&o=7&rm=854,https://example.com/games/epic-legend-874,TRUE,NULL,2026-01-21 05:43:13.14+00,2026-01-21 05:43:13.14+00,The ultimate Action experience awaits you in Epic Legend.,0
d5eb0da3-a353-49ff-a668-39c3f7765362,Tiny Empire,Simulation,https://tse1.mm.bing.net/th/id/OIP.ZPmbOG0_0WBy3RKEJV9muQHaFR?cb=defcache2defcache=1&rs=1&pid=ImgDetMain&o=7&rm=855,https://example.com/games/tiny-empire-808,TRUE,NULL,2026-01-21 05:43:13.14+00,2026-01-21 05:43:13.14+00,Manage your way to victory in this exciting Simulation game featuring the legendary Empire.,0
d650238f-5095-4135-8971-1cc3a2a9e10e,Epic Detective,Arcade,https://tse1.mm.bing.net/th/id/OIP.ZPmbOG0_0WBy3RKEJV9muQHaFR?cb=defcache2defcache=1&rs=1&pid=ImgDetMain&o=7&rm=856,https://example.com/games/epic-detective-855,TRUE,NULL,2026-01-21 05:43:13.14+00,2026-01-21 05:43:13.14+00,Experience the thrill of Detective in this top-rated Arcade adventure.,0
d663c5c9-9ffd-4cf8-9801-ac492035bc8c,Tiny Robot,RPG,https://tse1.mm.bing.net/th/id/OIP.ZPmbOG0_0WBy3RKEJV9muQHaFR?cb=defcache2defcache=1&rs=1&pid=ImgDetMain&o=7&rm=857,https://example.com/games/tiny-robot-753,TRUE,NULL,2026-01-21 05:43:13.14+00,2026-01-21 05:43:13.14+00,A masterful RPG journey where you must become the ultimate Robot.,0
d6945ffe-4519-4d75-8d9a-3ae4b5c9e734,Golden Ninja,Racing,https://tse1.mm.bing.net/th/id/OIP.ZPmbOG0_0WBy3RKEJV9muQHaFR?cb=defcache2defcache=1&rs=1&pid=ImgDetMain&o=7&rm=858,https://example.com/games/golden-ninja-524,TRUE,NULL,2026-01-21 05:43:13.14+00,2026-01-21 05:43:13.14+00,A masterful Racing journey where you must become the ultimate Ninja.,0
d6dd0412-8800-4818-8978-bcfdc67de6e9,Iron Detective,Puzzle,https://tse1.mm.bing.net/th/id/OIP.ZPmbOG0_0WBy3RKEJV9muQHaFR?cb=defcache2defcache=1&rs=1&pid=ImgDetMain&o=7&rm=859,https://example.com/games/iron-detective-33,TRUE,NULL,2026-01-21 05:43:13.14+00,2026-01-21 05:43:13.14+00,Explore your way to victory in this exciting Puzzle game featuring the legendary Detective.,0
d6fb652f-f78d-4ebf-89ae-0ce0a4de5b8e,Neon Empire,Action,https://tse1.mm.bing.net/th/id/OIP.ZPmbOG0_0WBy3RKEJV9muQHaFR?cb=defcache2defcache=1&rs=1&pid=ImgDetMain&o=7&rm=860,https://example.com/games/neon-empire-398,TRUE,NULL,2026-01-21 05:43:13.14+00,2026-01-21 05:43:13.14+00,A masterful Action journey where you must become the ultimate Empire.,0
d734f76c-bfc4-4815-9604-d0a0c3127cac,Crystal Legend,RPG,https://tse1.mm.bing.net/th/id/OIP.ZPmbOG0_0WBy3RKEJV9muQHaFR?cb=defcache2defcache=1&rs=1&pid=ImgDetMain&o=7&rm=861,https://example.com/games/crystal-legend-368,TRUE,NULL,2026-01-21 05:43:13.14+00,2026-01-21 05:43:13.14+00,Experience the thrill of Legend in this top-rated RPG adventure.,0
d7c20b8d-893c-4890-b487-4ea7caae22fb,Mega Warrior,Strategy,https://tse1.mm.bing.net/th/id/OIP.ZPmbOG0_0WBy3RKEJV9muQHaFR?cb=defcache2defcache=1&rs=1&pid=ImgDetMain&o=7&rm=862,https://example.com/games/mega-warrior-289,TRUE,NULL,2026-01-21 05:43:13.14+00,2026-01-21 05:43:13.14+00,Explore your way to victory in this exciting Strategy game featuring the legendary Warrior.,0
d7e2a526-4c0d-49fe-8135-d9108f0f721f,Epic City,Horror,https://tse1.mm.bing.net/th/id/OIP.ZPmbOG0_0WBy3RKEJV9muQHaFR?cb=defcache2defcache=1&rs=1&pid=ImgDetMain&o=7&rm=863,https://example.com/games/epic-city-985,TRUE,NULL,2026-01-21 05:43:13.14+00,2026-01-21 05:43:13.14+00,The ultimate Horror experience awaits you in Epic City.,0
d801366a-6223-4896-9366-2c928fdfb0be,Silent Legend,Strategy,https://tse1.mm.bing.net/th/id/OIP.ZPmbOG0_0WBy3RKEJV9muQHaFR?cb=defcache2defcache=1&rs=1&pid=ImgDetMain&o=7&rm=864,https://example.com/games/silent-legend-499,TRUE,NULL,2026-01-21 05:43:13.14+00,2026-01-21 05:43:13.14+00,Experience the thrill of Legend in this top-rated Strategy adventure.,0
d84920d5-c082-4e98-b1d4-74c44902bb76,Furious Ninja,Strategy,https://tse1.mm.bing.net/th/id/OIP.ZPmbOG0_0WBy3RKEJV9muQHaFR?cb=defcache2defcache=1&rs=1&pid=ImgDetMain&o=7&rm=865,https://example.com/games/furious-ninja-954,TRUE,NULL,2026-01-21 05:43:13.14+00,2026-01-21 05:43:13.14+00,Experience the thrill of Ninja in this top-rated Strategy adventure.,0
d84e453d-73aa-4bd0-9273-f97aa91af0cb,Super City,Sports,https://tse1.mm.bing.net/th/id/OIP.ZPmbOG0_0WBy3RKEJV9muQHaFR?cb=defcache2defcache=1&rs=1&pid=ImgDetMain&o=7&rm=866,https://example.com/games/super-city-491,TRUE,NULL,2026-01-21 05:43:13.14+00,2026-01-21 05:43:13.14+00,Join millions of players in this Sports classic focused on race and citys.,0
d86c38b6-0a33-4095-b7ab-b3a20297841c,Dark Farm,Arcade,https://tse1.mm.bing.net/th/id/OIP.ZPmbOG0_0WBy3RKEJV9muQHaFR?cb=defcache2defcache=1&rs=1&pid=ImgDetMain&o=7&rm=867,https://example.com/games/dark-farm-66,TRUE,NULL,2026-01-21 05:43:13.14+00,2026-01-21 05:43:13.14+00,A masterful Arcade journey where you must become the ultimate Farm.,0
d86d353f-a195-4ade-9330-e112ffe8067d,Neon Empire,Horror,https://tse1.mm.bing.net/th/id/OIP.ZPmbOG0_0WBy3RKEJV9muQHaFR?cb=defcache2defcache=1&rs=1&pid=ImgDetMain&o=7&rm=868,https://example.com/games/neon-empire-708,TRUE,NULL,2026-01-21 05:43:13.14+00,2026-01-21 05:43:13.14+00,The ultimate Horror experience awaits you in Neon Empire.,0
d8f2a216-e3e8-4a19-95c2-3b372e08c956,Dark Empire,Racing,https://tse1.mm.bing.net/th/id/OIP.ZPmbOG0_0WBy3RKEJV9muQHaFR?cb=defcache2defcache=1&rs=1&pid=ImgDetMain&o=7&rm=869,https://example.com/games/dark-empire-836,TRUE,NULL,2026-01-21 05:43:13.14+00,2026-01-21 05:43:13.14+00,Experience the thrill of Empire in this top-rated Racing adventure.,0
d941c106-ee3e-4e23-a86d-392e9a27f029,Cyber Racer,Simulation,https://tse1.mm.bing.net/th/id/OIP.ZPmbOG0_0WBy3RKEJV9muQHaFR?cb=defcache2defcache=1&rs=1&pid=ImgDetMain&o=7&rm=870,https://example.com/games/cyber-racer-412,TRUE,NULL,2026-01-21 05:43:13.14+00,2026-01-21 05:43:13.14+00,Experience the thrill of Racer in this top-rated Simulation adventure.,0
d98f7cad-c06f-4090-b859-dc8276f299fb,Tiny Warrior,Simulation,https://tse1.mm.bing.net/th/id/OIP.ZPmbOG0_0WBy3RKEJV9muQHaFR?cb=defcache2defcache=1&rs=1&pid=ImgDetMain&o=7&rm=871,https://example.com/games/tiny-warrior-370,TRUE,NULL,2026-01-21 05:43:13.14+00,2026-01-21 05:43:13.14+00,Survive your way to victory in this exciting Simulation game featuring the legendary Warrior.,0
da000b75-a011-4d57-a18a-09b3e8f7ab15,Light Pirate,RPG,https://tse1.mm.bing.net/th/id/OIP.ZPmbOG0_0WBy3RKEJV9muQHaFR?cb=defcache2defcache=1&rs=1&pid=ImgDetMain&o=7&rm=872,https://example.com/games/light-pirate-740,TRUE,NULL,2026-01-21 05:43:13.14+00,2026-01-21 05:43:13.14+00,Solve your way to victory in this exciting RPG game featuring the legendary Pirate.,0
da0df775-baa4-450d-9949-d43ab9b2f236,Wild Empire,Strategy,https://tse1.mm.bing.net/th/id/OIP.ZPmbOG0_0WBy3RKEJV9muQHaFR?cb=defcache2defcache=1&rs=1&pid=ImgDetMain&o=7&rm=873,https://example.com/games/wild-empire-366,TRUE,NULL,2026-01-21 05:43:13.14+00,2026-01-21 05:43:13.14+00,Join millions of players in this Strategy classic focused on build and empires.,0
da51e1b1-b8dc-4df4-a605-f98220373dca,Super Pirate,Adventure,https://tse1.mm.bing.net/th/id/OIP.ZPmbOG0_0WBy3RKEJV9muQHaFR?cb=defcache2defcache=1&rs=1&pid=ImgDetMain&o=7&rm=874,https://example.com/games/super-pirate-280,TRUE,NULL,2026-01-21 05:43:13.14+00,2026-01-21 05:43:13.14+00,Join millions of players in this Adventure classic focused on destroy and pirates.,0
da587f5f-fc02-4e64-9321-d2520ebab792,Epic Pirate,Action,https://tse1.mm.bing.net/th/id/OIP.ZPmbOG0_0WBy3RKEJV9muQHaFR?cb=defcache2defcache=1&rs=1&pid=ImgDetMain&o=7&rm=875,https://example.com/games/epic-pirate-822,TRUE,NULL,2026-01-21 05:43:13.14+00,2026-01-21 05:43:13.14+00,A masterful Action journey where you must become the ultimate Pirate.,0
da765e12-7a84-4797-9534-3a7ec74d5517,Cyber Hero,Adventure,https://tse1.mm.bing.net/th/id/OIP.ZPmbOG0_0WBy3RKEJV9muQHaFR?cb=defcache2defcache=1&rs=1&pid=ImgDetMain&o=7&rm=876,https://example.com/games/cyber-hero-821,TRUE,NULL,2026-01-21 05:43:13.14+00,2026-01-21 05:43:13.14+00,The ultimate Adventure experience awaits you in Cyber Hero.,0
dac69fae-9419-4437-940a-6481b20ad26b,Cyber Dungeon,Racing,https://tse1.mm.bing.net/th/id/OIP.ZPmbOG0_0WBy3RKEJV9muQHaFR?cb=defcache2defcache=1&rs=1&pid=ImgDetMain&o=7&rm=877,https://example.com/games/cyber-dungeon-191,TRUE,NULL,2026-01-21 05:43:13.14+00,2026-01-21 05:43:13.14+00,The ultimate Racing experience awaits you in Cyber Dungeon.,0
dad43742-b980-46ba-9a13-0d9b15217be0,Iron Hero,Adventure,https://tse1.mm.bing.net/th/id/OIP.ZPmbOG0_0WBy3RKEJV9muQHaFR?cb=defcache2defcache=1&rs=1&pid=ImgDetMain&o=7&rm=878,https://example.com/games/iron-hero-49,TRUE,NULL,2026-01-21 05:43:13.14+00,2026-01-21 05:43:13.14+00,Join millions of players in this Adventure classic focused on manage and heros.,0
dae6055b-651f-401d-b876-9f5c13f7c786,Furious Chef,Action,https://tse1.mm.bing.net/th/id/OIP.ZPmbOG0_0WBy3RKEJV9muQHaFR?cb=defcache2defcache=1&rs=1&pid=ImgDetMain&o=7&rm=879,https://example.com/games/furious-chef-496,TRUE,NULL,2026-01-21 05:43:13.14+00,2026-01-21 05:43:13.14+00,Experience the thrill of Chef in this top-rated Action adventure.,0
db371382-ab71-472a-92c6-c6e534cb0d3f,Furious Racer,Horror,https://tse1.mm.bing.net/th/id/OIP.ZPmbOG0_0WBy3RKEJV9muQHaFR?cb=defcache2defcache=1&rs=1&pid=ImgDetMain&o=7&rm=880,https://example.com/games/furious-racer-936,TRUE,NULL,2026-01-21 05:43:13.14+00,2026-01-21 05:43:13.14+00,A masterful Horror journey where you must become the ultimate Racer.,0
dbad3e06-31f5-4fc6-88ce-4c478266dbf9,Silent Racer,RPG,https://tse1.mm.bing.net/th/id/OIP.ZPmbOG0_0WBy3RKEJV9muQHaFR?cb=defcache2defcache=1&rs=1&pid=ImgDetMain&o=7&rm=881,https://example.com/games/silent-racer-927,TRUE,NULL,2026-01-21 05:43:13.14+00,2026-01-21 05:43:13.14+00,A masterful RPG journey where you must become the ultimate Racer.,0
dc3efb7a-e2cc-4ace-919a-f1da771ee387,Golden Pilot,Horror,https://tse1.mm.bing.net/th/id/OIP.ZPmbOG0_0WBy3RKEJV9muQHaFR?cb=defcache2defcache=1&rs=1&pid=ImgDetMain&o=7&rm=882,https://example.com/games/golden-pilot-899,TRUE,NULL,2026-01-21 05:43:13.14+00,2026-01-21 05:43:13.14+00,The ultimate Horror experience awaits you in Golden Pilot.,0
dce68917-a26d-4af4-adb8-ba83099c4c55,Golden Ninja,Simulation,https://tse1.mm.bing.net/th/id/OIP.ZPmbOG0_0WBy3RKEJV9muQHaFR?cb=defcache2defcache=1&rs=1&pid=ImgDetMain&o=7&rm=883,https://example.com/games/golden-ninja-654,TRUE,NULL,2026-01-21 05:43:13.14+00,2026-01-21 05:43:13.14+00,Join millions of players in this Simulation classic focused on solve and ninjas.,0
dd40fcdc-1604-4419-ad81-f48aa30799bd,Cosmic Hero,Strategy,https://tse1.mm.bing.net/th/id/OIP.ZPmbOG0_0WBy3RKEJV9muQHaFR?cb=defcache2defcache=1&rs=1&pid=ImgDetMain&o=7&rm=884,https://example.com/games/cosmic-hero-403,TRUE,NULL,2026-01-21 05:43:13.14+00,2026-01-21 05:43:13.14+00,Race your way to victory in this exciting Strategy game featuring the legendary Hero.,0
dd445926-7fda-4ca4-aaac-1f87b5580262,Mega Empire,Action,https://tse1.mm.bing.net/th/id/OIP.ZPmbOG0_0WBy3RKEJV9muQHaFR?cb=defcache2defcache=1&rs=1&pid=ImgDetMain&o=7&rm=885,https://example.com/games/mega-empire-233,TRUE,NULL,2026-01-21 05:43:13.14+00,2026-01-21 05:43:13.14+00,Conquer your way to victory in this exciting Action game featuring the legendary Empire.,0
dd7a2536-4849-42d6-89ca-f80bbb670ed7,Neon City,Adventure,https://tse1.mm.bing.net/th/id/OIP.ZPmbOG0_0WBy3RKEJV9muQHaFR?cb=defcache2defcache=1&rs=1&pid=ImgDetMain&o=7&rm=886,https://example.com/games/neon-city-786,TRUE,NULL,2026-01-21 05:43:13.14+00,2026-01-21 05:43:13.14+00,Build your way to victory in this exciting Adventure game featuring the legendary City.,0
dd869f49-364a-4ec9-b72f-c51b4a198983,Epic Zombie,Sports,https://tse1.mm.bing.net/th/id/OIP.ZPmbOG0_0WBy3RKEJV9muQHaFR?cb=defcache2defcache=1&rs=1&pid=ImgDetMain&o=7&rm=887,https://example.com/games/epic-zombie-130,TRUE,NULL,2026-01-21 05:43:13.14+00,2026-01-21 05:43:13.14+00,A masterful Sports journey where you must become the ultimate Zombie.,0
de343299-b6b2-4fa2-be2b-e30f40060fc5,Epic Pilot,Strategy,https://tse1.mm.bing.net/th/id/OIP.ZPmbOG0_0WBy3RKEJV9muQHaFR?cb=defcache2defcache=1&rs=1&pid=ImgDetMain&o=7&rm=888,https://example.com/games/epic-pilot-34,TRUE,NULL,2026-01-21 05:43:13.14+00,2026-01-21 13:38:23.607+00,Explore your way to victory in this exciting Strategy game featuring the legendary Pilot.,0
de41a8e3-f8e2-4a5c-9325-d72cf9dbe7e6,Wild Hero,RPG,https://tse1.mm.bing.net/th/id/OIP.ZPmbOG0_0WBy3RKEJV9muQHaFR?cb=defcache2defcache=1&rs=1&pid=ImgDetMain&o=7&rm=889,https://example.com/games/wild-hero-197,TRUE,NULL,2026-01-21 05:43:13.14+00,2026-01-21 05:43:13.14+00,Join millions of players in this RPG classic focused on solve and heros.,0
de894365-b4e4-439d-b338-c9093cc02eb9,Iron Robot,Sports,https://tse1.mm.bing.net/th/id/OIP.ZPmbOG0_0WBy3RKEJV9muQHaFR?cb=defcache2defcache=1&rs=1&pid=ImgDetMain&o=7&rm=890,https://example.com/games/iron-robot-807,TRUE,NULL,2026-01-21 05:43:13.14+00,2026-01-21 05:43:13.14+00,Join millions of players in this Sports classic focused on conquer and robots.,0
df67707f-a901-4ccb-980a-bcfcf58f9003,Cyber Dungeon,Horror,https://tse1.mm.bing.net/th/id/OIP.ZPmbOG0_0WBy3RKEJV9muQHaFR?cb=defcache2defcache=1&rs=1&pid=ImgDetMain&o=7&rm=891,https://example.com/games/cyber-dungeon-982,TRUE,NULL,2026-01-21 05:43:13.14+00,2026-01-21 05:43:13.14+00,Manage your way to victory in this exciting Horror game featuring the legendary Dungeon.,0
dfef40c4-1e1f-44db-ab1b-eca7d85e8ff1,Super Ninja,Action,https://tse1.mm.bing.net/th/id/OIP.ZPmbOG0_0WBy3RKEJV9muQHaFR?cb=defcache2defcache=1&rs=1&pid=ImgDetMain&o=7&rm=892,https://example.com/games/super-ninja-208,TRUE,NULL,2026-01-21 05:43:13.14+00,2026-01-21 05:43:13.14+00,A masterful Action journey where you must become the ultimate Ninja.,0
e00fa33a-714d-473e-b43d-9be62d80f935,Wild City,Sports,https://tse1.mm.bing.net/th/id/OIP.ZPmbOG0_0WBy3RKEJV9muQHaFR?cb=defcache2defcache=1&rs=1&pid=ImgDetMain&o=7&rm=893,https://example.com/games/wild-city-22,TRUE,NULL,2026-01-21 05:43:13.14+00,2026-01-21 05:43:13.14+00,Manage your way to victory in this exciting Sports game featuring the legendary City.,0
e0570efb-d16e-4819-9c32-4803a33a5cab,Iron Chef,Puzzle,https://tse1.mm.bing.net/th/id/OIP.ZPmbOG0_0WBy3RKEJV9muQHaFR?cb=defcache2defcache=1&rs=1&pid=ImgDetMain&o=7&rm=894,https://example.com/games/iron-chef-922,TRUE,NULL,2026-01-21 05:43:13.14+00,2026-01-21 05:43:13.14+00,Explore your way to victory in this exciting Puzzle game featuring the legendary Chef.,0
e0723a57-ba37-46be-b20e-5396be39d007,Cosmic Chef,Adventure,https://tse1.mm.bing.net/th/id/OIP.ZPmbOG0_0WBy3RKEJV9muQHaFR?cb=defcache2defcache=1&rs=1&pid=ImgDetMain&o=7&rm=895,https://example.com/games/cosmic-chef-404,TRUE,NULL,2026-01-21 05:43:13.14+00,2026-01-21 05:43:13.14+00,Conquer your way to victory in this exciting Adventure game featuring the legendary Chef.,0
e0783224-f205-4129-a3f1-da171417e901,Golden Farm,Simulation,https://tse1.mm.bing.net/th/id/OIP.ZPmbOG0_0WBy3RKEJV9muQHaFR?cb=defcache2defcache=1&rs=1&pid=ImgDetMain&o=7&rm=896,https://example.com/games/golden-farm-739,TRUE,NULL,2026-01-21 05:43:13.14+00,2026-01-21 05:43:13.14+00,Destroy your way to victory in this exciting Simulation game featuring the legendary Farm.,0
e0c424b8-6789-43d3-a7f3-2666fb8d967f,Tiny Chef,Action,https://tse1.mm.bing.net/th/id/OIP.ZPmbOG0_0WBy3RKEJV9muQHaFR?cb=defcache2defcache=1&rs=1&pid=ImgDetMain&o=7&rm=897,https://example.com/games/tiny-chef-317,TRUE,NULL,2026-01-21 05:43:13.14+00,2026-01-21 05:43:13.14+00,A masterful Action journey where you must become the ultimate Chef.,0
e0fe090b-8471-4e64-b184-541306ecd2a4,Dark City,Horror,https://tse1.mm.bing.net/th/id/OIP.ZPmbOG0_0WBy3RKEJV9muQHaFR?cb=defcache2defcache=1&rs=1&pid=ImgDetMain&o=7&rm=898,https://example.com/games/dark-city-664,TRUE,NULL,2026-01-21 05:43:13.14+00,2026-01-21 05:43:13.14+00,The ultimate Horror experience awaits you in Dark City.,0
e1242aa4-1966-4d7f-ab42-3fc3fe7e80d1,Epic Detective,Action,https://tse1.mm.bing.net/th/id/OIP.ZPmbOG0_0WBy3RKEJV9muQHaFR?cb=defcache2defcache=1&rs=1&pid=ImgDetMain&o=7&rm=899,https://example.com/games/epic-detective-129,TRUE,NULL,2026-01-21 05:43:13.14+00,2026-01-21 05:43:13.14+00,Fight your way to victory in this exciting Action game featuring the legendary Detective.,0
e17dfdae-070f-4d68-9730-61bf75137645,Super Pirate,Arcade,https://tse1.mm.bing.net/th/id/OIP.ZPmbOG0_0WBy3RKEJV9muQHaFR?cb=defcache2defcache=1&rs=1&pid=ImgDetMain&o=7&rm=900,https://example.com/games/super-pirate-264,TRUE,NULL,2026-01-21 05:43:13.14+00,2026-01-21 05:43:13.14+00,A masterful Arcade journey where you must become the ultimate Pirate.,0
e28ef55b-0f6b-4313-b3f0-ac54b75229fc,Light Hero,Action,https://tse1.mm.bing.net/th/id/OIP.ZPmbOG0_0WBy3RKEJV9muQHaFR?cb=defcache2defcache=1&rs=1&pid=ImgDetMain&o=7&rm=901,https://example.com/games/light-hero-158,TRUE,NULL,2026-01-21 05:43:13.14+00,2026-01-21 05:43:13.14+00,Join millions of players in this Action classic focused on defend and heros.,0
e31afeea-d2d6-41f2-ae85-462362ae6cec,Furious Pilot,RPG,https://tse1.mm.bing.net/th/id/OIP.ZPmbOG0_0WBy3RKEJV9muQHaFR?cb=defcache2defcache=1&rs=1&pid=ImgDetMain&o=7&rm=902,https://example.com/games/furious-pilot-331,TRUE,NULL,2026-01-21 05:43:13.14+00,2026-01-21 05:43:13.14+00,The ultimate RPG experience awaits you in Furious Pilot.,0
e34aacf7-2001-4893-ad17-206c6f3b1f9b,Tiny Dungeon,Sports,https://tse1.mm.bing.net/th/id/OIP.ZPmbOG0_0WBy3RKEJV9muQHaFR?cb=defcache2defcache=1&rs=1&pid=ImgDetMain&o=7&rm=903,https://example.com/games/tiny-dungeon-444,TRUE,NULL,2026-01-21 05:43:13.14+00,2026-01-21 05:43:13.14+00,Join millions of players in this Sports classic focused on manage and dungeons.,0
e376c931-44da-40e2-af4f-785d1fdae2a8,Furious City,Simulation,https://tse1.mm.bing.net/th/id/OIP.ZPmbOG0_0WBy3RKEJV9muQHaFR?cb=defcache2defcache=1&rs=1&pid=ImgDetMain&o=7&rm=904,https://example.com/games/furious-city-601,TRUE,NULL,2026-01-21 05:43:13.14+00,2026-01-21 05:43:13.14+00,Join millions of players in this Simulation classic focused on manage and citys.,0
e3881acc-6a53-443d-98b7-30f67d7a79b6,Epic Pilot,Racing,https://tse1.mm.bing.net/th/id/OIP.ZPmbOG0_0WBy3RKEJV9muQHaFR?cb=defcache2defcache=1&rs=1&pid=ImgDetMain&o=7&rm=905,https://example.com/games/epic-pilot-896,TRUE,NULL,2026-01-21 05:43:13.14+00,2026-01-21 05:43:13.14+00,Join millions of players in this Racing classic focused on manage and pilots.,0
e3af8746-cdca-4846-b293-5ea53e9d5da8,Mega Racer,Arcade,https://tse1.mm.bing.net/th/id/OIP.ZPmbOG0_0WBy3RKEJV9muQHaFR?cb=defcache2defcache=1&rs=1&pid=ImgDetMain&o=7&rm=906,https://example.com/games/mega-racer-372,TRUE,NULL,2026-01-21 05:43:13.14+00,2026-01-21 05:43:13.14+00,Join millions of players in this Arcade classic focused on survive and racers.,0
e3c8e9e7-bb44-4cda-8208-d1cc9327e884,Cosmic Warrior,Adventure,https://tse1.mm.bing.net/th/id/OIP.ZPmbOG0_0WBy3RKEJV9muQHaFR?cb=defcache2defcache=1&rs=1&pid=ImgDetMain&o=7&rm=907,https://example.com/games/cosmic-warrior-439,TRUE,NULL,2026-01-21 05:43:13.14+00,2026-01-21 05:43:13.14+00,Experience the thrill of Warrior in this top-rated Adventure adventure.,0
e44e5538-0028-4648-969a-4eecad524e23,Tiny City,Racing,https://tse1.mm.bing.net/th/id/OIP.ZPmbOG0_0WBy3RKEJV9muQHaFR?cb=defcache2defcache=1&rs=1&pid=ImgDetMain&o=7&rm=908,https://example.com/games/tiny-city-971,TRUE,NULL,2026-01-21 05:43:13.14+00,2026-01-21 05:43:13.14+00,The ultimate Racing experience awaits you in Tiny City.,0
e4b8693e-497a-4c23-9c15-4b52e284f8d4,Iron City,Adventure,https://tse1.mm.bing.net/th/id/OIP.ZPmbOG0_0WBy3RKEJV9muQHaFR?cb=defcache2defcache=1&rs=1&pid=ImgDetMain&o=7&rm=909,https://example.com/games/iron-city-170,TRUE,NULL,2026-01-21 05:43:13.14+00,2026-01-21 05:43:13.14+00,Experience the thrill of City in this top-rated Adventure adventure.,0
e4e52885-3a30-494c-a64b-bf9abb733b72,Light Ninja,Sports,https://tse1.mm.bing.net/th/id/OIP.ZPmbOG0_0WBy3RKEJV9muQHaFR?cb=defcache2defcache=1&rs=1&pid=ImgDetMain&o=7&rm=910,https://example.com/games/light-ninja-59,TRUE,NULL,2026-01-21 05:43:13.14+00,2026-01-21 05:43:13.14+00,Experience the thrill of Ninja in this top-rated Sports adventure.,0
e5071292-568b-471b-a433-1fc1ff15098e,Crystal Zombie,Simulation,https://tse1.mm.bing.net/th/id/OIP.ZPmbOG0_0WBy3RKEJV9muQHaFR?cb=defcache2defcache=1&rs=1&pid=ImgDetMain&o=7&rm=911,https://example.com/games/crystal-zombie-52,TRUE,NULL,2026-01-21 05:43:13.14+00,2026-01-21 05:43:13.14+00,Experience the thrill of Zombie in this top-rated Simulation adventure.,0
e53d496f-05b8-4aff-9984-9ff5f5ca9cf3,Wild Hero,Puzzle,https://tse1.mm.bing.net/th/id/OIP.ZPmbOG0_0WBy3RKEJV9muQHaFR?cb=defcache2defcache=1&rs=1&pid=ImgDetMain&o=7&rm=912,https://example.com/games/wild-hero-881,TRUE,NULL,2026-01-21 05:43:13.14+00,2026-01-21 05:43:13.14+00,Experience the thrill of Hero in this top-rated Puzzle adventure.,0
e59a62dd-d117-438f-88c0-64397801db49,Furious Empire,Adventure,https://tse1.mm.bing.net/th/id/OIP.ZPmbOG0_0WBy3RKEJV9muQHaFR?cb=defcache2defcache=1&rs=1&pid=ImgDetMain&o=7&rm=913,https://example.com/games/furious-empire-628,TRUE,NULL,2026-01-21 05:43:13.14+00,2026-01-21 05:43:13.14+00,Experience the thrill of Empire in this top-rated Adventure adventure.,0
e670af8f-3a61-43de-9627-ea34d1fd25ba,Super Robot,Puzzle,https://tse1.mm.bing.net/th/id/OIP.ZPmbOG0_0WBy3RKEJV9muQHaFR?cb=defcache2defcache=1&rs=1&pid=ImgDetMain&o=7&rm=914,https://example.com/games/super-robot-904,TRUE,NULL,2026-01-21 05:43:13.14+00,2026-01-21 05:43:13.14+00,A masterful Puzzle journey where you must become the ultimate Robot.,0
e6b27447-17dd-4df0-93c6-73d1ed619b9e,Epic Ninja,Strategy,https://tse1.mm.bing.net/th/id/OIP.ZPmbOG0_0WBy3RKEJV9muQHaFR?cb=defcache2defcache=1&rs=1&pid=ImgDetMain&o=7&rm=915,https://example.com/games/epic-ninja-515,TRUE,NULL,2026-01-21 05:43:13.14+00,2026-01-21 05:43:13.14+00,Experience the thrill of Ninja in this top-rated Strategy adventure.,0
e6c9610c-79f6-4d45-a3f9-ed71d3919af4,Tiny Legend,Adventure,https://tse1.mm.bing.net/th/id/OIP.ZPmbOG0_0WBy3RKEJV9muQHaFR?cb=defcache2defcache=1&rs=1&pid=ImgDetMain&o=7&rm=916,https://example.com/games/tiny-legend-419,TRUE,NULL,2026-01-21 05:43:13.14+00,2026-01-21 05:43:13.14+00,Experience the thrill of Legend in this top-rated Adventure adventure.,0
e6dd47c8-449a-4c06-8c1c-c9ffbf7cd680,Mega Hero,Adventure,https://tse1.mm.bing.net/th/id/OIP.ZPmbOG0_0WBy3RKEJV9muQHaFR?cb=defcache2defcache=1&rs=1&pid=ImgDetMain&o=7&rm=917,https://example.com/games/mega-hero-902,TRUE,NULL,2026-01-21 05:43:13.14+00,2026-01-21 05:43:13.14+00,Experience the thrill of Hero in this top-rated Adventure adventure.,0
e7117e36-ae73-4868-b20d-87eae59353ba,Furious Pirate,Horror,https://tse1.mm.bing.net/th/id/OIP.ZPmbOG0_0WBy3RKEJV9muQHaFR?cb=defcache2defcache=1&rs=1&pid=ImgDetMain&o=7&rm=918,https://example.com/games/furious-pirate-259,TRUE,NULL,2026-01-21 05:43:13.14+00,2026-01-21 05:43:13.14+00,Manage your way to victory in this exciting Horror game featuring the legendary Pirate.,0
e74f4a34-429e-4faf-8213-2e26a701b8f6,Golden Ninja,Adventure,https://tse1.mm.bing.net/th/id/OIP.ZPmbOG0_0WBy3RKEJV9muQHaFR?cb=defcache2defcache=1&rs=1&pid=ImgDetMain&o=7&rm=919,https://example.com/games/golden-ninja-47,TRUE,NULL,2026-01-21 05:43:13.14+00,2026-01-21 05:43:13.14+00,The ultimate Adventure experience awaits you in Golden Ninja.,0
e75732fa-b41a-4793-9116-1ee5c85fdb3a,Cyber Racer,Horror,https://tse1.mm.bing.net/th/id/OIP.ZPmbOG0_0WBy3RKEJV9muQHaFR?cb=defcache2defcache=1&rs=1&pid=ImgDetMain&o=7&rm=920,https://example.com/games/cyber-racer-732,TRUE,NULL,2026-01-21 05:43:13.14+00,2026-01-21 05:43:13.14+00,Experience the thrill of Racer in this top-rated Horror adventure.,0
e773644a-4276-4ca2-8d45-5240cbb40649,Crystal City,Arcade,https://tse1.mm.bing.net/th/id/OIP.ZPmbOG0_0WBy3RKEJV9muQHaFR?cb=defcache2defcache=1&rs=1&pid=ImgDetMain&o=7&rm=921,https://example.com/games/crystal-city-947,TRUE,NULL,2026-01-21 05:43:13.14+00,2026-01-21 05:43:13.14+00,A masterful Arcade journey where you must become the ultimate City.,0
e7989f47-b7b8-48b7-9e18-a046a897187e,Silent Chef,Simulation,https://tse1.mm.bing.net/th/id/OIP.ZPmbOG0_0WBy3RKEJV9muQHaFR?cb=defcache2defcache=1&rs=1&pid=ImgDetMain&o=7&rm=922,https://example.com/games/silent-chef-136,TRUE,NULL,2026-01-21 05:43:13.14+00,2026-01-21 05:43:13.14+00,Join millions of players in this Simulation classic focused on fight and chefs.,0
e7aeaaa5-65d0-46fe-b050-66c39d35b8b3,Wild City,Puzzle,https://tse1.mm.bing.net/th/id/OIP.ZPmbOG0_0WBy3RKEJV9muQHaFR?cb=defcache2defcache=1&rs=1&pid=ImgDetMain&o=7&rm=923,https://example.com/games/wild-city-811,TRUE,NULL,2026-01-21 05:43:13.14+00,2026-01-21 05:43:13.14+00,Defend your way to victory in this exciting Puzzle game featuring the legendary City.,0
e7b77072-d215-4503-9572-20e612c5dad2,Cyber Ninja,Adventure,https://tse1.mm.bing.net/th/id/OIP.ZPmbOG0_0WBy3RKEJV9muQHaFR?cb=defcache2defcache=1&rs=1&pid=ImgDetMain&o=7&rm=924,https://example.com/games/cyber-ninja-230,TRUE,NULL,2026-01-21 05:43:13.14+00,2026-01-21 05:43:13.14+00,A masterful Adventure journey where you must become the ultimate Ninja.,0
e82b336d-b71d-42cf-ab15-29ce764986c9,Crystal Detective,RPG,https://tse1.mm.bing.net/th/id/OIP.ZPmbOG0_0WBy3RKEJV9muQHaFR?cb=defcache2defcache=1&rs=1&pid=ImgDetMain&o=7&rm=925,https://example.com/games/crystal-detective-566,TRUE,NULL,2026-01-21 05:43:13.14+00,2026-01-21 05:43:13.14+00,Join millions of players in this RPG classic focused on explore and detectives.,0
e83406d5-7cad-4ecc-a8ec-7ebc301cb318,Mega Robot,RPG,https://tse1.mm.bing.net/th/id/OIP.ZPmbOG0_0WBy3RKEJV9muQHaFR?cb=defcache2defcache=1&rs=1&pid=ImgDetMain&o=7&rm=926,https://example.com/games/mega-robot-479,TRUE,NULL,2026-01-21 05:43:13.14+00,2026-01-21 05:43:13.14+00,Join millions of players in this RPG classic focused on build and robots.,0
e86e4f1b-78bf-4200-a212-043d2a39c3aa,Iron Empire,Action,https://tse1.mm.bing.net/th/id/OIP.ZPmbOG0_0WBy3RKEJV9muQHaFR?cb=defcache2defcache=1&rs=1&pid=ImgDetMain&o=7&rm=927,https://example.com/games/iron-empire-311,TRUE,NULL,2026-01-21 05:43:13.14+00,2026-01-21 05:43:13.14+00,The ultimate Action experience awaits you in Iron Empire.,0
e8a999bc-6b3f-423d-bd95-77b95b685d8d,Epic Empire,Sports,https://tse1.mm.bing.net/th/id/OIP.ZPmbOG0_0WBy3RKEJV9muQHaFR?cb=defcache2defcache=1&rs=1&pid=ImgDetMain&o=7&rm=928,https://example.com/games/epic-empire-273,TRUE,NULL,2026-01-21 05:43:13.14+00,2026-01-21 05:43:13.14+00,Solve your way to victory in this exciting Sports game featuring the legendary Empire.,0
e9ab94e3-c9fb-4b89-a5b7-f5b7e24f58a6,Furious Pilot,Sports,https://tse1.mm.bing.net/th/id/OIP.ZPmbOG0_0WBy3RKEJV9muQHaFR?cb=defcache2defcache=1&rs=1&pid=ImgDetMain&o=7&rm=929,https://example.com/games/furious-pilot-967,TRUE,NULL,2026-01-21 05:43:13.14+00,2026-01-21 05:43:13.14+00,A masterful Sports journey where you must become the ultimate Pilot.,0
e9adf8ba-78c9-470f-b241-b349de211c59,Furious Farm,Strategy,https://tse1.mm.bing.net/th/id/OIP.ZPmbOG0_0WBy3RKEJV9muQHaFR?cb=defcache2defcache=1&rs=1&pid=ImgDetMain&o=7&rm=930,https://example.com/games/furious-farm-615,TRUE,NULL,2026-01-21 05:43:13.14+00,2026-01-21 05:43:13.14+00,The ultimate Strategy experience awaits you in Furious Farm.,0
e9b9fe98-4f34-4ed6-a81c-b2ac0c834f16,Super Robot,RPG,https://tse1.mm.bing.net/th/id/OIP.ZPmbOG0_0WBy3RKEJV9muQHaFR?cb=defcache2defcache=1&rs=1&pid=ImgDetMain&o=7&rm=931,https://example.com/games/super-robot-975,TRUE,NULL,2026-01-21 05:43:13.14+00,2026-01-21 05:43:13.14+00,The ultimate RPG experience awaits you in Super Robot.,0
ea57b8d3-f51b-4a75-a3c7-fbaaad05de5f,Neon Chef,RPG,https://tse1.mm.bing.net/th/id/OIP.ZPmbOG0_0WBy3RKEJV9muQHaFR?cb=defcache2defcache=1&rs=1&pid=ImgDetMain&o=7&rm=932,https://example.com/games/neon-chef-727,TRUE,NULL,2026-01-21 05:43:13.14+00,2026-01-21 05:43:13.14+00,Join millions of players in this RPG classic focused on conquer and chefs.,0
ea61360d-37b7-4823-95ee-11502098dddf,Light Empire,Puzzle,https://tse1.mm.bing.net/th/id/OIP.ZPmbOG0_0WBy3RKEJV9muQHaFR?cb=defcache2defcache=1&rs=1&pid=ImgDetMain&o=7&rm=933,https://example.com/games/light-empire-159,TRUE,NULL,2026-01-21 05:43:13.14+00,2026-01-21 05:43:13.14+00,The ultimate Puzzle experience awaits you in Light Empire.,0
ec03b02a-bba2-4054-be10-1469c85a61ca,Super Warrior,Racing,https://tse1.mm.bing.net/th/id/OIP.ZPmbOG0_0WBy3RKEJV9muQHaFR?cb=defcache2defcache=1&rs=1&pid=ImgDetMain&o=7&rm=934,https://example.com/games/super-warrior-579,TRUE,NULL,2026-01-21 05:43:13.14+00,2026-01-21 05:43:13.14+00,Build your way to victory in this exciting Racing game featuring the legendary Warrior.,0
ec142cd3-4977-4523-9a91-6191d3da4f94,Wild Racer,Arcade,https://tse1.mm.bing.net/th/id/OIP.ZPmbOG0_0WBy3RKEJV9muQHaFR?cb=defcache2defcache=1&rs=1&pid=ImgDetMain&o=7&rm=935,https://example.com/games/wild-racer-1,TRUE,NULL,2026-01-21 05:43:13.14+00,2026-01-21 12:58:03.807+00,The ultimate Arcade experience awaits you in Wild Racer.,0
ed227d27-5d65-499f-8a70-7829cb0a52b0,Super Ninja,Adventure,https://tse1.mm.bing.net/th/id/OIP.ZPmbOG0_0WBy3RKEJV9muQHaFR?cb=defcache2defcache=1&rs=1&pid=ImgDetMain&o=7&rm=936,https://example.com/games/super-ninja-89,TRUE,NULL,2026-01-21 05:43:13.14+00,2026-01-21 05:43:13.14+00,A masterful Adventure journey where you must become the ultimate Ninja.,0
edd339da-cd65-44bf-9da5-e42993c0b2d1,Cosmic Empire,Puzzle,https://tse1.mm.bing.net/th/id/OIP.ZPmbOG0_0WBy3RKEJV9muQHaFR?cb=defcache2defcache=1&rs=1&pid=ImgDetMain&o=7&rm=937,https://example.com/games/cosmic-empire-805,TRUE,NULL,2026-01-21 05:43:13.14+00,2026-01-21 05:43:13.14+00,Manage your way to victory in this exciting Puzzle game featuring the legendary Empire.,0
ee547a82-d4de-471c-bcfb-d4f9bba1f20e,Crystal Legend,Adventure,https://tse1.mm.bing.net/th/id/OIP.ZPmbOG0_0WBy3RKEJV9muQHaFR?cb=defcache2defcache=1&rs=1&pid=ImgDetMain&o=7&rm=938,https://example.com/games/crystal-legend-724,TRUE,NULL,2026-01-21 05:43:13.14+00,2026-01-21 05:43:13.14+00,Race your way to victory in this exciting Adventure game featuring the legendary Legend.,0
eedfde43-3cfe-4810-9fc9-c23d0adf5862,Wild Dungeon,Horror,https://tse1.mm.bing.net/th/id/OIP.ZPmbOG0_0WBy3RKEJV9muQHaFR?cb=defcache2defcache=1&rs=1&pid=ImgDetMain&o=7&rm=939,https://example.com/games/wild-dungeon-166,TRUE,NULL,2026-01-21 05:43:13.14+00,2026-01-21 05:43:13.14+00,The ultimate Horror experience awaits you in Wild Dungeon.,0
ef66e574-61c5-4338-85b6-f4367b4e18ed,Neon Dungeon,Racing,https://tse1.mm.bing.net/th/id/OIP.ZPmbOG0_0WBy3RKEJV9muQHaFR?cb=defcache2defcache=1&rs=1&pid=ImgDetMain&o=7&rm=940,https://example.com/games/neon-dungeon-358,TRUE,NULL,2026-01-21 05:43:13.14+00,2026-01-21 05:43:13.14+00,Experience the thrill of Dungeon in this top-rated Racing adventure.,0
ef7e9a33-b4af-4b92-a3e9-cb3d7f47312b,Cyber Empire,Puzzle,https://tse1.mm.bing.net/th/id/OIP.ZPmbOG0_0WBy3RKEJV9muQHaFR?cb=defcache2defcache=1&rs=1&pid=ImgDetMain&o=7&rm=941,https://example.com/games/cyber-empire-668,TRUE,NULL,2026-01-21 05:43:13.14+00,2026-01-21 05:43:13.14+00,A masterful Puzzle journey where you must become the ultimate Empire.,0
efb3d1c9-483d-4c27-b85f-988e0070602e,Mega Pilot,Arcade,https://tse1.mm.bing.net/th/id/OIP.ZPmbOG0_0WBy3RKEJV9muQHaFR?cb=defcache2defcache=1&rs=1&pid=ImgDetMain&o=7&rm=942,https://example.com/games/mega-pilot-945,TRUE,NULL,2026-01-21 05:43:13.14+00,2026-01-21 05:43:13.14+00,Experience the thrill of Pilot in this top-rated Arcade adventure.,0
f047d30b-9d8e-49f4-8eb4-c8d798c56ddf,Iron Racer,Arcade,https://tse1.mm.bing.net/th/id/OIP.ZPmbOG0_0WBy3RKEJV9muQHaFR?cb=defcache2defcache=1&rs=1&pid=ImgDetMain&o=7&rm=943,https://example.com/games/iron-racer-751,TRUE,NULL,2026-01-21 05:43:13.14+00,2026-01-21 05:43:13.14+00,A masterful Arcade journey where you must become the ultimate Racer.,0
f0cb3cc7-2e6d-4c23-aaad-8f80a6c32f84,Silent Hero,Action,https://tse1.mm.bing.net/th/id/OIP.ZPmbOG0_0WBy3RKEJV9muQHaFR?cb=defcache2defcache=1&rs=1&pid=ImgDetMain&o=7&rm=944,https://example.com/games/silent-hero-532,TRUE,NULL,2026-01-21 05:43:13.14+00,2026-01-21 05:43:13.14+00,Race your way to victory in this exciting Action game featuring the legendary Hero.,0
f0da82fb-81d8-4630-b979-0cd13e6e31ac,Super Dungeon,Horror,https://tse1.mm.bing.net/th/id/OIP.ZPmbOG0_0WBy3RKEJV9muQHaFR?cb=defcache2defcache=1&rs=1&pid=ImgDetMain&o=7&rm=945,https://example.com/games/super-dungeon-188,TRUE,NULL,2026-01-21 05:43:13.14+00,2026-01-21 05:43:13.14+00,The ultimate Horror experience awaits you in Super Dungeon.,0
f0f72a1e-97a6-4960-a632-3873209ce4e2,Cyber Legend,Action,https://tse1.mm.bing.net/th/id/OIP.ZPmbOG0_0WBy3RKEJV9muQHaFR?cb=defcache2defcache=1&rs=1&pid=ImgDetMain&o=7&rm=946,https://example.com/games/cyber-legend-213,TRUE,NULL,2026-01-21 05:43:13.14+00,2026-01-21 05:43:13.14+00,A masterful Action journey where you must become the ultimate Legend.,0
f108e551-599a-446b-aa6c-527df714354f,Super Chef,Racing,https://tse1.mm.bing.net/th/id/OIP.ZPmbOG0_0WBy3RKEJV9muQHaFR?cb=defcache2defcache=1&rs=1&pid=ImgDetMain&o=7&rm=947,https://example.com/games/super-chef-616,TRUE,NULL,2026-01-21 05:43:13.14+00,2026-01-21 05:43:13.14+00,The ultimate Racing experience awaits you in Super Chef.,0
f117964f-3ae5-44e3-89ef-905122f65216,resident evil 5,Survival_horror,https://tse1.mm.bing.net/th/id/OIP.ZPmbOG0_0WBy3RKEJV9muQHaFR?cb=defcache2defcache=1&rs=1&pid=ImgDetMain&o=7&rm=948,https://example.com/games/crystal-pirate-11,TRUE,NULL,2026-01-21 05:43:13.14+00,2026-01-21 10:27:00.224+00,Survival_horror,0
f18c08b8-294e-4e5e-95de-f4a449b719c4,Cyber Dungeon,Simulation,https://tse1.mm.bing.net/th/id/OIP.ZPmbOG0_0WBy3RKEJV9muQHaFR?cb=defcache2defcache=1&rs=1&pid=ImgDetMain&o=7&rm=949,https://example.com/games/cyber-dungeon-442,TRUE,NULL,2026-01-21 05:43:13.14+00,2026-01-21 05:43:13.14+00,Conquer your way to victory in this exciting Simulation game featuring the legendary Dungeon.,0
f2380336-dd35-4cc1-90de-3b3074d645a6,Mega Robot,Simulation,https://tse1.mm.bing.net/th/id/OIP.ZPmbOG0_0WBy3RKEJV9muQHaFR?cb=defcache2defcache=1&rs=1&pid=ImgDetMain&o=7&rm=950,https://example.com/games/mega-robot-290,TRUE,NULL,2026-01-21 05:43:13.14+00,2026-01-21 05:43:13.14+00,Join millions of players in this Simulation classic focused on fight and robots.,0
f26d6434-f2ea-4fb4-8379-ea4607a7ba5a,Golden Legend,RPG,https://tse1.mm.bing.net/th/id/OIP.ZPmbOG0_0WBy3RKEJV9muQHaFR?cb=defcache2defcache=1&rs=1&pid=ImgDetMain&o=7&rm=951,https://example.com/games/golden-legend-778,TRUE,NULL,2026-01-21 05:43:13.14+00,2026-01-21 05:43:13.14+00,A masterful RPG journey where you must become the ultimate Legend.,0
f28ac89c-010f-43f0-a469-4e84ea263c10,Cosmic Chef,Sports,https://tse1.mm.bing.net/th/id/OIP.ZPmbOG0_0WBy3RKEJV9muQHaFR?cb=defcache2defcache=1&rs=1&pid=ImgDetMain&o=7&rm=952,https://example.com/games/cosmic-chef-292,TRUE,NULL,2026-01-21 05:43:13.14+00,2026-01-21 05:43:13.14+00,The ultimate Sports experience awaits you in Cosmic Chef.,0
f2b84fd0-ae54-4b2f-9955-be3325432be3,Tiny City,Strategy,https://tse1.mm.bing.net/th/id/OIP.ZPmbOG0_0WBy3RKEJV9muQHaFR?cb=defcache2defcache=1&rs=1&pid=ImgDetMain&o=7&rm=953,https://example.com/games/tiny-city-92,TRUE,NULL,2026-01-21 05:43:13.14+00,2026-01-21 13:38:17.655+00,Join millions of players in this Strategy classic focused on solve and citys.,0
f2dc8bcb-c10d-4ead-b0fd-6a9224e0c6c2,Epic Hero,Strategy,https://tse1.mm.bing.net/th/id/OIP.ZPmbOG0_0WBy3RKEJV9muQHaFR?cb=defcache2defcache=1&rs=1&pid=ImgDetMain&o=7&rm=954,https://example.com/games/epic-hero-455,TRUE,NULL,2026-01-21 05:43:13.14+00,2026-01-21 05:43:13.14+00,Defend your way to victory in this exciting Strategy game featuring the legendary Hero.,0
f3748514-f7c0-4d89-ae5b-97cbd03f1bba,Iron Detective,Horror,https://tse1.mm.bing.net/th/id/OIP.ZPmbOG0_0WBy3RKEJV9muQHaFR?cb=defcache2defcache=1&rs=1&pid=ImgDetMain&o=7&rm=955,https://example.com/games/iron-detective-717,TRUE,NULL,2026-01-21 05:43:13.14+00,2026-01-21 05:43:13.14+00,Join millions of players in this Horror classic focused on race and detectives.,0
f380e214-ff78-4be1-a3f2-037a4742961b,Cyber Empire,Sports,https://tse1.mm.bing.net/th/id/OIP.ZPmbOG0_0WBy3RKEJV9muQHaFR?cb=defcache2defcache=1&rs=1&pid=ImgDetMain&o=7&rm=956,https://example.com/games/cyber-empire-545,TRUE,NULL,2026-01-21 05:43:13.14+00,2026-01-21 05:43:13.14+00,The ultimate Sports experience awaits you in Cyber Empire.,0
f396eb15-39b9-465c-aeac-ef7fa3cc5f99,Tiny Chef,Strategy,https://tse1.mm.bing.net/th/id/OIP.ZPmbOG0_0WBy3RKEJV9muQHaFR?cb=defcache2defcache=1&rs=1&pid=ImgDetMain&o=7&rm=957,https://example.com/games/tiny-chef-460,TRUE,NULL,2026-01-21 05:43:13.14+00,2026-01-21 05:43:13.14+00,A masterful Strategy journey where you must become the ultimate Chef.,0
f3cc7157-c91f-48a4-a489-ad0355926562,Furious Ninja,Strategy,https://tse1.mm.bing.net/th/id/OIP.ZPmbOG0_0WBy3RKEJV9muQHaFR?cb=defcache2defcache=1&rs=1&pid=ImgDetMain&o=7&rm=958,https://example.com/games/furious-ninja-335,TRUE,NULL,2026-01-21 05:43:13.14+00,2026-01-21 05:43:13.14+00,A masterful Strategy journey where you must become the ultimate Ninja.,0
f3df00a6-c912-4d17-a390-1b4cf8a2fc54,Furious Legend,Simulation,https://tse1.mm.bing.net/th/id/OIP.ZPmbOG0_0WBy3RKEJV9muQHaFR?cb=defcache2defcache=1&rs=1&pid=ImgDetMain&o=7&rm=959,https://example.com/games/furious-legend-288,TRUE,NULL,2026-01-21 05:43:13.14+00,2026-01-21 05:43:13.14+00,Solve your way to victory in this exciting Simulation game featuring the legendary Legend.,0
f43771cf-13c4-4f8c-b515-abcdc84fe0b8,Wild Dungeon,Racing,https://tse1.mm.bing.net/th/id/OIP.ZPmbOG0_0WBy3RKEJV9muQHaFR?cb=defcache2defcache=1&rs=1&pid=ImgDetMain&o=7&rm=960,https://example.com/games/wild-dungeon-813,TRUE,NULL,2026-01-21 05:43:13.14+00,2026-01-21 05:43:13.14+00,Experience the thrill of Dungeon in this top-rated Racing adventure.,0
f45537fa-1318-4783-8ba9-ff16003764f9,Light Warrior,Sports,https://tse1.mm.bing.net/th/id/OIP.ZPmbOG0_0WBy3RKEJV9muQHaFR?cb=defcache2defcache=1&rs=1&pid=ImgDetMain&o=7&rm=961,https://example.com/games/light-warrior-169,TRUE,NULL,2026-01-21 05:43:13.14+00,2026-01-21 05:43:13.14+00,A masterful Sports journey where you must become the ultimate Warrior.,0
f46a3f34-0e3e-4319-b38f-7b695491c364,Super Chef,Arcade,https://tse1.mm.bing.net/th/id/OIP.ZPmbOG0_0WBy3RKEJV9muQHaFR?cb=defcache2defcache=1&rs=1&pid=ImgDetMain&o=7&rm=962,https://example.com/games/super-chef-117,TRUE,NULL,2026-01-21 05:43:13.14+00,2026-01-21 05:43:13.14+00,A masterful Arcade journey where you must become the ultimate Chef.,0
f495dcd9-92fe-4338-a49f-e980088ca5f4,Furious Racer,Simulation,https://tse1.mm.bing.net/th/id/OIP.ZPmbOG0_0WBy3RKEJV9muQHaFR?cb=defcache2defcache=1&rs=1&pid=ImgDetMain&o=7&rm=963,https://example.com/games/furious-racer-721,TRUE,NULL,2026-01-21 05:43:13.14+00,2026-01-21 05:43:13.14+00,Conquer your way to victory in this exciting Simulation game featuring the legendary Racer.,0
f4b0fec0-3531-400c-86e7-28fcc3d8ccbb,Wild Robot,Arcade,https://tse1.mm.bing.net/th/id/OIP.ZPmbOG0_0WBy3RKEJV9muQHaFR?cb=defcache2defcache=1&rs=1&pid=ImgDetMain&o=7&rm=964,https://example.com/games/wild-robot-957,TRUE,NULL,2026-01-21 05:43:13.14+00,2026-01-21 05:43:13.14+00,Join millions of players in this Arcade classic focused on manage and robots.,0
f4e10107-46c1-4bdf-b702-b081fcec31a5,Iron Warrior,RPG,https://tse1.mm.bing.net/th/id/OIP.ZPmbOG0_0WBy3RKEJV9muQHaFR?cb=defcache2defcache=1&rs=1&pid=ImgDetMain&o=7&rm=965,https://example.com/games/iron-warrior-765,TRUE,NULL,2026-01-21 05:43:13.14+00,2026-01-21 05:43:13.14+00,The ultimate RPG experience awaits you in Iron Warrior.,0
f5066436-79bd-46fa-a14c-178338e235a6,Golden Dungeon,Action,https://tse1.mm.bing.net/th/id/OIP.ZPmbOG0_0WBy3RKEJV9muQHaFR?cb=defcache2defcache=1&rs=1&pid=ImgDetMain&o=7&rm=966,https://example.com/games/golden-dungeon-864,TRUE,NULL,2026-01-21 05:43:13.14+00,2026-01-21 05:43:13.14+00,The ultimate Action experience awaits you in Golden Dungeon.,0
f50752b4-99e7-4b69-9f47-1cb7279445f3,Wild Pilot,Action,https://tse1.mm.bing.net/th/id/OIP.ZPmbOG0_0WBy3RKEJV9muQHaFR?cb=defcache2defcache=1&rs=1&pid=ImgDetMain&o=7&rm=967,https://example.com/games/wild-pilot-48,TRUE,NULL,2026-01-21 05:43:13.14+00,2026-01-21 05:43:13.14+00,Conquer your way to victory in this exciting Action game featuring the legendary Pilot.,0
f680370a-9991-4cec-8fdf-37cafc8940e7,Neon Warrior,Horror,https://tse1.mm.bing.net/th/id/OIP.ZPmbOG0_0WBy3RKEJV9muQHaFR?cb=defcache2defcache=1&rs=1&pid=ImgDetMain&o=7&rm=968,https://example.com/games/neon-warrior-614,TRUE,NULL,2026-01-21 05:43:13.14+00,2026-01-21 05:43:13.14+00,Join millions of players in this Horror classic focused on conquer and warriors.,0
f6972072-275a-42ce-8e8c-b80fc68f7fd9,Dark Zombie,Racing,https://tse1.mm.bing.net/th/id/OIP.ZPmbOG0_0WBy3RKEJV9muQHaFR?cb=defcache2defcache=1&rs=1&pid=ImgDetMain&o=7&rm=969,https://example.com/games/dark-zombie-131,TRUE,NULL,2026-01-21 05:43:13.14+00,2026-01-21 05:43:13.14+00,Explore your way to victory in this exciting Racing game featuring the legendary Zombie.,0
f6a854ff-f131-49e6-95fa-eb8e6b8e7cf6,Golden Pilot,Adventure,https://tse1.mm.bing.net/th/id/OIP.ZPmbOG0_0WBy3RKEJV9muQHaFR?cb=defcache2defcache=1&rs=1&pid=ImgDetMain&o=7&rm=970,https://example.com/games/golden-pilot-58,TRUE,NULL,2026-01-21 05:43:13.14+00,2026-01-21 05:43:13.14+00,Race your way to victory in this exciting Adventure game featuring the legendary Pilot.,0
f73bbe4e-72a6-48e8-ba54-50f4baf1efae,Crystal Warrior,Racing,https://tse1.mm.bing.net/th/id/OIP.ZPmbOG0_0WBy3RKEJV9muQHaFR?cb=defcache2defcache=1&rs=1&pid=ImgDetMain&o=7&rm=971,https://example.com/games/crystal-warrior-692,TRUE,NULL,2026-01-21 05:43:13.14+00,2026-01-21 05:43:13.14+00,A masterful Racing journey where you must become the ultimate Warrior.,0
f7477a60-4eac-488a-b584-72ed5660065e,Neon Farm,Horror,https://tse1.mm.bing.net/th/id/OIP.ZPmbOG0_0WBy3RKEJV9muQHaFR?cb=defcache2defcache=1&rs=1&pid=ImgDetMain&o=7&rm=972,https://example.com/games/neon-farm-643,TRUE,NULL,2026-01-21 05:43:13.14+00,2026-01-21 05:43:13.14+00,Experience the thrill of Farm in this top-rated Horror adventure.,0
f7b3ee09-e8d1-4cb6-b7d4-6a7b410eb259,Super Hero,Racing,https://tse1.mm.bing.net/th/id/OIP.ZPmbOG0_0WBy3RKEJV9muQHaFR?cb=defcache2defcache=1&rs=1&pid=ImgDetMain&o=7&rm=973,https://example.com/games/super-hero-128,TRUE,NULL,2026-01-21 05:43:13.14+00,2026-01-21 05:43:13.14+00,The ultimate Racing experience awaits you in Super Hero.,0
f8361865-367f-4e37-ab46-c8045eaa3339,Cyber Hero,Adventure,https://tse1.mm.bing.net/th/id/OIP.ZPmbOG0_0WBy3RKEJV9muQHaFR?cb=defcache2defcache=1&rs=1&pid=ImgDetMain&o=7&rm=974,https://example.com/games/cyber-hero-113,TRUE,NULL,2026-01-21 05:43:13.14+00,2026-01-21 05:43:13.14+00,Join millions of players in this Adventure classic focused on manage and heros.,0
f88e5018-f95f-48b3-9d51-7007380b5ba3,Epic City,Adventure,https://tse1.mm.bing.net/th/id/OIP.ZPmbOG0_0WBy3RKEJV9muQHaFR?cb=defcache2defcache=1&rs=1&pid=ImgDetMain&o=7&rm=975,https://example.com/games/epic-city-438,TRUE,NULL,2026-01-21 05:43:13.14+00,2026-01-21 05:43:13.14+00,Join millions of players in this Adventure classic focused on fight and citys.,0
f90c75c8-4991-44a0-97f8-7a246b772000,Mega Farm,Arcade,https://tse1.mm.bing.net/th/id/OIP.ZPmbOG0_0WBy3RKEJV9muQHaFR?cb=defcache2defcache=1&rs=1&pid=ImgDetMain&o=7&rm=976,https://example.com/games/mega-farm-819,TRUE,NULL,2026-01-21 05:43:13.14+00,2026-01-21 05:43:13.14+00,Build your way to victory in this exciting Arcade game featuring the legendary Farm.,0
f9b2b44f-213b-4360-929f-5ca43568965e,Golden City,Sports,https://tse1.mm.bing.net/th/id/OIP.ZPmbOG0_0WBy3RKEJV9muQHaFR?cb=defcache2defcache=1&rs=1&pid=ImgDetMain&o=7&rm=977,https://example.com/games/golden-city-291,TRUE,NULL,2026-01-21 05:43:13.14+00,2026-01-21 05:43:13.14+00,A masterful Sports journey where you must become the ultimate City.,0
fa367d81-b59c-48d2-bfa6-fa87dc3a807f,Cyber Zombie,Sports,https://tse1.mm.bing.net/th/id/OIP.ZPmbOG0_0WBy3RKEJV9muQHaFR?cb=defcache2defcache=1&rs=1&pid=ImgDetMain&o=7&rm=978,https://example.com/games/cyber-zombie-344,TRUE,NULL,2026-01-21 05:43:13.14+00,2026-01-21 05:43:13.14+00,The ultimate Sports experience awaits you in Cyber Zombie.,0
fa794013-bd20-46d4-a7f7-dbae9c4c7cc0,Super Dungeon,Strategy,https://tse1.mm.bing.net/th/id/OIP.ZPmbOG0_0WBy3RKEJV9muQHaFR?cb=defcache2defcache=1&rs=1&pid=ImgDetMain&o=7&rm=979,https://example.com/games/super-dungeon-64,TRUE,NULL,2026-01-21 05:43:13.14+00,2026-01-21 13:38:23.607+00,The ultimate Strategy experience awaits you in Super Dungeon.,0
fa8ad982-d65f-491a-9080-59eba4aee9fa,Golden Legend,RPG,https://tse1.mm.bing.net/th/id/OIP.ZPmbOG0_0WBy3RKEJV9muQHaFR?cb=defcache2defcache=1&rs=1&pid=ImgDetMain&o=7&rm=980,https://example.com/games/golden-legend-380,TRUE,NULL,2026-01-21 05:43:13.14+00,2026-01-21 05:43:13.14+00,Join millions of players in this RPG classic focused on solve and legends.,0
fa8ffd7f-01bb-4a5c-a64c-caca94cbd1aa,Silent Detective,Puzzle,https://tse1.mm.bing.net/th/id/OIP.ZPmbOG0_0WBy3RKEJV9muQHaFR?cb=defcache2defcache=1&rs=1&pid=ImgDetMain&o=7&rm=981,https://example.com/games/silent-detective-274,TRUE,NULL,2026-01-21 05:43:13.14+00,2026-01-21 05:43:13.14+00,Experience the thrill of Detective in this top-rated Puzzle adventure.,0
fad6dec1-6fb0-4e41-b497-062e227d0eba,Crystal Dungeon,Racing,https://tse1.mm.bing.net/th/id/OIP.ZPmbOG0_0WBy3RKEJV9muQHaFR?cb=defcache2defcache=1&rs=1&pid=ImgDetMain&o=7&rm=982,https://example.com/games/crystal-dungeon-502,TRUE,NULL,2026-01-21 05:43:13.14+00,2026-01-21 05:43:13.14+00,Build your way to victory in this exciting Racing game featuring the legendary Dungeon.,0
fb69afe2-cec1-4502-85ca-3c28d8bec5af,Epic Farm,Strategy,https://tse1.mm.bing.net/th/id/OIP.ZPmbOG0_0WBy3RKEJV9muQHaFR?cb=defcache2defcache=1&rs=1&pid=ImgDetMain&o=7&rm=983,https://example.com/games/epic-farm-707,TRUE,NULL,2026-01-21 05:43:13.14+00,2026-01-21 05:43:13.14+00,Join millions of players in this Strategy classic focused on solve and farms.,0
fc020a1c-9648-4017-9b45-0dbbaf8c29ec,Wild Legend,Simulation,https://tse1.mm.bing.net/th/id/OIP.ZPmbOG0_0WBy3RKEJV9muQHaFR?cb=defcache2defcache=1&rs=1&pid=ImgDetMain&o=7&rm=984,https://example.com/games/wild-legend-630,TRUE,NULL,2026-01-21 05:43:13.14+00,2026-01-21 05:43:13.14+00,Join millions of players in this Simulation classic focused on race and legends.,0
fc259119-2f7b-4a2f-8c26-e272394c43b0,Light Chef,Action,https://tse1.mm.bing.net/th/id/OIP.ZPmbOG0_0WBy3RKEJV9muQHaFR?cb=defcache2defcache=1&rs=1&pid=ImgDetMain&o=7&rm=985,https://example.com/games/light-chef-10,TRUE,NULL,2026-01-21 05:43:13.14+00,2026-01-21 12:58:09.783+00,Experience the thrill of Chef in this top-rated Action adventure.,0
fc3b9bd7-b666-4f4c-acba-6074f68e6e32,Mega Hero,Arcade,https://tse1.mm.bing.net/th/id/OIP.ZPmbOG0_0WBy3RKEJV9muQHaFR?cb=defcache2defcache=1&rs=1&pid=ImgDetMain&o=7&rm=986,https://example.com/games/mega-hero-514,TRUE,NULL,2026-01-21 05:43:13.14+00,2026-01-21 05:43:13.14+00,Build your way to victory in this exciting Arcade game featuring the legendary Hero.,0
fc45c192-2e94-4f46-8de9-b43880dd25df,Cyber Dungeon,Racing,https://tse1.mm.bing.net/th/id/OIP.ZPmbOG0_0WBy3RKEJV9muQHaFR?cb=defcache2defcache=1&rs=1&pid=ImgDetMain&o=7&rm=987,https://example.com/games/cyber-dungeon-856,TRUE,NULL,2026-01-21 05:43:13.14+00,2026-01-21 05:43:13.14+00,A masterful Racing journey where you must become the ultimate Dungeon.,0
fc6b8c6c-a7ac-47f1-a0e6-13fa05f86d54,Neon Racer,Simulation,https://tse1.mm.bing.net/th/id/OIP.ZPmbOG0_0WBy3RKEJV9muQHaFR?cb=defcache2defcache=1&rs=1&pid=ImgDetMain&o=7&rm=988,https://example.com/games/neon-racer-373,TRUE,NULL,2026-01-21 05:43:13.14+00,2026-01-21 05:43:13.14+00,Experience the thrill of Racer in this top-rated Simulation adventure.,0
fc6eba21-5557-4869-b78f-b6d71a0abc41,Dark Farm,Strategy,https://tse1.mm.bing.net/th/id/OIP.ZPmbOG0_0WBy3RKEJV9muQHaFR?cb=defcache2defcache=1&rs=1&pid=ImgDetMain&o=7&rm=989,https://example.com/games/dark-farm-663,TRUE,NULL,2026-01-21 05:43:13.14+00,2026-01-21 05:43:13.14+00,A masterful Strategy journey where you must become the ultimate Farm.,0
fca96ef5-884c-440d-acbf-764154ed68c7,Epic Empire,Action,https://tse1.mm.bing.net/th/id/OIP.ZPmbOG0_0WBy3RKEJV9muQHaFR?cb=defcache2defcache=1&rs=1&pid=ImgDetMain&o=7&rm=990,https://example.com/games/epic-empire-165,TRUE,NULL,2026-01-21 05:43:13.14+00,2026-01-21 05:43:13.14+00,Experience the thrill of Empire in this top-rated Action adventure.,0
fd420a3a-19d5-4c6a-b574-24cf0f464148,Tiny City,Horror,https://tse1.mm.bing.net/th/id/OIP.ZPmbOG0_0WBy3RKEJV9muQHaFR?cb=defcache2defcache=1&rs=1&pid=ImgDetMain&o=7&rm=991,https://example.com/games/tiny-city-209,TRUE,NULL,2026-01-21 05:43:13.14+00,2026-01-21 05:43:13.14+00,Defend your way to victory in this exciting Horror game featuring the legendary City.,0
fd4a9637-c256-4bfd-a1a4-8264e43104e2,Mega Pirate,Adventure,https://tse1.mm.bing.net/th/id/OIP.ZPmbOG0_0WBy3RKEJV9muQHaFR?cb=defcache2defcache=1&rs=1&pid=ImgDetMain&o=7&rm=992,https://example.com/games/mega-pirate-964,TRUE,NULL,2026-01-21 05:43:13.14+00,2026-01-21 05:43:13.14+00,The ultimate Adventure experience awaits you in Mega Pirate.,0
fded5acb-b2a6-479c-bb9e-ab478cd854a8,Epic Detective,Puzzle,https://tse1.mm.bing.net/th/id/OIP.ZPmbOG0_0WBy3RKEJV9muQHaFR?cb=defcache2defcache=1&rs=1&pid=ImgDetMain&o=7&rm=993,https://example.com/games/epic-detective-817,TRUE,NULL,2026-01-21 05:43:13.14+00,2026-01-21 05:43:13.14+00,Experience the thrill of Detective in this top-rated Puzzle adventure.,0
fe0f970c-3d4d-446c-8921-627de1354b6a,Medieval Warrior,Sports,https://tse1.mm.bing.net/th/id/OIP.ZPmbOG0_0WBy3RKEJV9muQHaFR?cb=defcache2defcache=1&rs=1&pid=ImgDetMain&o=7&rm=994,https://example.com/games/medieval-warrior-845,TRUE,NULL,2026-01-21 05:43:13.14+00,2026-01-21 05:43:13.14+00,The ultimate Sports experience awaits you in Medieval Warrior.,0
fe18e31f-0a82-40d5-8ebc-31916b55c68e,Light Farm,Adventure,https://tse1.mm.bing.net/th/id/OIP.ZPmbOG0_0WBy3RKEJV9muQHaFR?cb=defcache2defcache=1&rs=1&pid=ImgDetMain&o=7&rm=995,https://example.com/games/light-farm-544,TRUE,NULL,2026-01-21 05:43:13.14+00,2026-01-21 05:43:13.14+00,Experience the thrill of Farm in this top-rated Adventure adventure.,0
fe4f403c-190c-49c4-87b9-8d91c02711dc,Mega Hero,Racing,https://tse1.mm.bing.net/th/id/OIP.ZPmbOG0_0WBy3RKEJV9muQHaFR?cb=defcache2defcache=1&rs=1&pid=ImgDetMain&o=7&rm=996,https://example.com/games/mega-hero-149,TRUE,NULL,2026-01-21 05:43:13.14+00,2026-01-21 05:43:13.14+00,A masterful Racing journey where you must become the ultimate Hero.,0
fe79018d-45fd-4d71-81e1-45cd630e5b33,Iron City,Horror,https://tse1.mm.bing.net/th/id/OIP.ZPmbOG0_0WBy3RKEJV9muQHaFR?cb=defcache2defcache=1&rs=1&pid=ImgDetMain&o=7&rm=997,https://example.com/games/iron-city-639,TRUE,NULL,2026-01-21 05:43:13.14+00,2026-01-21 05:43:13.14+00,Experience the thrill of City in this top-rated Horror adventure.,0
fe8a9926-4986-42dc-9c38-4874824f4d32,Iron Robot,Puzzle,https://tse1.mm.bing.net/th/id/OIP.ZPmbOG0_0WBy3RKEJV9muQHaFR?cb=defcache2defcache=1&rs=1&pid=ImgDetMain&o=7&rm=998,https://example.com/games/iron-robot-920,TRUE,NULL,2026-01-21 05:43:13.14+00,2026-01-21 05:43:13.14+00,The ultimate Puzzle experience awaits you in Iron Robot.,0
ff1a7bf1-3d0d-447c-a572-c805ad144ff6,Iron Farm,Strategy,https://tse1.mm.bing.net/th/id/OIP.ZPmbOG0_0WBy3RKEJV9muQHaFR?cb=defcache2defcache=1&rs=1&pid=ImgDetMain&o=7&rm=999,https://example.com/games/iron-farm-245,TRUE,NULL,2026-01-21 05:43:13.14+00,2026-01-21 05:43:13.14+00,Build your way to victory in this exciting Strategy game featuring the legendary Farm.,0
ff429a72-2194-432b-aea0-e9350060982e,Furious Builder,Action,https://tse1.mm.bing.net/th/id/OIP.ZPmbOG0_0WBy3RKEJV9muQHaFR?cb=defcache2defcache=1&rs=1&pid=ImgDetMain&o=7&rm=1000,https://example.com/games/furious-builder-792,TRUE,NULL,2026-01-21 05:43:13.14+00,2026-01-21 05:43:13.14+00,The ultimate Action experience awaits you in Furious Builder.,0
ff8d9a3e-f834-47f9-bf3f-9b4f7c0e599d,Furious Racer,Arcade,https://tse1.mm.bing.net/th/id/OIP.ZPmbOG0_0WBy3RKEJV9muQHaFR?cb=defcache2defcache=1&rs=1&pid=ImgDetMain&o=7&rm=1001,https://example.com/games/furious-racer-575,TRUE,NULL,2026-01-21 05:43:13.14+00,2026-01-21 05:43:13.14+00,A masterful Arcade journey where you must become the ultimate Racer.,0
ffd16691-0cc1-464e-a407-189ed00ca47f,Epic Racer,Simulation,https://tse1.mm.bing.net/th/id/OIP.ZPmbOG0_0WBy3RKEJV9muQHaFR?cb=defcache2defcache=1&rs=1&pid=ImgDetMain&o=7&rm=1002,https://example.com/games/epic-racer-310,TRUE,NULL,2026-01-21 05:43:13.14+00,2026-01-21 05:43:13.14+00,Join millions of players in this Simulation classic focused on race and racers.,0
